1789385787,46239903,kinect1_rgb_optical_frame,0.6445172092275537,-0.33416834311431526,-0.687698397169689
1789385787,154751471,kinect1_rgb_optical_frame,0.6163821378687881,-0.29260068355923946,-0.7310662761316296
1789385787,261533217,kinect1_rgb_optical_frame,0.6045386418653428,-0.29381702670000287,-0.7404083908984127
1789385787,369050633,kinect1_rgb_optical_frame,0.6089940448204827,-0.2695842094615136,-0.7459561698801068
1789385787,473399782,kinect1_rgb_optical_frame,0.5280882208962233,-0.3327624502670277,-0.7812758684632116
1789385787,580810569,kinect1_rgb_optical_frame,0.5660596139432637,-0.28635026089407567,-0.7730330145267396
1789385787,689187625,kinect1_rgb_optical_frame,0.6115980126182555,-0.3201849649021862,-0.7234842494567426
1789385787,798638553,kinect1_rgb_optical_frame,0.7918678366622895,-0.11188660428411441,-0.600355492222363
1789385787,905578530,kinect1_rgb_optical_frame,0.7894141540862752,-0.13006417916544014,-0.5999238306870888
1789385788,8623741,kinect1_rgb_optical_frame,0.784133027189985,-0.13379693339940288,-0.6059981652470461
1789385788,118946810,kinect1_rgb_optical_frame,0.7863516901883846,-0.10565219387225942,-0.6086777745801545
1789385788,226282666,kinect1_rgb_optical_frame,0.7473948406988761,0.02019892719369182,-0.6640730045988359
1789385788,338753689,kinect1_rgb_optical_frame,0.5225624646756454,0.16696841289870729,-0.8360921119148307
1789385788,445862041,kinect1_rgb_optical_frame,0.286472388925233,0.14724027823459745,-0.9467068558159217
1789385788,552992130,kinect1_rgb_optical_frame,0.6103578239690859,0.14211643458839035,-0.7792728955504653
1789385788,660535255,kinect1_rgb_optical_frame,0.7516228710312922,-0.14379926724210304,-0.6437272951206215
1789385788,768859972,kinect1_rgb_optical_frame,0.6803240831428562,-0.22152241296305777,-0.6986322082833403
1789385788,880785491,kinect1_rgb_optical_frame,0.7141875371889469,-0.24657490118187617,-0.6550854752100176
1789385788,991103017,kinect1_rgb_optical_frame,0.7458000403935037,-0.22264389537396365,-0.627863038888065
1789385789,98085492,kinect1_rgb_optical_frame,0.7204731371086217,-0.2378504999704894,-0.6514181440278201
1789385789,206981443,kinect1_rgb_optical_frame,0.6502964553839948,-0.2074722523225895,-0.7308007831353247
1789385789,318608992,kinect1_rgb_optical_frame,0.6022236774935812,-0.2872192517288299,-0.7448702864945266
1789385789,427866403,kinect1_rgb_optical_frame,0.6249865717957249,-0.23823492708269245,-0.7433948510670029
1789385789,537549063,kinect1_rgb_optical_frame,0.6374991015356416,-0.26380482484592505,-0.7238797620663675
1789385789,644939696,kinect1_rgb_optical_frame,0.6005336638544632,-0.32254743877622327,-0.7316573435129543
1789385789,773904177,kinect1_rgb_optical_frame,0.5886700805601497,-0.30448200754663524,-0.7488379286158506
1789385789,886485541,kinect1_rgb_optical_frame,0.632722156171543,-0.3204960794828492,-0.7049432148235465
1789385789,996524242,kinect1_rgb_optical_frame,0.6367174435600925,-0.3119517335000904,-0.7051787099966852
1789385790,105691179,kinect1_rgb_optical_frame,0.6436404946737911,-0.3269455745473103,-0.6919779656174079
1789385790,213058066,kinect1_rgb_optical_frame,0.5975720058497441,-0.28775200096609793,-0.7484026214309516
1789385790,319991980,kinect1_rgb_optical_frame,0.5666657445282913,-0.316585337226997,-0.760699453286951
1789385790,427497114,kinect1_rgb_optical_frame,0.5645532341019611,-0.3121298867837601,-0.7641037754398112
1789385790,533950526,kinect1_rgb_optical_frame,0.5524996010073616,-0.28702923992604973,-0.7825333260086631
1789385790,639867395,kinect1_rgb_optical_frame,0.560291239857283,-0.3478205477246539,-0.7517277386924808
1789385790,747953947,kinect1_rgb_optical_frame,0.49760964163002225,-0.3032684329618579,-0.8126579244218934
1789385790,854322607,kinect1_rgb_optical_frame,0.443607331064049,-0.37350103891443254,-0.8146836869338129
1789385790,960822772,kinect1_rgb_optical_frame,0.4765902310819348,-0.3245968332576785,-0.8170059041869617
1789385791,70409481,kinect1_rgb_optical_frame,0.3724034263460025,-0.1852346595009971,-0.9093974977782308
1789385791,178680617,kinect1_rgb_optical_frame,0.3632529203354522,-0.22409489487630552,-0.9043388711971544
1789385791,288780370,kinect1_rgb_optical_frame,0.35412958621463064,-0.17057816299402018,-0.9195081981565146
1789385791,399615427,kinect1_rgb_optical_frame,0.3684697949136443,-0.14893800863737675,-0.9176314509755154
1789385791,506464274,kinect1_rgb_optical_frame,0.373244034144615,-0.11490401990379864,-0.9205900049345533
1789385791,615665300,kinect1_rgb_optical_frame,0.3987540961457454,-0.09721186677940921,-0.9118909056264637
1789385791,724306506,kinect1_rgb_optical_frame,0.4216218483393576,-0.08390761234894945,-0.9028812378119296
1789385791,837365032,kinect1_rgb_optical_frame,0.48930535951948134,0.0023367588562431484,-0.87210939950419
1789385791,946467627,kinect1_rgb_optical_frame,0.4321941648510021,-0.05462180896715986,-0.9001248034877719
1789385792,54909535,kinect1_rgb_optical_frame,0.4755937359362664,-0.0779297357516876,-0.8762063424923705
1789385792,162407632,kinect1_rgb_optical_frame,0.8420643957568014,0.21185393151112347,-0.4960297018344902
1789385792,268983564,kinect1_rgb_optical_frame,0.4574073620851013,-0.06276184255190233,-0.8870397151367234
1789385792,375105344,kinect1_rgb_optical_frame,0.4326657128817552,-0.07384973925443868,-0.898524677963034
1789385792,481069446,kinect1_rgb_optical_frame,0.42253954105592273,-0.10168365583134291,-0.9006224349754025
1789385792,593415851,kinect1_rgb_optical_frame,0.44920905939649536,-0.12414512062651063,-0.8847594079639646
1789385792,703199083,kinect1_rgb_optical_frame,0.3401183337460445,-0.13662878753077584,-0.9304042634616871
1789385792,810927796,kinect1_rgb_optical_frame,0.309103385765773,-0.12723557684400663,-0.9424787556721418
1789385792,918044766,kinect1_rgb_optical_frame,0.5244536867745142,-0.13116654847930642,-0.8412750245839025
1789385793,26035460,kinect1_rgb_optical_frame,0.6922568966572401,-0.10901608883655836,-0.7133693863667453
1789385793,133692161,kinect1_rgb_optical_frame,0.6954511295428616,-0.10241170562284567,-0.7112380536564236
1789385793,238923649,kinect1_rgb_optical_frame,0.6822015937327102,-0.09421786315003952,-0.7250682586984419
1789385793,345116663,kinect1_rgb_optical_frame,0.6665051716735687,-0.13315184508239997,-0.7335130825578637
1789385793,450930652,kinect1_rgb_optical_frame,0.6256124911197639,-0.17401580779826903,-0.7604784741143166
1789385793,557718231,kinect1_rgb_optical_frame,0.6513737894232001,-0.06855670227468741,-0.7556534688768923
1789385793,666467130,kinect1_rgb_optical_frame,0.8496035289006102,0.08224085033990595,-0.5209705233648055
1789385793,781722754,kinect1_rgb_optical_frame,0.8091625436561862,-0.044187164663951534,-0.585921046236446
1789385793,892254053,kinect1_rgb_optical_frame,0.7886797704356414,-0.08427837639421565,-0.6090003078635832
1789385793,999892790,kinect1_rgb_optical_frame,0.6652664019145674,-0.12267931990588127,-0.7364580089530398
1789385794,106563518,kinect1_rgb_optical_frame,0.6386409531539265,-0.1067243751056786,-0.7620680026827965
1789385794,211724447,kinect1_rgb_optical_frame,0.7185428821630975,-0.010902337808141366,-0.6953971998240045
1789385794,320154066,kinect1_rgb_optical_frame,0.7868429764326343,0.1782096054458592,-0.5908633234221465
1789385794,427156275,kinect1_rgb_optical_frame,0.7659360735311456,0.17130444394989647,-0.6196746878376657
1789385794,534547101,kinect1_rgb_optical_frame,0.7450735130512145,0.1757456248092847,-0.6434119485290244
1789385794,640943770,kinect1_rgb_optical_frame,0.6040687454533026,0.17949432489631578,-0.7764552389523102
1789385794,748263851,kinect1_rgb_optical_frame,0.7627241319278686,0.17933134198667286,-0.6213631533621369
1789385794,854740888,kinect1_rgb_optical_frame,0.7551053703115059,0.18529490163324144,-0.6288733411072941
1789385794,962204281,kinect1_rgb_optical_frame,0.7986730278433447,0.10420706954295109,-0.5926738405335724
1789385795,69091588,kinect1_rgb_optical_frame,0.6935999681442951,-0.07550855536101073,-0.7163920311236901
1789385795,176501639,kinect1_rgb_optical_frame,0.5982172899466947,-0.15201884717296707,-0.7867822723683054
1789385795,282343523,kinect1_rgb_optical_frame,0.6670566554634575,-0.09870894826618386,-0.7384388681089926
1789385795,390995742,kinect1_rgb_optical_frame,0.637059035408416,-0.13692303570146347,-0.7585564367262295
1789385795,499380992,kinect1_rgb_optical_frame,0.6181220464014306,-0.10689591380544035,-0.7787800712423294
1789385795,605715743,kinect1_rgb_optical_frame,0.6213947637845301,-0.13014730052028112,-0.7726125987249056
1789385795,715378618,kinect1_rgb_optical_frame,0.641456287575755,0.18592721159855652,-0.7442881855281032
1789385795,820632350,kinect1_rgb_optical_frame,0.6105774483106214,0.15483386165345714,-0.7766734544839089
1789385795,928835139,kinect1_rgb_optical_frame,0.5736414210460615,0.16202514402192764,-0.8029217725064683
1789385796,35151729,kinect1_rgb_optical_frame,0.5696183101347221,0.14952231223747034,-0.8081943200137106
1789385796,143647995,kinect1_rgb_optical_frame,0.7478878446598723,0.21710402763815523,-0.627319386750722
1789385796,250514582,kinect1_rgb_optical_frame,0.7479342252033391,0.2033022410006609,-0.631872292139472
1789385796,358772987,kinect1_rgb_optical_frame,0.7566986562477387,0.22378930805171315,-0.6142682551089567
1789385796,466210911,kinect1_rgb_optical_frame,0.6592459596917538,-0.02381577530378713,-0.7515501137494279
1789385796,572868710,kinect1_rgb_optical_frame,0.6428336486615476,-0.060674009435637576,-0.7635990863846592
1789385796,682910162,kinect1_rgb_optical_frame,0.638813689565359,-0.1259647577719135,-0.7589795450625506
1789385796,795323623,kinect1_rgb_optical_frame,0.6328408111303119,-0.1564172349033364,-0.7583179784187657
1789385796,900431905,kinect1_rgb_optical_frame,0.6375789821491484,-0.14532255037467195,-0.7565542927472271
1789385797,8780047,kinect1_rgb_optical_frame,0.6643813073459202,-0.0755370690232066,-0.7435668293117368
1789385797,115707421,kinect1_rgb_optical_frame,0.7243189182239679,-0.15347981335968655,-0.6721651966547636
1789385797,266974045,kinect1_rgb_optical_frame,0.4784404946824515,-0.11503809958304823,-0.8705520826994395
1789385797,375160214,kinect1_rgb_optical_frame,0.38508110966843934,-0.10497144120442654,-0.9168934155658384
1789385797,482675528,kinect1_rgb_optical_frame,0.39068461010422156,-0.1173101467000122,-0.9130190933977964
1789385797,590910700,kinect1_rgb_optical_frame,0.3220118970390836,-0.06817344911440058,-0.944277882300087
1789385797,699091672,kinect1_rgb_optical_frame,0.3095700614569039,-0.1006551177387424,-0.9455342005039102
1789385797,806096878,kinect1_rgb_optical_frame,0.29897327642107907,-0.09339922815872873,-0.9496797166231354
1789385797,914613391,kinect1_rgb_optical_frame,0.2649886621517718,-0.14403002804744505,-0.9534339830065144
1789385798,22106943,kinect1_rgb_optical_frame,0.2869753994780028,-0.13454153068204236,-0.9484427745605813
1789385798,129005240,kinect1_rgb_optical_frame,0.35738497001021574,-0.0827222033503519,-0.9302865259067554
1789385798,234195803,kinect1_rgb_optical_frame,0.3322499359305793,-0.11847696851158325,-0.9357206784112614
1789385798,339379621,kinect1_rgb_optical_frame,0.5914160940151306,0.18416025896231544,-0.7850554138140945
1789385798,443553303,kinect1_rgb_optical_frame,0.35424901949603355,-0.0724013157199116,-0.9323441862682068
1789385798,574079903,kinect1_rgb_optical_frame,0.3017073212502302,-0.0072978292062103114,-0.9533726627048247
1789385798,682933832,kinect1_rgb_optical_frame,0.26552809331131216,0.2059346267334844,-0.9418523032697853
1789385798,790196163,kinect1_rgb_optical_frame,0.2324413991160529,0.1778451388597464,-0.9562123731477905
1789385798,897913160,kinect1_rgb_optical_frame,0.5985894311930747,0.14840266568352836,-0.787189520815651
1789385799,2929033,kinect1_rgb_optical_frame,0.5976438623806087,-0.338378830079158,-0.7268573320212492
1789385799,111895406,kinect1_rgb_optical_frame,0.6450414776587864,-0.26812059694206486,-0.7155646983992434
1789385799,217399505,kinect1_rgb_optical_frame,0.5800058486401817,-0.3168601591495747,-0.7504617612422961
1789385799,321893945,kinect1_rgb_optical_frame,0.7487407377746473,0.12623550878334414,-0.6507318218120943
1789385799,425273920,kinect1_rgb_optical_frame,0.5472141442924751,0.17400358449940218,-0.8187059501845664
1789385799,531856468,kinect1_rgb_optical_frame,0.46068873794720944,0.15859947790108636,-0.8732766413560541
1789385799,640078017,kinect1_rgb_optical_frame,0.44341865581943773,0.17178307959314892,-0.8796990787972765
1789385799,747352274,kinect1_rgb_optical_frame,0.5345663110835258,0.1843370367652924,-0.8247779797807059
1789385799,852382540,kinect1_rgb_optical_frame,0.7459226211028418,-0.10274930409245467,-0.6580592859580227
1789385799,962195869,kinect1_rgb_optical_frame,0.6108771249502085,-0.29684359066292654,-0.7339707220965345
1789385800,66681017,kinect1_rgb_optical_frame,0.6224493378825915,-0.2532033566465709,-0.7405706461590502
1789385800,174263465,kinect1_rgb_optical_frame,0.6056795753030019,-0.2681935798421372,-0.7491491545695254
1789385800,284079223,kinect1_rgb_optical_frame,0.5816222097044791,-0.3046271480261233,-0.7542664687389659
1789385800,395866634,kinect1_rgb_optical_frame,0.5723107055910912,-0.302207607425097,-0.7623194988193769
1789385800,503923655,kinect1_rgb_optical_frame,0.49415644838441797,-0.21982130232322514,-0.8411230585146382
1789385800,610241235,kinect1_rgb_optical_frame,0.35804692776199754,-0.12543617794761822,-0.9252395164399803
1789385800,718255908,kinect1_rgb_optical_frame,0.3497661348634247,-0.15487484606755292,-0.9239466613166869
1789385800,826387057,kinect1_rgb_optical_frame,0.3219231247199641,-0.19330578208626223,-0.9268216529530118
1789385800,934394399,kinect1_rgb_optical_frame,0.33740025295381837,-0.14104255746545347,-0.9307352288864452
1789385801,38746085,kinect1_rgb_optical_frame,0.3410153482455187,-0.18018309971287738,-0.9226280847876065
1789385801,145871800,kinect1_rgb_optical_frame,0.35980907208180024,-0.1410337651473563,-0.9223052145228251
1789385801,252778586,kinect1_rgb_optical_frame,0.32264747304050895,-0.15054084343917337,-0.934471006825357
1789385801,357224676,kinect1_rgb_optical_frame,0.3467415477362995,-0.16250414580686692,-0.9237763266446138
1789385801,460904916,kinect1_rgb_optical_frame,0.34385163566120425,-0.13750523769935366,-0.9289016967679404
1789385801,565818128,kinect1_rgb_optical_frame,0.3600655778084329,-0.12241477701609313,-0.924860747380696
1789385801,668222738,kinect1_rgb_optical_frame,0.3739272966776935,-0.12582442653171852,-0.9188833388887168
1789385801,770752573,kinect1_rgb_optical_frame,0.3968196524765571,0.029303758485559675,-0.917428718292056
1789385801,873609705,kinect1_rgb_optical_frame,0.31982718850087977,0.014892763292967726,-0.9473588417791446
1789385801,978800862,kinect1_rgb_optical_frame,0.31541392787824224,-0.07134797202877403,-0.9462682077444007
1789385802,87115130,kinect1_rgb_optical_frame,0.2172017536304971,-0.06880090567693714,-0.9736990467274116
1789385802,194103559,kinect1_rgb_optical_frame,0.27282847577669406,-0.11296011914171886,-0.9554080982956208
1789385802,301711853,kinect1_rgb_optical_frame,0.2697905273995162,-0.10977085025832901,-0.956641746820122
1789385802,411966890,kinect1_rgb_optical_frame,0.17088038384898072,-0.12686831338878135,-0.977089722325187
1789385802,520272675,kinect1_rgb_optical_frame,0.17632958422290407,-0.106333578596476,-0.9785709211859123
1789385802,626887045,kinect1_rgb_optical_frame,0.038634577850369785,-0.1217367278834116,-0.9918102330983302
1789385802,732052200,kinect1_rgb_optical_frame,0.07064337565657056,-0.10752408153268912,-0.9916895105658808
1789385802,839055249,kinect1_rgb_optical_frame,0.04050224910783261,-0.12755366658308775,-0.9910043541571437
1789385802,950739736,kinect1_rgb_optical_frame,0.07845625891827332,-0.11811113899954373,-0.9898961431790607
1789385803,55819018,kinect1_rgb_optical_frame,-0.04052338068951443,-0.13275256853910775,-0.9903204588231843
1789385803,163234549,kinect1_rgb_optical_frame,-0.05170968111412724,-0.11483246449082932,-0.9920381111520049
1789385803,271821939,kinect1_rgb_optical_frame,0.3368763368538311,-0.11270323497105747,-0.9347792865136684
1789385803,376598610,kinect1_rgb_optical_frame,0.2991372600698546,-0.11149422387982467,-0.9476739616974479
1789385803,481137195,kinect1_rgb_optical_frame,0.3838813977490209,0.1443245098678529,-0.9120337210397772
1789385803,586975061,kinect1_rgb_optical_frame,0.3579729898460277,0.17406706318811663,-0.9173636116904572
1789385803,694018150,kinect1_rgb_optical_frame,0.6231764884378672,0.18385833155040537,-0.7601625998283196
1789385803,803900364,kinect1_rgb_optical_frame,0.21357925991776755,-0.08924426623474488,-0.9728408712000133
1789385803,911699745,kinect1_rgb_optical_frame,0.12011124481559808,-0.08356230282689113,-0.9892373984110763
1789385804,23732733,kinect1_rgb_optical_frame,-0.01204267225053463,-0.10230592945508303,-0.9946800846721512
1789385804,134520960,kinect1_rgb_optical_frame,0.4296392130114416,-0.05691567166464116,-0.9012051669635899
1789385804,235548734,kinect1_rgb_optical_frame,0.3736668985904669,-0.06813322032783543,-0.9250572485989937
1789385804,340445829,kinect1_rgb_optical_frame,0.39206567178389323,-0.05144635527261115,-0.9184975675187218
1789385804,448037675,kinect1_rgb_optical_frame,0.3826655301592659,-0.08180015571351826,-0.9202585650528726
1789385804,553501182,kinect1_rgb_optical_frame,0.410024216400188,-0.08531568144859014,-0.9080756446818594
1789385804,665183245,kinect1_rgb_optical_frame,0.4050727523142278,-0.10445528703845469,-0.9082979457987838
1789385804,771778166,kinect1_rgb_optical_frame,0.40591264210397593,-0.07709394836185605,-0.9106544076136397
1789385804,881410622,kinect1_rgb_optical_frame,0.36511458254628804,-0.06118672786427739,-0.9289496896739419
1789385804,987826448,kinect1_rgb_optical_frame,0.7097366171058328,0.19876786677709055,-0.675844116254668
1789385805,95561102,kinect1_rgb_optical_frame,0.35231142020593165,-0.05383658715322989,-0.9343330696685054
1789385805,201219816,kinect1_rgb_optical_frame,0.3751307730373171,-0.07424429385054784,-0.9239938787411194
1789385805,306130255,kinect1_rgb_optical_frame,0.5637584916089602,-0.3157858790451358,-0.7631878155044673
1789385805,408239810,kinect1_rgb_optical_frame,0.548413352956143,-0.29377871158615926,-0.782902843856233
1789385805,512455972,kinect1_rgb_optical_frame,0.5934831571887947,-0.21538835716221735,-0.7754905529612734
1789385805,619115019,kinect1_rgb_optical_frame,0.8000709486357277,0.02602555640619012,-0.5993405939554529
1789385805,731377885,kinect1_rgb_optical_frame,0.8759406682953567,0.1624387754993204,-0.4542483790180934
1789385805,839187746,kinect1_rgb_optical_frame,0.8939204255454459,0.11380958937203885,-0.4335362155110191
1789385805,947003892,kinect1_rgb_optical_frame,0.48356215051524015,0.16850828094185466,-0.8589369044598663
1789385806,54809813,kinect1_rgb_optical_frame,0.4665832403091654,0.16985957220730044,-0.868013712790387
1789385806,161282317,kinect1_rgb_optical_frame,0.41517733988179506,0.1974895853078044,-0.8880459673595889
1789385806,270777840,kinect1_rgb_optical_frame,0.4102085987768393,0.18864318297754146,-0.8922682640359031
1789385806,377284627,kinect1_rgb_optical_frame,0.4747759851956364,0.14182262480291158,-0.8686046897038523
1789385806,487668956,kinect1_rgb_optical_frame,0.2683172016254332,0.12593482321438368,-0.9550635055397408
1789385806,595507827,kinect1_rgb_optical_frame,0.6293450769205483,0.20126825454885025,-0.750610327577984
1789385806,702667727,kinect1_rgb_optical_frame,0.9335515843821945,0.14818785316654143,-0.32637677532475556
1789385806,812021374,kinect1_rgb_optical_frame,0.9224488483597394,0.046124319173726974,-0.3833544956571536
1789385806,918727516,kinect1_rgb_optical_frame,0.9284461014513343,0.10128338680580005,-0.3573926583702658
1789385807,29838750,kinect1_rgb_optical_frame,0.92023841318635,0.08005789398310538,-0.3830822320432762
1789385807,134879557,kinect1_rgb_optical_frame,0.9396620528304499,0.022280596362672926,-0.3413777987745958
1789385807,242248081,kinect1_rgb_optical_frame,0.8754802000515782,0.07668719213548147,-0.4771304788839468
1789385807,356585918,kinect1_rgb_optical_frame,0.7060778006413623,-0.056899753260717216,-0.7058445703696574
1789385807,464977562,kinect1_rgb_optical_frame,0.5287567698296692,-0.3301272855413326,-0.7819413364827349
1789385807,573461000,kinect1_rgb_optical_frame,0.5187963796790941,-0.37547422016043597,-0.7680295739271878
1789385807,681920318,kinect1_rgb_optical_frame,0.4982822010052443,-0.3613262551151278,-0.7881358928039294
1789385807,796687106,kinect1_rgb_optical_frame,0.5880994469530444,-0.29615571622820286,-0.7526159925479151
1789385807,904736339,kinect1_rgb_optical_frame,0.5647572821666659,-0.3477821558134851,-0.7483961413165128
1789385808,9969071,kinect1_rgb_optical_frame,0.5129991695623141,0.022677787003460424,-0.8580894883431459
1789385808,120329965,kinect1_rgb_optical_frame,0.417721570450985,0.12755433165802088,-0.8995768905742513
1789385808,231610173,kinect1_rgb_optical_frame,0.567854421115358,0.15284834665944588,-0.8088131671425828
1789385808,336639448,kinect1_rgb_optical_frame,0.8217555816708375,-0.014525722215528005,-0.5696549546760223
1789385808,438341309,kinect1_rgb_optical_frame,0.6038884631089791,-0.25180013798025375,-0.756250893974348
1789385808,543677983,kinect1_rgb_optical_frame,0.5871573991297302,-0.3056811555944641,-0.7495366700580057
1789385808,650655346,kinect1_rgb_optical_frame,0.5548352884278166,-0.30599625213470166,-0.7736433909720537
1789385808,757004502,kinect1_rgb_optical_frame,0.598993268757693,-0.3247957812159309,-0.7319253817755654
1789385808,860226958,kinect1_rgb_optical_frame,0.7275868618335721,-0.26713566557980495,-0.631866991274595
1789385808,965755420,kinect1_rgb_optical_frame,0.85185415374835,-0.061535538815652886,-0.5201517838134844
1789385809,70825875,kinect1_rgb_optical_frame,0.8914401252015915,-0.008313662526561752,-0.45306223214473024
1789385809,177448829,kinect1_rgb_optical_frame,0.8932653764670883,0.004945362317832804,-0.44950251456099377
1789385809,282617080,kinect1_rgb_optical_frame,0.8937630049956446,0.007259036923252537,-0.44848076579057694
1789385809,391368841,kinect1_rgb_optical_frame,0.9060960682638277,0.0030629810480330725,-0.4230609095909621
1789385809,499795265,kinect1_rgb_optical_frame,0.9036940556733052,0.04096114620849675,-0.4262150140973677
1789385809,605586919,kinect1_rgb_optical_frame,0.9085633804138507,0.027694658700154817,-0.41682800967597966
1789385809,712683608,kinect1_rgb_optical_frame,0.9055392348983886,0.018774386081297174,-0.4238469257726326
1789385809,819237791,kinect1_rgb_optical_frame,0.9045025901926412,0.02755335277974599,-0.42557711062203263
1789385809,922757665,kinect1_rgb_optical_frame,0.9127513152198102,0.011740295580217207,-0.4083469138174009
1789385810,30306058,kinect1_rgb_optical_frame,0.9159245345970952,0.013174167633503615,-0.4011342521279613
1789385810,136130025,kinect1_rgb_optical_frame,0.9192884470629157,0.019791283137285343,-0.3930865759707812
1789385810,245398511,kinect1_rgb_optical_frame,0.9114079595902667,0.041370536111978544,-0.4094191128138921
1789385810,357046055,kinect1_rgb_optical_frame,0.9086373236515795,0.01954787134175046,-0.41712839125777723
1789385810,463996611,kinect1_rgb_optical_frame,0.9088250155948521,0.03025837633431047,-0.4160787445792301
1789385810,572137587,kinect1_rgb_optical_frame,0.9324305414688892,0.07247547717066219,-0.3540064837611297
1789385810,680136003,kinect1_rgb_optical_frame,0.9279694123068724,0.04472875895044631,-0.3699623061145431
1789385810,787733962,kinect1_rgb_optical_frame,0.9156397289238802,0.04609421735082905,-0.39934848183387117
1789385810,895428892,kinect1_rgb_optical_frame,0.9248115980956148,0.048901768129602445,-0.3772693005024843
1789385811,2749829,kinect1_rgb_optical_frame,0.9177001265074828,0.04811904241490243,-0.39434887544561714
1789385811,110559796,kinect1_rgb_optical_frame,0.924646908677304,0.0549334675042387,-0.3768426839165996
1789385811,218246435,kinect1_rgb_optical_frame,0.9290977113139587,0.04077251738420212,-0.3675799840270398
1789385811,326602122,kinect1_rgb_optical_frame,0.912874427131171,0.0650096854426659,-0.4030310423386544
1789385811,431408454,kinect1_rgb_optical_frame,0.9095117730232056,0.0448013590620001,-0.4132567881576572
1789385811,534535478,kinect1_rgb_optical_frame,0.9064644280880367,0.05605000201619506,-0.41854586114906583
1789385811,640940064,kinect1_rgb_optical_frame,0.9153815578231927,0.04926226159501909,-0.39956205172629783
1789385811,750698394,kinect1_rgb_optical_frame,0.9176527843540002,0.0636032508153861,-0.39226010994372834
1789385811,858116771,kinect1_rgb_optical_frame,0.9197881296549044,0.055555548484544345,-0.3884628393791537
1789385811,964944917,kinect1_rgb_optical_frame,0.9108999190835738,0.03356208571954621,-0.411260165607724
1789385812,68875499,kinect1_rgb_optical_frame,0.9170678521711404,0.043572235265717886,-0.39634330425549064
1789385812,171909317,kinect1_rgb_optical_frame,0.913086098100082,0.0007438919752203766,-0.4077661389584679
1789385812,279165310,kinect1_rgb_optical_frame,0.9224906641388244,0.0051951733482228,-0.3859844358916465
1789385812,387500053,kinect1_rgb_optical_frame,0.9082982990495667,0.03468140475864735,-0.4168829573245119
1789385812,493454061,kinect1_rgb_optical_frame,0.8472882628574582,0.015452924714554879,-0.5309084730363204
1789385812,603489013,kinect1_rgb_optical_frame,0.6728875316029727,-0.2638162659770758,-0.6911029934960283
1789385812,708699540,kinect1_rgb_optical_frame,0.664080836889319,-0.29076544387652015,-0.6888048335513276
1789385812,818581163,kinect1_rgb_optical_frame,0.5618941463673358,-0.3299156158552228,-0.7585714565503979
1789385812,925206523,kinect1_rgb_optical_frame,0.5676088730273259,-0.3195554875296844,-0.7587519078396542
1789385813,37329820,kinect1_rgb_optical_frame,0.5906504610403782,-0.2978220547927277,-0.7499560364126862
1789385813,144629833,kinect1_rgb_optical_frame,0.5915428416287103,-0.2726052200986062,-0.758790788355276
1789385813,249893421,kinect1_rgb_optical_frame,0.36905928401007,-0.13784555679385518,-0.9191266764479022
1789385813,358022519,kinect1_rgb_optical_frame,0.3786448851035529,-0.17198409917593266,-0.9094226303625615
1789385813,464288906,kinect1_rgb_optical_frame,0.4148520716456008,-0.1253511134162732,-0.9012129920372065
1789385813,571624752,kinect1_rgb_optical_frame,0.38637946760731234,-0.10604678253371791,-0.9162232189405245
1789385813,679302182,kinect1_rgb_optical_frame,0.2552793044660834,-0.14710596265084883,-0.9556109629257504
1789385813,785503503,kinect1_rgb_optical_frame,0.1676378824778483,-0.19523112472845464,-0.9663241424571808
1789385813,892784930,kinect1_rgb_optical_frame,0.23693279497645997,-0.1578872018017648,-0.958610704181761
1789385813,999907594,kinect1_rgb_optical_frame,0.9163163926143717,0.1401257805302803,-0.3751386866972861
1789385814,104391118,kinect1_rgb_optical_frame,0.7028380401084092,-0.22726585562746268,-0.6740689284060553
1789385814,212406877,kinect1_rgb_optical_frame,0.6173182071120378,-0.2746685161856668,-0.7372078657911508
1789385814,317782021,kinect1_rgb_optical_frame,0.780037538545112,-0.23072943232264886,-0.5816402389110911
1789385814,422426173,kinect1_rgb_optical_frame,0.8164475946387743,-0.1535359727705409,-0.5566327606905325
1789385814,528415913,kinect1_rgb_optical_frame,0.7901657290900032,-0.18346174535230045,-0.5847904826208713
1789385814,634575021,kinect1_rgb_optical_frame,0.8008882785653757,-0.21328877689497697,-0.5595407607201051
1789385814,738602231,kinect1_rgb_optical_frame,0.8010089578494487,-0.20380724559910585,-0.5628918689111133
1789385814,844568920,kinect1_rgb_optical_frame,0.8226785487476586,-0.16641571839679264,-0.5436044647544074
1789385814,951507076,kinect1_rgb_optical_frame,0.5641585854019366,-0.25440948389435053,-0.7854940515509307
1789385815,57370507,kinect1_rgb_optical_frame,0.3138010302623226,-0.19624178352823166,-0.9289876618147109
1789385815,163958130,kinect1_rgb_optical_frame,0.27830944396206947,-0.11065905833445996,-0.9540956064305371
1789385815,272470908,kinect1_rgb_optical_frame,0.27222470891122774,-0.09453978983882536,-0.9575781618204481
1789385815,378213004,kinect1_rgb_optical_frame,0.23280410566637733,-0.14401706648434479,-0.9618010880354223
1789385815,484802130,kinect1_rgb_optical_frame,0.2468256491277543,-0.13519368677762214,-0.9595831209374918
1789385815,591995864,kinect1_rgb_optical_frame,0.2765063122247384,-0.07355554328546764,-0.95819300840272
1789385815,698490266,kinect1_rgb_optical_frame,0.30597193448911,-0.073739488963221,-0.9491805218568462
1789385815,805378623,kinect1_rgb_optical_frame,0.2113826418794524,-0.09615324932986116,-0.9726622904972583
1789385815,913208055,kinect1_rgb_optical_frame,0.15415321433672946,-0.10242338599192201,-0.9827238862018183
1789385816,20466582,kinect1_rgb_optical_frame,0.19211873597373283,-0.1156081442285833,-0.9745384283217765
1789385816,128221947,kinect1_rgb_optical_frame,0.20736624475498408,-0.13994880235920837,-0.9682012049437034
1789385816,237389583,kinect1_rgb_optical_frame,0.29419731483247946,-0.11636963435732611,-0.948633779782747
1789385816,342836398,kinect1_rgb_optical_frame,0.3052901928202979,-0.13514066778003866,-0.9426212909115255
1789385816,447452478,kinect1_rgb_optical_frame,0.3170568148826035,-0.1438327854803991,-0.937436454357013
1789385816,556166365,kinect1_rgb_optical_frame,0.3536283280863025,-0.12470961088110213,-0.9270353383387122
1789385816,661373995,kinect1_rgb_optical_frame,0.3190188471251591,-0.12766143753257353,-0.9391110331297633
1789385816,775042568,kinect1_rgb_optical_frame,0.19972194158573978,-0.13455241297948078,-0.9705703448027977
1789385816,885756810,kinect1_rgb_optical_frame,0.23531113270825837,-0.16957256876254864,-0.9570129647746822
1789385816,991662246,kinect1_rgb_optical_frame,0.1765156359736025,-0.0857313258966962,-0.980557173252447
1789385817,100908683,kinect1_rgb_optical_frame,0.2744383046437235,-0.018483889936782034,-0.961427044947813
1789385817,210395425,kinect1_rgb_optical_frame,0.2813756544386992,-0.07104733114191328,-0.9569639584784816
1789385817,316088593,kinect1_rgb_optical_frame,0.2802442467883931,-0.10454463426036496,-0.9542188331768414
1789385817,425488766,kinect1_rgb_optical_frame,0.24441167457709922,-0.11558718563652064,-0.9627577763108677
1789385817,532431884,kinect1_rgb_optical_frame,0.28437239700081696,-0.09023603341034828,-0.9544578555904794
1789385817,640768589,kinect1_rgb_optical_frame,0.2749781885025343,-0.1193850065962349,-0.954009547147135
1789385817,749116565,kinect1_rgb_optical_frame,0.30570494246794944,-0.11220250388919288,-0.9454919810721102
1789385817,857062754,kinect1_rgb_optical_frame,0.28658931696024226,-0.11188541967631352,-0.9514978803277058
1789385817,965066812,kinect1_rgb_optical_frame,0.3805008695128666,-0.09768668653714792,-0.9196066548113631
1789385818,74909449,kinect1_rgb_optical_frame,0.2745363374861742,-0.07827236634206794,-0.958385744920536
1789385818,183721373,kinect1_rgb_optical_frame,0.326278734468912,-0.024348449040077116,-0.9449599676508567
1789385818,289663186,kinect1_rgb_optical_frame,0.2676580994518845,-0.05499486419370483,-0.9619431930785316
1789385818,403840362,kinect1_rgb_optical_frame,0.32119117934729885,-0.05280919280682521,-0.9455408058167468
1789385818,516312172,kinect1_rgb_optical_frame,0.39053278392923674,-0.06454400587229084,-0.9183235900173957
1789385818,622346761,kinect1_rgb_optical_frame,0.7117492746419479,-0.2026851180621886,-0.6725561039517653
1789385818,729715680,kinect1_rgb_optical_frame,0.7414355873813628,-0.18113126825742437,-0.6461151084937655
1789385818,842132539,kinect1_rgb_optical_frame,0.7966663126171861,-0.16443111600698498,-0.5816228970988275
1789385818,948767805,kinect1_rgb_optical_frame,0.8052643905719734,-0.15969465641531203,-0.5710051470776282
1789385819,55257822,kinect1_rgb_optical_frame,0.7929536501708514,-0.17851062092853356,-0.582544819646036
1789385819,161755887,kinect1_rgb_optical_frame,0.8183783792899687,-0.16624569888564822,-0.5501083492483517
1789385819,268448102,kinect1_rgb_optical_frame,0.7866857787257135,-0.1922159390199384,-0.586667297825097
1789385819,376865872,kinect1_rgb_optical_frame,0.7994164935901517,-0.15852245718145133,-0.5794858931373411
1789385819,489058181,kinect1_rgb_optical_frame,0.8016018023856082,-0.17814019210458415,-0.570701868201854
1789385819,595721184,kinect1_rgb_optical_frame,0.79856921436895,-0.1712687986263134,-0.5770218440226136
1789385819,701177772,kinect1_rgb_optical_frame,0.2418356035667622,-0.10935210076270882,-0.9641357056484747
1789385819,804542512,kinect1_rgb_optical_frame,0.25834757018914667,-0.10200083818622116,-0.9606520504254765
1789385819,913685589,kinect1_rgb_optical_frame,0.2843537800917963,-0.07110025998368774,-0.9560793276594565
1789385820,21697567,kinect1_rgb_optical_frame,0.2873558810131357,-0.1017864592098935,-0.9524001860398167
1789385820,127924531,kinect1_rgb_optical_frame,0.3178134689850282,-0.0850614860792389,-0.9443299966207226
1789385820,239908023,kinect1_rgb_optical_frame,0.2991199953256556,-0.07040604543763539,-0.9516145318153845
1789385820,347027004,kinect1_rgb_optical_frame,0.30091258451564984,-0.07911707814417317,-0.9503641956776575
1789385820,449560991,kinect1_rgb_optical_frame,0.2786128716181193,-0.0746662230330355,-0.9574966438096201
1789385820,556342437,kinect1_rgb_optical_frame,0.32728046204110967,-0.02719763151800469,-0.9445357526351074
1789385820,663074654,kinect1_rgb_optical_frame,0.46015929305806874,0.06204398395370945,-0.8856658337473848
1789385820,773278975,kinect1_rgb_optical_frame,0.38660692195975854,-0.04186856295092446,-0.9212937161021049
1789385820,885934406,kinect1_rgb_optical_frame,0.34170737836005965,-0.06346683862790715,-0.9376609344367901
1789385821,755163,kinect1_rgb_optical_frame,0.34014993944481514,-0.05973960178912905,-0.9384717356818825
1789385821,108751577,kinect1_rgb_optical_frame,0.3671054088907288,-0.05780980886377776,-0.9283811958254563
1789385821,213802733,kinect1_rgb_optical_frame,0.3496623180758743,-0.0805778090909973,-0.9334042425444085
1789385821,317790466,kinect1_rgb_optical_frame,0.3852708366644808,-0.029092967164709844,-0.9223448279669617
1789385821,424574515,kinect1_rgb_optical_frame,0.3966324956943259,-0.07609900881487579,-0.9148177983711752
1789385821,530639575,kinect1_rgb_optical_frame,0.7641114170725194,0.15600350541425378,-0.6259366170770737
1789385821,638830989,kinect1_rgb_optical_frame,0.7491667188873574,0.15980974579484367,-0.6428141819068234
1789385821,744108194,kinect1_rgb_optical_frame,0.7672161075685472,0.1594245614806605,-0.6212594091714561
1789385821,851248475,kinect1_rgb_optical_frame,0.7821059583693966,0.1726155893140794,-0.5987604931930971
1789385821,960245472,kinect1_rgb_optical_frame,0.6851365669448588,0.1870277426153427,-0.703994679047521
1789385822,68410136,kinect1_rgb_optical_frame,0.6663264773675767,0.1363608922367756,-0.7330857607587989
1789385822,175656350,kinect1_rgb_optical_frame,0.5878855962046798,0.08917127450410994,-0.8040143093119555
1789385822,280166425,kinect1_rgb_optical_frame,0.6342850922249857,0.13161765505513093,-0.7618131100597639
1789385822,387576564,kinect1_rgb_optical_frame,0.817798523638243,0.21467945773428923,-0.5339647040414017
1789385822,491098180,kinect1_rgb_optical_frame,0.8067999220611347,-0.18525817656594906,-0.5610287815946758
1789385822,603764509,kinect1_rgb_optical_frame,0.8065039295714463,-0.21183159192910156,-0.5519771627944385
1789385822,707955550,kinect1_rgb_optical_frame,0.8226815651456781,-0.2109477062712286,-0.5279167619884454
1789385822,815535374,kinect1_rgb_optical_frame,0.8278481467527032,-0.20415254037208014,-0.5224836707283212
1789385822,924315604,kinect1_rgb_optical_frame,0.8221777498343629,-0.20190181998266277,-0.532221197215023
1789385823,32662410,kinect1_rgb_optical_frame,0.8251713870308279,-0.20533386295390257,-0.5262415669158487
1789385823,137878655,kinect1_rgb_optical_frame,0.7165903189162289,0.019849971005134616,-0.6972117995893592
1789385823,245319965,kinect1_rgb_optical_frame,0.6395289296337372,0.15023408541197983,-0.7539446052210682
1789385823,351903808,kinect1_rgb_optical_frame,0.679109158298174,0.15870008154400742,-0.716676381104799
1789385823,459398102,kinect1_rgb_optical_frame,0.6410681584928067,0.15237840585919124,-0.7522050502319519
1789385823,570271794,kinect1_rgb_optical_frame,0.6338296787343072,0.1581773012989243,-0.7571260659291518
1789385823,677697746,kinect1_rgb_optical_frame,0.41739678596555513,1.5677884220434704e-05,-0.9087243381905364
1789385823,789453488,kinect1_rgb_optical_frame,0.3736908347921993,-0.034001363224299024,-0.9269299149834354
1789385823,896509656,kinect1_rgb_optical_frame,0.41615044866217626,-0.009342597855175454,-0.9092477769802827
1789385824,4384345,kinect1_rgb_optical_frame,0.42768668117399256,-0.07124305240869065,-0.9011151592498421
1789385824,108621923,kinect1_rgb_optical_frame,0.6048111263520313,-0.11238060147290803,-0.7883997094452628
1789385824,219037127,kinect1_rgb_optical_frame,0.7940248506350176,-0.27922974722040017,-0.5399585954879037
1789385824,329541847,kinect1_rgb_optical_frame,0.8276347691885154,-0.18928665592386926,-0.5283855133512194
1789385824,436922740,kinect1_rgb_optical_frame,0.8113140104982663,-0.18621426172089284,-0.554160468728113
1789385824,550307370,kinect1_rgb_optical_frame,0.8430578084633222,-0.1821508873078336,-0.5060381268659401
1789385824,662401415,kinect1_rgb_optical_frame,0.8112504300257526,-0.17283571790436705,-0.5585700980177096
1789385824,780524167,kinect1_rgb_optical_frame,0.8216568689001761,-0.22938793103843497,-0.5217865146619498
1789385824,894525882,kinect1_rgb_optical_frame,0.8189957649704936,-0.2404737076873283,-0.5209782460636003
1789385825,2570761,kinect1_rgb_optical_frame,0.832395168218011,-0.20234295547839998,-0.5159220990571887
1789385825,114062451,kinect1_rgb_optical_frame,0.8305705564705417,-0.19564107142777332,-0.5214183751027649
1789385825,220380336,kinect1_rgb_optical_frame,0.8168283008046766,-0.19295614465715194,-0.5436537990703212
1789385825,330534466,kinect1_rgb_optical_frame,0.824366744512497,-0.20386889577861805,-0.5280690711222108
1789385825,443073625,kinect1_rgb_optical_frame,0.8230954184720798,-0.2035147536516722,-0.5301845689346032
1789385825,552325739,kinect1_rgb_optical_frame,0.8450837390676167,-0.1879598496950755,-0.500504314532953
1789385825,662908620,kinect1_rgb_optical_frame,0.8415265461364115,-0.22260590673476602,-0.49221914066248473
1789385825,771619116,kinect1_rgb_optical_frame,0.8535726621255385,-0.18159709088812456,-0.48829930068851385
1789385825,879039256,kinect1_rgb_optical_frame,0.8452955680899396,-0.18220795604854448,-0.502270508113027
1789385825,989940776,kinect1_rgb_optical_frame,0.8249718671464275,-0.21863163166427207,-0.5211733186309093
1789385826,98529531,kinect1_rgb_optical_frame,0.8492420681315516,-0.20800900176165218,-0.48530419831458926
1789385826,204595527,kinect1_rgb_optical_frame,0.850951932764702,-0.12242444907513206,-0.5107769203797959
1789385826,312053779,kinect1_rgb_optical_frame,0.7846244429261998,0.18282157834453594,-0.5924025270492719
1789385826,420088529,kinect1_rgb_optical_frame,0.751385272501309,0.15988978046964858,-0.6401995238747847
1789385826,526899850,kinect1_rgb_optical_frame,0.7612788893174524,0.17609390541958342,-0.6240555978065297
1789385826,633860904,kinect1_rgb_optical_frame,0.7722282503635169,0.16764821525230253,-0.612827549367046
1789385826,745814228,kinect1_rgb_optical_frame,0.611853702375782,0.1843262574444057,-0.7691936542286258
1789385826,854484711,kinect1_rgb_optical_frame,0.42945837886030863,-0.08939976165969925,-0.8986507572143166
1789385826,965130123,kinect1_rgb_optical_frame,0.4150616937144223,-0.10897394760270339,-0.903243305624126
1789385827,75893221,kinect1_rgb_optical_frame,0.3455106558276289,-0.11659587774877754,-0.9311432693208678
1789385827,183590564,kinect1_rgb_optical_frame,0.41236403454947884,-0.11081326983117125,-0.9042545671653532
1789385827,291585197,kinect1_rgb_optical_frame,0.3375588727803103,-0.10221485667084762,-0.9357382809755324
1789385827,400791322,kinect1_rgb_optical_frame,0.37244071551913716,-0.08299058601713011,-0.9243378581753139
1789385827,509972031,kinect1_rgb_optical_frame,0.30249896054958125,-0.05365476558924617,-0.9516383477960448
1789385827,622112313,kinect1_rgb_optical_frame,0.3741209617987951,-0.05147178761718513,-0.9259504095912674
1789385827,729385266,kinect1_rgb_optical_frame,0.3491168579229909,-0.07289182904618442,-0.9342399053627929
1789385827,836245784,kinect1_rgb_optical_frame,0.3125727491627522,-0.06890683934703624,-0.9473912201261109
1789385827,943571738,kinect1_rgb_optical_frame,0.3935575326396024,-0.029523127831798633,-0.9188258014583915
1789385828,51966919,kinect1_rgb_optical_frame,0.36792302515955017,-0.0028443801046780294,-0.9298519006052873
1789385828,161114871,kinect1_rgb_optical_frame,0.37439734997041996,0.14232183882421073,-0.9162811350938217
1789385828,268299528,kinect1_rgb_optical_frame,0.43661692781707084,0.16778760948447913,-0.8838625325507733
1789385828,376892755,kinect1_rgb_optical_frame,0.6326298559068786,0.19983277748571213,-0.7482287928552255
1789385828,484525220,kinect1_rgb_optical_frame,0.4751478996815251,-0.02611749883463442,-0.8795182486355007
1789385828,600102104,kinect1_rgb_optical_frame,0.43642975666946476,-0.024036763297798778,-0.8994172010271971
1789385828,706711680,kinect1_rgb_optical_frame,0.4094870488235293,-0.08174578526184188,-0.9086462366827485
1789385828,815772057,kinect1_rgb_optical_frame,0.44403902582963667,-0.03857432062629335,-0.8951767229594876
1789385828,922223385,kinect1_rgb_optical_frame,0.7285260030032081,0.18351516721829936,-0.6599788226519162
1789385829,29217404,kinect1_rgb_optical_frame,0.69374713962381,0.19309002854201796,-0.6938523957884882
1789385829,139071034,kinect1_rgb_optical_frame,0.6555729362672023,0.2189304320611822,-0.7226988246506999
1789385829,246606779,kinect1_rgb_optical_frame,0.6389073527452805,0.26220298849249407,-0.7232198748884207
1789385829,354046879,kinect1_rgb_optical_frame,0.5151350618638462,0.07621855534776445,-0.8537134178746585
1789385829,466421840,kinect1_rgb_optical_frame,0.3725679695022891,0.008755477036719209,-0.9279636036627734
1789385829,572641028,kinect1_rgb_optical_frame,0.3687607593712119,-0.06500578959655089,-0.9272484832378515
1789385829,677735873,kinect1_rgb_optical_frame,0.36512862326655565,-0.09326143027078523,-0.9262739303766014
1789385829,785916324,kinect1_rgb_optical_frame,0.4274980208609147,-0.05674539606263071,-0.9022335629900365
1789385829,894871851,kinect1_rgb_optical_frame,0.32647282532372035,-0.06636323826467437,-0.9428740185900626
1789385830,2265203,kinect1_rgb_optical_frame,0.38300818341452486,0.07307859994348415,-0.9208497432631482
1789385830,115453443,kinect1_rgb_optical_frame,0.5753039888757854,0.10486244803684529,-0.8111899822947337
1789385830,228190095,kinect1_rgb_optical_frame,0.7723292458667983,-0.2388348378104776,-0.5886131634841897
1789385830,337372987,kinect1_rgb_optical_frame,0.7460370834402089,-0.22707729233109938,-0.6259908732877847
1789385830,446584559,kinect1_rgb_optical_frame,0.8222110229994949,-0.17503863984196796,-0.541599952197559
1789385830,553136670,kinect1_rgb_optical_frame,0.8175845500665342,-0.16286437544730054,-0.552295843459521
1789385830,656183297,kinect1_rgb_optical_frame,0.8221705808327897,-0.12343143296286374,-0.5556979551607216
1789385830,765065399,kinect1_rgb_optical_frame,0.8330537585756573,-0.16905061269188057,-0.5267288920037235
1789385830,872923490,kinect1_rgb_optical_frame,0.8253912827109712,-0.182531954197813,-0.5342390065518104
1789385830,985033241,kinect1_rgb_optical_frame,0.8332196226113826,-0.16660138092799615,-0.52724665989291
1789385831,95313739,kinect1_rgb_optical_frame,0.8350502608689421,-0.16819039279788728,-0.5238349488085006
1789385831,206143836,kinect1_rgb_optical_frame,0.8464395647246851,-0.1824305988517967,-0.5002590727525695
1789385831,317405061,kinect1_rgb_optical_frame,0.8339977834700756,-0.17467729327967163,-0.5233885176228924
1789385831,433469441,kinect1_rgb_optical_frame,0.8781250823480885,-0.14566636252256043,-0.4557166340837351
1789385831,542652432,kinect1_rgb_optical_frame,0.8691897969331851,-0.134599795819449,-0.4758066748928718
1789385831,652589107,kinect1_rgb_optical_frame,0.8523653436880616,-0.10943864569600996,-0.5113672884608047
1789385831,764225047,kinect1_rgb_optical_frame,0.8380676798191111,0.04960807419351694,-0.543306177967288
1789385831,874112580,kinect1_rgb_optical_frame,0.7709974104912115,0.194066466386179,-0.6065485962725727
1789385831,987485832,kinect1_rgb_optical_frame,0.7312986589390478,0.17910129872961913,-0.6581223261881595
1789385832,97651746,kinect1_rgb_optical_frame,0.7817890525181699,0.22461413280567644,-0.5816823606631855
1789385832,206569907,kinect1_rgb_optical_frame,0.80352663332673,-0.22619101510569736,-0.5506201723693611
1789385832,316398126,kinect1_rgb_optical_frame,0.8084686764221741,-0.22864840200344813,-0.542308314066314
1789385832,427855228,kinect1_rgb_optical_frame,0.3862444537688697,-0.09146265483827633,-0.9178506440062685
1789385832,539377442,kinect1_rgb_optical_frame,0.3963822780102851,-0.0869178553001491,-0.9139619117388862
1789385832,648699726,kinect1_rgb_optical_frame,0.42822235413529663,-0.11112657174447067,-0.8968146410887513
1789385832,757325088,kinect1_rgb_optical_frame,0.41212292304185644,-0.07598898521879575,-0.9079539473061692
1789385832,865918054,kinect1_rgb_optical_frame,0.3847242222544784,-0.08155680112588176,-0.9194214273121984
1789385832,973455935,kinect1_rgb_optical_frame,0.438359230222019,-0.08672347626151031,-0.8946061837167673
1789385833,83842058,kinect1_rgb_optical_frame,0.4465293743348083,-0.03294517257956481,-0.894162252312111
1789385833,193267183,kinect1_rgb_optical_frame,0.7541843771216782,0.19883114476826222,-0.6258371203242333
1789385833,312994344,kinect1_rgb_optical_frame,0.7333075916933439,0.2091420275011281,-0.6469308991674655
1789385833,425129023,kinect1_rgb_optical_frame,0.4688665624278876,0.08414037691220828,-0.8792522639209566
1789385833,536330585,kinect1_rgb_optical_frame,0.41076834712654026,-0.054985051747535,-0.9100802212350574
1789385833,647789665,kinect1_rgb_optical_frame,0.4171721271233052,-0.04627027650957031,-0.907648873663789
1789385833,757682278,kinect1_rgb_optical_frame,0.3486364087164511,-0.045651646148376586,-0.9361455985696024
1789385833,870851074,kinect1_rgb_optical_frame,0.35331205255761866,-0.03223190523435567,-0.9349501044454116
1789385833,986251115,kinect1_rgb_optical_frame,0.35539716185766246,-0.028989533421455885,-0.9342657353748584
1789385834,94127590,kinect1_rgb_optical_frame,0.36652094305113636,0.08296609874258234,-0.9267033099996685
1789385834,207289507,kinect1_rgb_optical_frame,0.4380940029948136,0.18154357640287508,-0.8804064824879664
1789385834,316750326,kinect1_rgb_optical_frame,0.40086013457690667,0.1576041077034308,-0.902481078883092
1789385834,427233414,kinect1_rgb_optical_frame,0.3079369505333741,-0.038097871220330905,-0.9506436696810668
1789385834,535985781,kinect1_rgb_optical_frame,0.3155264058737117,-0.062543671982284,-0.9468534080264961
1789385834,645908758,kinect1_rgb_optical_frame,0.30551353709691836,-0.09877815211931326,-0.9470503446567262
1789385834,759001075,kinect1_rgb_optical_frame,0.3588369071212979,0.10312913268724079,-0.9276855372801704
1789385834,870648235,kinect1_rgb_optical_frame,0.42932916320751,0.17513499885778197,-0.8860046285401809
1789385834,980267757,kinect1_rgb_optical_frame,0.3472940012220603,0.008237535100988437,-0.9377201180153019
1789385835,90226779,kinect1_rgb_optical_frame,0.3047722018513784,-0.08790444029344252,-0.9483600130516677
1789385835,197858178,kinect1_rgb_optical_frame,0.37662558541355007,-0.06349683364762601,-0.9241868428670831
1789385835,307899454,kinect1_rgb_optical_frame,0.3215065518967632,-0.07902799568583983,-0.9436037902559171
1789385835,414387504,kinect1_rgb_optical_frame,0.27085002863805663,-0.0820201745976388,-0.9591209271753677
1789385835,521839187,kinect1_rgb_optical_frame,0.24519526814962944,-0.14841373253108536,-0.9580462642655744
1789385835,628822466,kinect1_rgb_optical_frame,0.2153950910693886,-0.10611550415557332,-0.9707442786444938
1789385835,737531625,kinect1_rgb_optical_frame,0.2482296565149129,-0.018287451336530574,-0.9685285781793445
1789385835,846741803,kinect1_rgb_optical_frame,0.31577047846579465,-0.0032125618928850043,-0.9488301662445011
1789385835,954458419,kinect1_rgb_optical_frame,0.23500513233704462,-0.11174988468695454,-0.9655488341081981
1789385836,64870471,kinect1_rgb_optical_frame,0.1544761767493695,-0.12436161262570758,-0.9801384086556506
1789385836,172307585,kinect1_rgb_optical_frame,0.31208396902189056,-0.10785481534875849,-0.9439125675006287
1789385836,279917330,kinect1_rgb_optical_frame,0.3144788535526364,-0.026277884570796682,-0.9489006920909603
1789385836,383623594,kinect1_rgb_optical_frame,0.6258759074180672,0.09295306987312152,-0.7743636583122775
1789385836,490606305,kinect1_rgb_optical_frame,0.38697285701715645,-0.05834472040303028,-0.9202433925506185
1789385836,601317529,kinect1_rgb_optical_frame,0.3484875449542767,-0.09776111749278224,-0.9322012630962819
1789385836,708583087,kinect1_rgb_optical_frame,0.363236211091614,-0.08939008500117646,-0.9273989797575211
1789385836,816208401,kinect1_rgb_optical_frame,0.38773272401473446,-0.09388542319151467,-0.9169781142646012
1789385836,924924563,kinect1_rgb_optical_frame,0.3208593569700078,-0.11409462748672758,-0.9402295937819964
1789385837,35289167,kinect1_rgb_optical_frame,0.3440866673837597,-0.10675096988686728,-0.9328497176699745
1789385837,146843216,kinect1_rgb_optical_frame,0.353498621080588,-0.07924533081882368,-0.9320723697425742
1789385837,259046554,kinect1_rgb_optical_frame,0.06273768123209279,-0.14481260106201335,-0.9874681229929777
1789385837,368308877,kinect1_rgb_optical_frame,0.021864854966934542,-0.18525887944047914,-0.9824464747281314
1789385837,476336869,kinect1_rgb_optical_frame,-0.031190178956775724,-0.12768433053664635,-0.9913243084238643
1789385837,583585015,kinect1_rgb_optical_frame,-0.051795113723112754,-0.1635749496574595,-0.9851702908832409
1789385837,692567107,kinect1_rgb_optical_frame,0.30178480284900705,-0.15050061201286954,-0.9414220618580901
1789385837,801187341,kinect1_rgb_optical_frame,0.2950651412538208,-0.14995352240111445,-0.9436368493951269
1789385837,908292155,kinect1_rgb_optical_frame,0.2761285862331663,-0.1324845456709988,-0.9519458225252223
1789385838,12796417,kinect1_rgb_optical_frame,0.3556976303685262,-0.17257094023085612,-0.9185306017428345
1789385838,119574144,kinect1_rgb_optical_frame,0.3484944136752616,-0.18043855528258204,-0.9197790883710448
1789385838,222940285,kinect1_rgb_optical_frame,0.07154195441306668,-0.14188631734769036,-0.9872942933635691
1789385838,328329861,kinect1_rgb_optical_frame,0.023813791437030662,-0.14750896020686055,-0.9887739933857911
1789385838,431503974,kinect1_rgb_optical_frame,0.06751369218899927,-0.13731392099750592,-0.9882240578266145
1789385838,542729541,kinect1_rgb_optical_frame,0.08656469778685348,-0.13334767247404722,-0.9872815967811944
1789385838,650746156,kinect1_rgb_optical_frame,0.10050042210836957,-0.16952281455302703,-0.9803885354807346
1789385838,762834654,kinect1_rgb_optical_frame,0.3041119134024064,-0.11764646032955237,-0.9453439873922372
1789385838,872530988,kinect1_rgb_optical_frame,0.22378279444641833,-0.14411596597718476,-0.9639252301191287
1789385838,980148830,kinect1_rgb_optical_frame,0.3221963353874912,-0.06616814987522306,-0.9443576109742333
1789385839,88889009,kinect1_rgb_optical_frame,0.3261212173411404,-0.04488707735329433,-0.944261670241153
1789385839,196708796,kinect1_rgb_optical_frame,0.37366113923498373,-0.0632172249015435,-0.9254085235728932
1789385839,306681575,kinect1_rgb_optical_frame,0.35594827450578875,-0.07749008432387978,-0.9312873416447953
1789385839,416448050,kinect1_rgb_optical_frame,0.491844686448053,0.12316808313356345,-0.8619271591671887
1789385839,527320177,kinect1_rgb_optical_frame,0.5024967255175279,0.25514764934642564,-0.8260730705434935
1789385839,636011072,kinect1_rgb_optical_frame,0.7707394065453481,0.2397825618289522,-0.5903093174267788
1789385839,744579003,kinect1_rgb_optical_frame,0.8831514698790903,0.041851638903186744,-0.4672172102689708
1789385839,853295707,kinect1_rgb_optical_frame,0.875234770125444,0.04482390792076581,-0.4816169789803636
1789385839,962267848,kinect1_rgb_optical_frame,0.5001408070243201,0.263031456419184,-0.8250294698270266
1789385840,74352692,kinect1_rgb_optical_frame,0.36526898067160596,0.24396005840774976,-0.8983663293227397
1789385840,182604396,kinect1_rgb_optical_frame,0.32940941722906897,0.23194659563941625,-0.9152541792377079
1789385840,290946650,kinect1_rgb_optical_frame,0.5270286599837153,0.27015937430031445,-0.8057634293224234
1789385840,398883223,kinect1_rgb_optical_frame,0.5017855984158349,0.28437697806992707,-0.8169093876105713
1789385840,508273690,kinect1_rgb_optical_frame,0.5449039995847071,0.2716174148817183,-0.7932865882955301
1789385840,620732677,kinect1_rgb_optical_frame,0.5523436533615316,0.30733128749644506,-0.7748961016271882
1789385840,736732115,kinect1_rgb_optical_frame,0.6191957738009564,0.3358601430035841,-0.7097848674412883
1789385840,845387866,kinect1_rgb_optical_frame,0.630670358047834,0.3129531792105928,-0.7101515381253495
1789385840,953098520,kinect1_rgb_optical_frame,0.49900969657885286,0.29237314712339224,-0.8157862866961203
1789385841,60856542,kinect1_rgb_optical_frame,0.48642386664213116,0.28585069219440745,-0.8256398753287636
1789385841,169111332,kinect1_rgb_optical_frame,0.42423511813589615,0.28975018583128925,-0.8579448667315143
1789385841,274777530,kinect1_rgb_optical_frame,0.42867556729686057,0.3011439634635964,-0.8517919765248737
1789385841,382905102,kinect1_rgb_optical_frame,0.365533266787313,0.2868331356752274,-0.8855010915580577
1789385841,488207084,kinect1_rgb_optical_frame,0.49354953715069055,0.3172629307002546,-0.809785827970473
1789385841,600625820,kinect1_rgb_optical_frame,0.4940688200884914,0.3050718361993932,-0.8141419874777965
1789385841,708805567,kinect1_rgb_optical_frame,0.49767827397850206,0.3112598557224658,-0.8095885608291467
1789385841,817507368,kinect1_rgb_optical_frame,0.8317771293336849,0.3099172298242065,-0.4605411140989526
1789385841,926496769,kinect1_rgb_optical_frame,0.8234041088767752,0.35211503460907695,-0.44499514141964797
1789385842,35145722,kinect1_rgb_optical_frame,0.8533004907982508,0.27612077965122445,-0.4423071189210778
1789385842,142876654,kinect1_rgb_optical_frame,0.904178797145822,0.29823156418559904,-0.3058081701252363
1789385842,250493853,kinect1_rgb_optical_frame,0.9201916149573209,0.29446489364302897,-0.2579492550367947
1789385842,357048114,kinect1_rgb_optical_frame,0.9355030478913915,0.28193339221195124,-0.21294978220646063
1789385842,462966556,kinect1_rgb_optical_frame,0.9337321823111369,0.2975866794321679,-0.19896326279245108
1789385842,570550415,kinect1_rgb_optical_frame,0.9286979011770793,0.30460287801003666,-0.2115119265131182
1789385842,678110566,kinect1_rgb_optical_frame,0.9433504718591826,0.2901749347763048,-0.1608987087288916
1789385842,789271349,kinect1_rgb_optical_frame,0.9347286157279072,0.29763112132478103,-0.19416006427260957
1789385842,897831765,kinect1_rgb_optical_frame,0.9311262937245196,0.2731990554926891,-0.24159077220113853
1789385843,4888927,kinect1_rgb_optical_frame,0.9295120812209643,0.2837777706663336,-0.23553655287431993
1789385843,116016115,kinect1_rgb_optical_frame,0.9200431368004878,0.26176794384084173,-0.29154445630753634
1789385843,223593708,kinect1_rgb_optical_frame,0.9110198648970466,0.2483108408718207,-0.3292180615769681
1789385843,331545293,kinect1_rgb_optical_frame,0.9051610192156883,0.22701976678608474,-0.3593682718059683
1789385843,438848163,kinect1_rgb_optical_frame,0.7954331276008418,0.22714552670054705,-0.5618639063110158
1789385843,545203708,kinect1_rgb_optical_frame,0.5133294233946187,0.25993221073211475,-0.8178802778532221
1789385843,654406795,kinect1_rgb_optical_frame,0.619794251479337,0.2725310120407576,-0.7359225049617717
1789385843,763802284,kinect1_rgb_optical_frame,0.5294867699451707,0.2540251837691922,-0.8093917262142343
1789385843,870243290,kinect1_rgb_optical_frame,0.5276011886994401,0.2640702610252104,-0.80740564954985
1789385843,979989877,kinect1_rgb_optical_frame,0.34400677008173275,-0.09329024216474968,-0.9343212899505053
1789385844,86620141,kinect1_rgb_optical_frame,0.35223519292885463,-0.12545853051821274,-0.9274645685860906
1789385844,195070328,kinect1_rgb_optical_frame,0.27393222416515445,-0.10962458933650193,-0.9554808140285889
1789385844,303460897,kinect1_rgb_optical_frame,0.3325143319677805,-0.1290971209111566,-0.9342206122798141
1789385844,415241533,kinect1_rgb_optical_frame,0.12422402746376972,-0.22258450801403507,-0.9669666632272441
1789385844,528377548,kinect1_rgb_optical_frame,0.15890280316583272,-0.1722123697039009,-0.9721588341762922
1789385844,638068057,kinect1_rgb_optical_frame,0.257479681997461,-0.19493219227616845,-0.9464172725457273
1789385844,745422372,kinect1_rgb_optical_frame,0.2897211639361229,-0.14948593476040595,-0.9453653275196345
1789385844,856526828,kinect1_rgb_optical_frame,0.1674528463253828,-0.17799887001958084,-0.9696782695973342
1789385844,967417675,kinect1_rgb_optical_frame,0.046846419680782556,-0.15788683394529812,-0.9863453556588696
1789385845,74383911,kinect1_rgb_optical_frame,0.04173630528109578,-0.1730193523802668,-0.9840337313951165
1789385845,180625298,kinect1_rgb_optical_frame,0.02827746128991594,-0.15246928645003358,-0.9879035893610343
1789385845,290038924,kinect1_rgb_optical_frame,0.05460383358228807,-0.1549034496153037,-0.9864194557364514
1789385845,396950663,kinect1_rgb_optical_frame,-0.06058513194400486,-0.13724998034320576,-0.9886818925635875
1789385845,504689638,kinect1_rgb_optical_frame,-0.012116517544440505,-0.12631379363118148,-0.9919163349502289
1789385845,611264062,kinect1_rgb_optical_frame,-0.006901346835483987,-0.13216075486580217,-0.991204270715758
1789385845,720060743,kinect1_rgb_optical_frame,0.39187707289984747,-0.09410752077195718,-0.915191856535887
1789385845,830302208,kinect1_rgb_optical_frame,0.34339100706742987,-0.09905804694913409,-0.9339540243501494
1789385845,938898181,kinect1_rgb_optical_frame,0.5724300994068303,0.10404459612428182,-0.8133255825992574
1789385846,44838133,kinect1_rgb_optical_frame,0.32871454521110305,-0.11722196332552962,-0.937126330374281
1789385846,148854641,kinect1_rgb_optical_frame,-0.032749652977422904,-0.1732122853846612,-0.9843398622537244
1789385846,256340962,kinect1_rgb_optical_frame,-0.07045777980547101,-0.15255035774130712,-0.9857809541768815
1789385846,365160455,kinect1_rgb_optical_frame,-0.09021538261381293,-0.11883073834978489,-0.988807585105964
1789385846,469380856,kinect1_rgb_optical_frame,0.2843585150040723,-0.1322053319581474,-0.9495588371167502
1789385846,574689894,kinect1_rgb_optical_frame,0.2870894133975346,-0.03583445072105562,-0.95723328444877
1789385846,681513177,kinect1_rgb_optical_frame,0.1383692272919574,0.22148596919575148,-0.9652968053340099
1789385846,788997504,kinect1_rgb_optical_frame,0.150742714122722,0.23297466790303914,-0.9607285976041225
1789385846,892808288,kinect1_rgb_optical_frame,0.7058299564989896,0.22049989403546252,-0.6731893264446371
1789385847,850769,kinect1_rgb_optical_frame,0.7090861784470622,0.17022899597436034,-0.6842652120814723
1789385847,108456080,kinect1_rgb_optical_frame,0.8686659151275595,0.21950968281810124,-0.4441115029412052
1789385847,214607794,kinect1_rgb_optical_frame,0.8525313550355159,0.2221464716835181,-0.47311862550513795
1789385847,323456989,kinect1_rgb_optical_frame,0.457503153781043,0.07694322511518795,-0.8858727924421615
1789385847,432146122,kinect1_rgb_optical_frame,0.45741416550663566,0.07353322235180522,-0.88620829741344
1789385847,541826733,kinect1_rgb_optical_frame,0.4065815416555449,0.06739388893493223,-0.911125410533164
1789385847,650125810,kinect1_rgb_optical_frame,0.5889490794001404,0.2903043275280572,-0.7542296595150642
1789385847,757426438,kinect1_rgb_optical_frame,0.33743708556358,0.15099296210290983,-0.9291594796813658
1789385847,863052795,kinect1_rgb_optical_frame,-0.048313801199221254,0.09345593129216102,-0.9944504841971756
1789385847,968935578,kinect1_rgb_optical_frame,-0.07041918346641413,0.10334410432748029,-0.9921497541705457
1789385848,76366409,kinect1_rgb_optical_frame,0.3655280718756342,0.13750568048780956,-0.9205875387514572
1789385848,180458293,kinect1_rgb_optical_frame,0.45898197645673405,0.12731765003927514,-0.8792757026532388
1789385848,286525383,kinect1_rgb_optical_frame,0.7240214043447494,0.26677048083837324,-0.6361025991174066
1789385848,393352322,kinect1_rgb_optical_frame,0.6117675795043016,0.2833414825220395,-0.7385513069175769
1789385848,498037193,kinect1_rgb_optical_frame,0.48272116194311704,0.2804044911761766,-0.8296707787674076
1789385848,605728320,kinect1_rgb_optical_frame,0.46665156144039366,0.2812015489914856,-0.8385475592058163
1789385848,712547752,kinect1_rgb_optical_frame,0.510831043869803,0.2720470141827391,-0.8155011138515657
1789385848,818953948,kinect1_rgb_optical_frame,0.5385447873412205,0.31479090842777485,-0.78158569331764
1789385848,925832587,kinect1_rgb_optical_frame,0.6468442685881595,0.27207833073881915,-0.7124365755188505
1789385849,33278714,kinect1_rgb_optical_frame,0.7178077604427976,0.26195602104491295,-0.6450822134320652
1789385849,144452332,kinect1_rgb_optical_frame,0.737966520985289,0.27398262006429464,-0.6167162538863181
1789385849,251668561,kinect1_rgb_optical_frame,0.7180936016480071,0.2901707138081089,-0.6325682066941762
1789385849,358481916,kinect1_rgb_optical_frame,0.7320099528502896,0.277159668160362,-0.6223696227109377
1789385849,465787471,kinect1_rgb_optical_frame,0.7548248197400671,0.2642692244368335,-0.6003342973043684
1789385849,572602494,kinect1_rgb_optical_frame,0.24423084599517914,-0.04649181182250166,-0.9686019849752221
1789385849,680015377,kinect1_rgb_optical_frame,0.32348737341932055,-0.03926742547274393,-0.9454173620867197
1789385849,787834308,kinect1_rgb_optical_frame,0.31909821932587834,-0.06643641991796635,-0.9453901461997251
1789385849,896981741,kinect1_rgb_optical_frame,0.33889500647497606,-0.023642199586903483,-0.9405270974219824
1789385850,6174866,kinect1_rgb_optical_frame,0.3652370965820486,-0.0021310805045024156,-0.930912091325598
1789385850,114619476,kinect1_rgb_optical_frame,0.3547657396413073,-0.04636155981391285,-0.9338050523253647
1789385850,222421630,kinect1_rgb_optical_frame,0.3960390771791984,-0.00524167365120941,-0.918218696283398
1789385850,330520099,kinect1_rgb_optical_frame,0.48240940380583064,0.27237742947372645,-0.8325212928406026
1789385850,437319620,kinect1_rgb_optical_frame,0.5311825745795126,0.21849001783254499,-0.8186007479660735
1789385850,544304757,kinect1_rgb_optical_frame,0.45562506003899833,0.2181627281809462,-0.8630242341308301
1789385850,651714431,kinect1_rgb_optical_frame,0.5054417623727587,0.26465010364804104,-0.8212727607126641
1789385850,759442707,kinect1_rgb_optical_frame,0.5351578052913816,0.3169749760664591,-0.7830280888853092
1789385850,867637462,kinect1_rgb_optical_frame,0.5503005051190422,0.3236047262891894,-0.769707304882204
1789385850,973832590,kinect1_rgb_optical_frame,0.42913643092094805,0.31505662607627904,-0.8465112202575121
1789385851,82231135,kinect1_rgb_optical_frame,0.4919678082018577,0.3427817859373239,-0.8002926482997822
1789385851,191511520,kinect1_rgb_optical_frame,0.7233112126771382,0.29846196910191897,-0.6226888007787943
1789385851,299734696,kinect1_rgb_optical_frame,0.7475332284101487,0.2712867250768774,-0.6062982642394444
1789385851,411662932,kinect1_rgb_optical_frame,0.710787083274713,0.21642124092408824,-0.6692858647294923
1789385851,523076958,kinect1_rgb_optical_frame,0.37521032671461796,-0.035280299364614076,-0.9262680558042866
1789385851,629715986,kinect1_rgb_optical_frame,0.38668183586753163,-0.05091010304755437,-0.9208068848666385
1789385851,737055521,kinect1_rgb_optical_frame,0.3390426326188854,-0.03515144704046859,-0.9401140723538909
1789385851,851060826,kinect1_rgb_optical_frame,0.4258165948099714,0.3092732467958688,-0.8503118759612748
1789385851,957131345,kinect1_rgb_optical_frame,0.3126639017694706,0.269524342940057,-0.9108226573230497
1789385852,63649095,kinect1_rgb_optical_frame,0.26745382306960647,0.28766588909621027,-0.9196286145917484
1789385852,171297355,kinect1_rgb_optical_frame,0.3349765213380185,0.2828922153577204,-0.8987562097934463
1789385852,273559098,kinect1_rgb_optical_frame,0.3660485616066227,0.3218885281387613,-0.8731530369862918
1789385852,377602201,kinect1_rgb_optical_frame,0.48549077113886757,0.3955902855093896,-0.7796198029485829
1789385852,481260500,kinect1_rgb_optical_frame,0.45051047472070604,0.382471918123792,-0.8066942072518134
1789385852,588800456,kinect1_rgb_optical_frame,0.48171119400214873,0.35552918326782146,-0.800970240032637
1789385852,694863551,kinect1_rgb_optical_frame,0.5001986477097804,0.36856576148058773,-0.7835563746748165
1789385852,805532356,kinect1_rgb_optical_frame,0.5298137022335735,0.3460108010385378,-0.7743216169591444
1789385852,912403075,kinect1_rgb_optical_frame,0.49934872417499176,0.3523690494193604,-0.7915092574797243
1789385853,18509890,kinect1_rgb_optical_frame,0.7754994831313168,0.3765149924078811,-0.5067908958881898
1789385853,126434500,kinect1_rgb_optical_frame,0.6888653534272241,0.3399780983802067,-0.6402182576819909
1789385853,232719254,kinect1_rgb_optical_frame,0.6381000740831718,0.36682417864941613,-0.6769551812440997
1789385853,340960852,kinect1_rgb_optical_frame,0.6350761714146922,0.3080898755774863,-0.7083494088851248
1789385853,447666739,kinect1_rgb_optical_frame,0.6765834310521034,0.305924468116508,-0.6698097346511138
1789385853,556792201,kinect1_rgb_optical_frame,0.8484888964365546,0.34169284635463654,-0.40411952609833707
1789385853,663882760,kinect1_rgb_optical_frame,0.6919258812393411,0.326779849714027,-0.6437806339833775
1789385853,768101029,kinect1_rgb_optical_frame,0.608387598862317,0.3471931273730199,-0.7136676130072643
1789385853,874379320,kinect1_rgb_optical_frame,0.6641836067560154,0.347240136193912,-0.6620305312692191
1789385853,981003440,kinect1_rgb_optical_frame,0.6868534731650447,0.3246211881006891,-0.6502717821320655
1789385854,87563291,kinect1_rgb_optical_frame,0.6225237044706149,0.30882068769131704,-0.7190924976844388
1789385854,193544797,kinect1_rgb_optical_frame,0.6110147438138264,0.2782789566202139,-0.7410950041286808
1789385854,294367407,kinect1_rgb_optical_frame,0.639644532460641,0.2821163274080275,-0.7150281462313317
1789385854,399215096,kinect1_rgb_optical_frame,0.6383015772635797,0.3277743575232054,-0.6965163795727106
1789385854,504472969,kinect1_rgb_optical_frame,0.3653198985743019,0.11678283810561063,-0.9235275526099156
1789385854,609536338,kinect1_rgb_optical_frame,0.34804201512669336,0.09180095714514185,-0.9329733865302838
1789385854,716998154,kinect1_rgb_optical_frame,0.3113941982216799,0.11267735365794199,-0.9435769535583838
1789385854,823519764,kinect1_rgb_optical_frame,0.6049458213788674,0.27706520067224466,-0.7465088263193519
1789385854,929572289,kinect1_rgb_optical_frame,0.5492224493784313,0.28561018957637396,-0.7853543917932236
1789385855,36031121,kinect1_rgb_optical_frame,0.6050651903388438,0.28489825816172754,-0.7434575293428889
1789385855,144070536,kinect1_rgb_optical_frame,0.6335230378036188,0.29128562295173893,-0.7167993069428094
1789385855,252287412,kinect1_rgb_optical_frame,0.6541474026088673,0.3160800614292263,-0.6871568746850817
1789385855,361202970,kinect1_rgb_optical_frame,0.6329138497748917,0.30334968078897073,-0.7123194718160913
1789385855,473674217,kinect1_rgb_optical_frame,0.5882075022664769,0.2824695308592569,-0.7577749655495252
1789385855,579727527,kinect1_rgb_optical_frame,0.29355154115611465,-0.010124722732788489,-0.9558896289187649
1789385855,687064517,kinect1_rgb_optical_frame,0.3002164617885536,0.00129320995226485,-0.9538702237092744
1789385855,792395358,kinect1_rgb_optical_frame,0.3083434694910682,-0.03637385984443837,-0.9505794270560604
1789385855,897873915,kinect1_rgb_optical_frame,0.6940947275874243,0.260248408609525,-0.6711954074273372
1789385856,4801546,kinect1_rgb_optical_frame,0.4455398130506133,0.31498042641372986,-0.8380224376250612
1789385856,111553752,kinect1_rgb_optical_frame,0.3826887818261813,0.32426272172567044,-0.8651028745550751
1789385856,219013390,kinect1_rgb_optical_frame,0.4156158083380999,0.30430185660664344,-0.8571253583491845
1789385856,326691295,kinect1_rgb_optical_frame,0.6909456958419661,0.3061988836389238,-0.6548559299996741
1789385856,434857592,kinect1_rgb_optical_frame,0.7317567149696748,0.27070058917282214,-0.6255024389387122
1789385856,544363897,kinect1_rgb_optical_frame,0.7222648959553796,0.2595036243142558,-0.6410860231188403
1789385856,651794962,kinect1_rgb_optical_frame,0.27336850513207633,0.03968501395136988,-0.9610904016113851
1789385856,759023266,kinect1_rgb_optical_frame,0.2702842722316458,-0.024446923844597252,-0.9624701346528868
1789385856,866758132,kinect1_rgb_optical_frame,0.2527207961235387,0.0009991841590782564,-0.9675387335077088
1789385856,974782391,kinect1_rgb_optical_frame,0.21456033385928625,-0.026721168773207692,-0.9763451450555717
1789385857,80388272,kinect1_rgb_optical_frame,0.22672724842085695,-0.0032035225224906743,-0.9739530236448548
1789385857,187280838,kinect1_rgb_optical_frame,0.24577077657409052,-0.0387769736947409,-0.9685520490367289
1789385857,299433840,kinect1_rgb_optical_frame,0.2594922025322107,-0.01575966128349004,-0.9656166060612317
1789385857,408338046,kinect1_rgb_optical_frame,0.32185646644948707,0.2705778528184258,-0.9073015157977092
1789385857,522696722,kinect1_rgb_optical_frame,0.4463335779812288,0.3133695768172464,-0.8382039402745936
1789385857,627019002,kinect1_rgb_optical_frame,0.3560059321107894,0.3097280311512155,-0.8816622499694086
1789385857,732783600,kinect1_rgb_optical_frame,0.9015104132605473,0.2642408264175684,-0.3427181939100374
1789385857,840319023,kinect1_rgb_optical_frame,0.30767495138248485,0.035985614848451815,-0.9508107907547982
1789385857,948066111,kinect1_rgb_optical_frame,0.27090859428317154,0.01040868291937401,-0.9625488002503562
1789385858,59144790,kinect1_rgb_optical_frame,0.26023482742216203,0.014847327226115925,-0.9654311945813633
1789385858,167261637,kinect1_rgb_optical_frame,0.29391156252709205,0.008831334052740418,-0.955791818834903
1789385858,283423491,kinect1_rgb_optical_frame,0.4265703642284673,0.3960446000026607,-0.8131336908348623
1789385858,392701803,kinect1_rgb_optical_frame,0.42110807518203636,0.37157312032345,-0.8274064329394445
1789385858,503582986,kinect1_rgb_optical_frame,0.4549879708687641,0.3845812506933968,-0.803170721565364
1789385858,610624190,kinect1_rgb_optical_frame,0.40754332703996515,0.37249997090880055,-0.8337578834758559
1789385858,720210333,kinect1_rgb_optical_frame,0.4256516022324963,0.41282272611553406,-0.8052317121918682
1789385858,826797923,kinect1_rgb_optical_frame,0.37422394128894826,0.3734339699038471,-0.8488247827956124
1789385858,938378661,kinect1_rgb_optical_frame,0.6110442271148429,0.3526189945120407,-0.7087205353444627
1789385859,48514612,kinect1_rgb_optical_frame,0.6779777623893816,0.33754278075017896,-0.6530015504337827
1789385859,160543762,kinect1_rgb_optical_frame,0.7356256739862357,0.3567198709502986,-0.5758522392432792
1789385859,267716682,kinect1_rgb_optical_frame,0.720914486891123,0.33480279984216654,-0.6067861137240661
1789385859,374623297,kinect1_rgb_optical_frame,0.48464875902690896,0.3371791576678026,-0.8071095316052885
1789385859,484477248,kinect1_rgb_optical_frame,0.4277749046963715,0.31870110643756805,-0.8458358207521601
1789385859,595608970,kinect1_rgb_optical_frame,0.374432643409789,0.3233985858971688,-0.8690302354860096
1789385859,702985972,kinect1_rgb_optical_frame,0.6723032043339146,0.2811170928087184,-0.6848222992668428
1789385859,815053203,kinect1_rgb_optical_frame,0.686714865152155,0.3137001160356032,-0.6557552372480961
1789385859,921833255,kinect1_rgb_optical_frame,0.7341763589192866,0.29900275495316014,-0.609575611827146
1789385860,29880048,kinect1_rgb_optical_frame,0.7180545918512015,0.30382777997931293,-0.6261679353290511
1789385860,138131455,kinect1_rgb_optical_frame,0.6854867212227956,0.2894362650464701,-0.6680827819238951
1789385860,245264849,kinect1_rgb_optical_frame,0.6986206414796065,0.2828884993123117,-0.6571934998578817
1789385860,354217674,kinect1_rgb_optical_frame,0.805704771336579,0.27342919893696327,-0.5254296286032618
1789385860,461612469,kinect1_rgb_optical_frame,0.23298363419318874,-0.02717354152193128,-0.9721009334628222
1789385860,568622404,kinect1_rgb_optical_frame,0.21390617928228106,-0.006206405550680574,-0.9768344931435402
1789385860,677576829,kinect1_rgb_optical_frame,0.19549099101185166,-0.012747527351201158,-0.9806226455572167
1789385860,784999654,kinect1_rgb_optical_frame,0.6447243437415079,0.35216108665550333,-0.6784637717908725
1789385860,897243496,kinect1_rgb_optical_frame,0.6137312326948917,0.38554302045377065,-0.688977904866471
1789385861,3945711,kinect1_rgb_optical_frame,0.5760344323352283,0.33453763278447785,-0.7458343683521089
1789385861,125421042,kinect1_rgb_optical_frame,0.5212560273088882,0.3742376189006068,-0.766966986638773
1789385861,236543628,kinect1_rgb_optical_frame,0.38851173032207725,0.377088777048175,-0.8407512650162694
1789385861,345860421,kinect1_rgb_optical_frame,0.44568563959383284,0.3667642922974227,-0.816607778897193
1789385861,454378258,kinect1_rgb_optical_frame,0.5615663957233378,0.3711094038357219,-0.7395410695688203
1789385861,565556793,kinect1_rgb_optical_frame,0.602835560476112,0.37753128052286483,-0.70289360450371
1789385861,672224156,kinect1_rgb_optical_frame,0.6104760127189659,0.33714332848994666,-0.7166961796671396
1789385861,784800570,kinect1_rgb_optical_frame,0.5579198399443879,0.32412378797703983,-0.7639824751025666
1789385861,891847710,kinect1_rgb_optical_frame,0.493112221089929,0.10456112835588038,-0.8636592544798569
1789385861,998998298,kinect1_rgb_optical_frame,0.3232350106162067,0.025900130923134184,-0.945964222965174
1789385862,109630251,kinect1_rgb_optical_frame,0.21143914166384128,-0.04097910936443086,-0.976531720922652
1789385862,224878908,kinect1_rgb_optical_frame,0.47255647014355706,0.165233399537669,-0.8656721701676025
1789385862,332817784,kinect1_rgb_optical_frame,0.5840656228536472,0.31427428092341136,-0.7483976379910975
1789385862,441936188,kinect1_rgb_optical_frame,0.5639888857762858,0.30957483839712285,-0.7655585909335868
1789385862,553754737,kinect1_rgb_optical_frame,0.20642948600043495,0.04079695728830294,-0.9776105950661607
1789385862,660044351,kinect1_rgb_optical_frame,0.19578693482212112,-0.05318336339519912,-0.9792032506129321
1789385862,772440693,kinect1_rgb_optical_frame,0.1336389268339863,-0.08306802724986853,-0.9875425763396106
1789385862,885003571,kinect1_rgb_optical_frame,0.13224034590830777,-0.04277849836921592,-0.9902941436721345
1789385862,994927928,kinect1_rgb_optical_frame,0.12053280309369659,-0.03747584213045981,-0.9920017160443771
1789385863,109125502,kinect1_rgb_optical_frame,0.11697715926869473,-0.09772435439333217,-0.9883148763262813
1789385863,217637058,kinect1_rgb_optical_frame,0.15920473370808408,-0.09774969855321966,-0.9823944468479516
1789385863,328113630,kinect1_rgb_optical_frame,0.11528502978423319,-0.06677788000861637,-0.9910853024080235
1789385863,437706617,kinect1_rgb_optical_frame,0.4547501064457175,0.24036430124812266,-0.8575706054740394
1789385863,545838112,kinect1_rgb_optical_frame,0.45833329427551733,0.2757011232027778,-0.8449375610205047
1789385863,655177833,kinect1_rgb_optical_frame,0.5917440292525551,0.2511997418954117,-0.7659880505044645
1789385863,764205688,kinect1_rgb_optical_frame,0.6622084426521968,0.2713753022596704,-0.698452162859866
1789385863,875143445,kinect1_rgb_optical_frame,0.6196158535531386,0.24827025094429533,-0.7446059874334024
1789385863,984601002,kinect1_rgb_optical_frame,0.2027852122175424,0.08255640095557992,-0.9757369514203856
1789385864,89096900,kinect1_rgb_optical_frame,0.17538649370092027,-0.05311001193426624,-0.9830660732929599
1789385864,195234787,kinect1_rgb_optical_frame,0.17164851938073183,-0.06243095306768643,-0.9831780926635127
1789385864,305578920,kinect1_rgb_optical_frame,0.12258395408707752,-0.06321889049329994,-0.9904426011057751
1789385864,414763772,kinect1_rgb_optical_frame,0.6362620056978889,0.2490620510374978,-0.7301635123986233
1789385864,527458663,kinect1_rgb_optical_frame,0.638539856769721,0.2637661029533284,-0.7229759983908999
1789385864,636050851,kinect1_rgb_optical_frame,0.6671234382095589,0.2425333440319685,-0.7043606286726479
1789385864,746136495,kinect1_rgb_optical_frame,0.7015515959330805,0.2684234573021174,-0.6601319609091248
1789385864,856878017,kinect1_rgb_optical_frame,0.7018302499437384,0.28759513119872016,-0.6517080180377565
1789385864,964654404,kinect1_rgb_optical_frame,0.10825638299572009,-0.053280284496943296,-0.9926941960264545
1789385865,73037964,kinect1_rgb_optical_frame,0.13919398943980388,-0.06601995475566758,-0.9880619408103377
1789385865,181087443,kinect1_rgb_optical_frame,0.09354451267395572,-0.09121975738912193,-0.9914274456612858
1789385865,289248839,kinect1_rgb_optical_frame,0.1057500193365492,-0.07750629259719638,-0.9913675947993041
1789385865,399787328,kinect1_rgb_optical_frame,0.1004609904377851,-0.06547054810793645,-0.9927845671295992
1789385865,505682744,kinect1_rgb_optical_frame,0.07549021850462982,-0.0654339549854033,-0.9949972987124596
1789385865,613451788,kinect1_rgb_optical_frame,0.1084755640799539,-0.07541524289270415,-0.9912343785084183
1789385865,718498693,kinect1_rgb_optical_frame,0.03485318868779821,-0.09046899507604195,-0.995289212323847
1789385865,825592976,kinect1_rgb_optical_frame,-0.0019980693698456657,-0.08866916511661901,-0.996059128202897
1789385865,934839681,kinect1_rgb_optical_frame,0.05892738211489736,-0.10435894403218184,-0.9927924125604369
1789385866,44045258,kinect1_rgb_optical_frame,-0.003992363381468481,-0.13281188170630556,-0.9911332226861638
1789385866,151243811,kinect1_rgb_optical_frame,0.04467083785112823,-0.08645365000212853,-0.9952538784887943
1789385866,258496508,kinect1_rgb_optical_frame,0.05909569402130521,-0.06962727466568268,-0.9958211393472072
1789385866,366451590,kinect1_rgb_optical_frame,0.0867188322195175,-0.0693988721605335,-0.9938126788692773
1789385866,473184013,kinect1_rgb_optical_frame,0.08619261599813212,-0.08145373113501668,-0.9929431618333363
1789385866,590144454,kinect1_rgb_optical_frame,0.08422810590908016,-0.04455985522468922,-0.9954496699870484
1789385866,698498291,kinect1_rgb_optical_frame,0.07814698847527161,-0.06350553323359243,-0.99491712993644
1789385866,807578553,kinect1_rgb_optical_frame,0.09998809782660267,-0.036909788766048654,-0.9943038005490391
1789385866,917738573,kinect1_rgb_optical_frame,0.07632632738127587,-0.05883971212809269,-0.995345256694967
1789385867,27940290,kinect1_rgb_optical_frame,0.07689786139744657,-0.06507976589452293,-0.9949127313406002
1789385867,138139492,kinect1_rgb_optical_frame,0.034707792659988954,-0.05437326243411669,-0.9979172898897694
1789385867,245652470,kinect1_rgb_optical_frame,0.03271218455509355,-0.044792244984698984,-0.9984605990077247
1789385867,353566697,kinect1_rgb_optical_frame,0.35785340769850926,0.07061354790330425,-0.9311040035630136
1789385867,463082274,kinect1_rgb_optical_frame,0.20762546270871055,0.06818945288577939,-0.9758288096536871
1789385867,569331928,kinect1_rgb_optical_frame,0.25356731210482786,0.2442570424101058,-0.9359712150835626
1789385867,676388058,kinect1_rgb_optical_frame,0.32601800117204216,0.22996720206974777,-0.9169663837262509
1789385867,785494965,kinect1_rgb_optical_frame,0.14861121321350107,0.06782325723656603,-0.9865671356197884
1789385867,893731434,kinect1_rgb_optical_frame,0.06150418876334523,-0.10405849754343766,-0.9926676502503571
1789385868,5860261,kinect1_rgb_optical_frame,0.00864674979928457,-0.12171259002444747,-0.9925277221052565
1789385868,114157457,kinect1_rgb_optical_frame,0.020805211134632136,-0.13913324343101457,-0.9900550912762428
1789385868,219287360,kinect1_rgb_optical_frame,0.015625571006139552,-0.08896419979127082,-0.9959122514992127
1789385868,328806659,kinect1_rgb_optical_frame,0.010648373662079576,-0.10968282738762815,-0.9939095982606309
1789385868,433783302,kinect1_rgb_optical_frame,0.00883942972728376,-0.11031003262330744,-0.9938579180067648
1789385868,541040261,kinect1_rgb_optical_frame,0.03360793656474334,-0.09181781337172613,-0.9952085187273545
1789385868,652608218,kinect1_rgb_optical_frame,0.009711036558817865,-0.16623071118838734,-0.9860390694220774
1789385868,790045396,kinect1_rgb_optical_frame,0.14779654101393938,-0.0951385492365962,-0.9844312260963032
1789385868,898292319,kinect1_rgb_optical_frame,0.09982584204020487,-0.09933553189372793,-0.9900339657629703
1789385869,8706118,kinect1_rgb_optical_frame,0.7937597998031976,0.2429653597023148,-0.5575959237665862
1789385869,117881934,kinect1_rgb_optical_frame,0.8619617091104825,0.2501181795442008,-0.44097948737875653
1789385869,226677452,kinect1_rgb_optical_frame,0.859503746025056,0.280020051720629,-0.42760037558832004
1789385869,337601964,kinect1_rgb_optical_frame,0.8836824124843076,0.2572787722482086,-0.39104095337492306
1789385869,448426441,kinect1_rgb_optical_frame,0.8721440691426264,0.2438469059907257,-0.42415021996704416
1789385869,556360234,kinect1_rgb_optical_frame,0.8420393120801193,0.29346992297251184,-0.4525982779708154
1789385869,664444539,kinect1_rgb_optical_frame,0.8225092931479377,0.21805752843577964,-0.525289802849588
1789385869,771050293,kinect1_rgb_optical_frame,0.6925859269367859,0.18821319985195675,-0.696347991460161
1789385869,882565714,kinect1_rgb_optical_frame,0.3434771836377761,-0.0261873799971916,-0.9387958486535527
1789385869,991037166,kinect1_rgb_optical_frame,0.3251084788625436,-0.0612035494916528,-0.9436941254989912
1789385870,99635765,kinect1_rgb_optical_frame,0.8319836312145713,0.21825405241786866,-0.510067060291286
1789385870,206458014,kinect1_rgb_optical_frame,0.8326455639432079,0.18438450359250944,-0.5222104170548892
1789385870,315288510,kinect1_rgb_optical_frame,0.8612431940587559,0.1715282644424774,-0.47837037448490033
1789385870,431317454,kinect1_rgb_optical_frame,0.873168918526981,0.16997980862477774,-0.45681823997987037
1789385870,537952801,kinect1_rgb_optical_frame,0.7968784976477201,0.20370057399965966,-0.5687624602054199
1789385870,645108041,kinect1_rgb_optical_frame,0.17871323591927527,-0.054881883114325195,-0.9823693593618884
1789385870,752881338,kinect1_rgb_optical_frame,0.16228843937626938,-0.1530227450949755,-0.974805879100251
1789385870,861765780,kinect1_rgb_optical_frame,0.12703528483306306,-0.19183726914341465,-0.9731703337931031
1789385870,970735589,kinect1_rgb_optical_frame,0.09052884582093793,-0.18497914253763612,-0.9785638685851679
1789385871,78553953,kinect1_rgb_optical_frame,0.0893918433940392,-0.20285236714385824,-0.9751205133104057
1789385871,184949561,kinect1_rgb_optical_frame,0.6205587433431892,0.0786197115899675,-0.7802088098770946
1789385871,293689005,kinect1_rgb_optical_frame,0.7115491922804682,0.07875052437146998,-0.6982092106784555
1789385871,401647727,kinect1_rgb_optical_frame,0.7269852321041196,0.08319669886944933,-0.681594293990014
1789385871,512533865,kinect1_rgb_optical_frame,0.7739903355473549,0.13975235799345134,-0.6175825765956834
1789385871,620116256,kinect1_rgb_optical_frame,0.7498544895842258,0.23257669318706936,-0.6193757552863592
1789385871,730981288,kinect1_rgb_optical_frame,0.3675743809416903,0.30562996520498964,-0.8783389999562413
1789385871,839676744,kinect1_rgb_optical_frame,0.5145397996347848,0.2640092647899121,-0.8158111930446196
1789385871,949657287,kinect1_rgb_optical_frame,0.518402982044712,0.3106486617212205,-0.7967156062096215
1789385872,56766862,kinect1_rgb_optical_frame,0.5998629051839048,0.362472855605867,-0.7132867052828435
1789385872,164335420,kinect1_rgb_optical_frame,0.5084042997202703,0.40371747126572044,-0.7606163759877602
1789385872,269980820,kinect1_rgb_optical_frame,0.499478029254243,0.4185158533204646,-0.7585289571346244
1789385872,376484119,kinect1_rgb_optical_frame,0.45525556062818,0.38038445919697805,-0.8050155512277661
1789385872,485217280,kinect1_rgb_optical_frame,0.4699835839443867,0.42564289325360577,-0.7732681024363344
1789385872,592147192,kinect1_rgb_optical_frame,0.44773528476906704,0.4003636300506554,-0.7995261587374265
1789385872,702916664,kinect1_rgb_optical_frame,0.4250850920226128,0.39852021942606547,-0.8127018513875354
1789385872,811111701,kinect1_rgb_optical_frame,0.39268084566153416,0.3933574862992221,-0.8313071883623404
1789385872,919644471,kinect1_rgb_optical_frame,0.4834581833903332,0.4341834559997162,-0.7601005929803379
1789385873,26712275,kinect1_rgb_optical_frame,0.4046522723203778,0.44742576025138997,-0.7975379160700892
1789385873,135201197,kinect1_rgb_optical_frame,0.4752977454039405,0.41002557555834573,-0.7784414432710904
1789385873,243905941,kinect1_rgb_optical_frame,0.422758231584907,0.4258191740758002,-0.7999709423576619
1789385873,353656172,kinect1_rgb_optical_frame,0.42708711352379997,0.3869199527620546,-0.8172450964163189
1789385873,464241247,kinect1_rgb_optical_frame,0.2545443982266054,0.379180723903586,-0.8896230257538347
1789385873,574590464,kinect1_rgb_optical_frame,0.29753262738908054,0.40800245180921296,-0.8631386533788308
1789385873,682837575,kinect1_rgb_optical_frame,0.4991135184128905,0.40167295924445384,-0.7678180315343659
1789385873,792138143,kinect1_rgb_optical_frame,0.43505294424901403,0.44494863982530225,-0.7827832673338629
1789385873,902488341,kinect1_rgb_optical_frame,0.4920216583673825,0.40298779573973686,-0.7716965233705791
1789385874,9612174,kinect1_rgb_optical_frame,0.4722729480458226,0.3808090398097512,-0.7949482610480276
1789385874,117449843,kinect1_rgb_optical_frame,0.5410727135143665,0.44710827003103154,-0.7122741842577608
1789385874,226774231,kinect1_rgb_optical_frame,0.48301149325930737,0.435058156927658,-0.7598843974382705
1789385874,333969363,kinect1_rgb_optical_frame,0.4847612511110876,0.40586478102422546,-0.7747775867598201
1789385874,441510395,kinect1_rgb_optical_frame,0.4133625705504091,0.41848940892629627,-0.8087014281454419
1789385874,550313475,kinect1_rgb_optical_frame,0.4266719779576838,0.42972156135276907,-0.7957954529489447
1789385874,657902785,kinect1_rgb_optical_frame,0.4098794166146135,0.42396071331853147,-0.8076237845668651
1789385874,767559399,kinect1_rgb_optical_frame,0.4343119499978444,0.44396485805245844,-0.783752725611548
1789385874,877527223,kinect1_rgb_optical_frame,0.29047952629556,0.446703082331304,-0.8462139215581479
1789385874,985158592,kinect1_rgb_optical_frame,0.3632202430836565,0.4112877011630992,-0.8360104556081955
1789385875,92428671,kinect1_rgb_optical_frame,0.367154168660185,0.45003729082735927,-0.8140419235519871
1789385875,201859390,kinect1_rgb_optical_frame,0.4261631129361265,0.4520359722199945,-0.783612455868151
1789385875,311473606,kinect1_rgb_optical_frame,0.5924521937226777,0.4070500256933127,-0.6952054910141751
1789385875,421625777,kinect1_rgb_optical_frame,0.35941728118030764,0.44325612340913007,-0.8211840396946752
1789385875,530767147,kinect1_rgb_optical_frame,0.43215960295236067,0.4410578346944306,-0.7865787080964741
1789385875,637234761,kinect1_rgb_optical_frame,0.5060002237054173,0.4551779505601926,-0.7326505353399331
1789385875,745757395,kinect1_rgb_optical_frame,0.3830013142098063,0.4507345938257272,-0.8063177532724416
1789385875,852444716,kinect1_rgb_optical_frame,0.2758435782606232,0.4191099059974214,-0.8650186165783994
1789385875,960987982,kinect1_rgb_optical_frame,0.4137988728174059,0.42380296923744465,-0.8057056138072826
1789385876,67543087,kinect1_rgb_optical_frame,0.4403904664769783,0.4210639428396015,-0.7929447604193864
1789385876,176435979,kinect1_rgb_optical_frame,0.37403603737982216,0.4478123179520924,-0.8121337147487319
1789385876,285080931,kinect1_rgb_optical_frame,0.44888007338598507,0.4187167325144235,-0.7894193927371164
1789385876,389993469,kinect1_rgb_optical_frame,0.4041890794513962,0.4325603552725031,-0.8059297283875058
1789385876,496761841,kinect1_rgb_optical_frame,0.4259930514202226,0.41163671386938044,-0.8056582004401777
1789385876,606361071,kinect1_rgb_optical_frame,0.3964008278051197,0.41346057001896125,-0.819705276764162
1789385876,714916620,kinect1_rgb_optical_frame,0.3863364820363078,0.45144164734437714,-0.8043286403521913
1789385876,823489998,kinect1_rgb_optical_frame,0.5470841784018958,0.43439572049352043,-0.7155412355407884
1789385876,932603789,kinect1_rgb_optical_frame,0.5279515597001819,0.47762209972879754,-0.702242323176836
1789385877,42811017,kinect1_rgb_optical_frame,0.5472605484633433,0.45101161869012174,-0.7050492265807524
1789385877,155133369,kinect1_rgb_optical_frame,0.5176680635876738,0.4456937408066178,-0.7303265470645249
1789385877,262213619,kinect1_rgb_optical_frame,0.39863208031091285,0.3921183286543783,-0.8290571035099398
1789385877,367113484,kinect1_rgb_optical_frame,0.381552509374007,0.43450148132730054,-0.8158591455115153
1789385877,473604775,kinect1_rgb_optical_frame,0.37279207365101424,0.4300703681204365,-0.8222320525786678
1789385877,582767237,kinect1_rgb_optical_frame,0.4170838578781042,0.4109602279237062,-0.8106495830890268
1789385877,691468953,kinect1_rgb_optical_frame,0.33036178198489924,0.4517939113305342,-0.8286997976881733
1789385877,798314452,kinect1_rgb_optical_frame,0.3681298246939453,0.42419107106868253,-0.8273707557053301
1789385877,905509573,kinect1_rgb_optical_frame,0.32498085122043857,0.3944368227984916,-0.8595388526184669
1789385878,11641643,kinect1_rgb_optical_frame,0.41659030763301524,0.39707405695825887,-0.8177925830410417
1789385878,119257761,kinect1_rgb_optical_frame,0.39598377089905923,0.43613472403006137,-0.8080738553373594
1789385878,227841472,kinect1_rgb_optical_frame,0.3826346059824694,0.3928696592570041,-0.8362082211626036
1789385878,340585875,kinect1_rgb_optical_frame,0.4283099315454258,0.4292829258241523,-0.7951520434076794
1789385878,448095286,kinect1_rgb_optical_frame,0.3646368117308976,0.42412079259701413,-0.8289520787220492
1789385878,555147885,kinect1_rgb_optical_frame,0.43532646110251727,0.44922400064474355,-0.7801850226123864
1789385878,663131096,kinect1_rgb_optical_frame,0.452267365081561,0.42734152136069187,-0.7828367994692836
1789385878,770281938,kinect1_rgb_optical_frame,0.3555255566629143,0.4365274670291812,-0.826465576469227
1789385878,878303630,kinect1_rgb_optical_frame,0.4589461031567155,0.4119446065480384,-0.7871912826837244
1789385878,986003221,kinect1_rgb_optical_frame,0.5215431407732297,0.4038007934459893,-0.7516233574901624
1789385879,94889491,kinect1_rgb_optical_frame,0.40671982398178064,0.41785149628213475,-0.8123909845850154
1789385879,204356916,kinect1_rgb_optical_frame,0.5100748426234093,0.41866062805889026,-0.7513633830817416
1789385879,313326281,kinect1_rgb_optical_frame,0.5198046333874731,0.41644432346297316,-0.7459070106684755
1789385879,420142487,kinect1_rgb_optical_frame,0.46787929698001063,0.4139653927222473,-0.7808467308542737
1789385879,528445439,kinect1_rgb_optical_frame,0.464582381269022,0.4218674818297174,-0.7785827115914264
1789385879,638261149,kinect1_rgb_optical_frame,0.5311705792092075,0.4102093714022272,-0.7413407363664463
1789385879,747153551,kinect1_rgb_optical_frame,0.38813314502455776,0.4222069648160652,-0.8192032352195343
1789385879,855962239,kinect1_rgb_optical_frame,0.4775745334047136,0.3913193452423661,-0.786633164240077
1789385879,965855160,kinect1_rgb_optical_frame,0.4253897437034637,0.41773815345109994,-0.8028314898552291
1789385880,72535640,kinect1_rgb_optical_frame,0.562560901964389,0.40928582066856695,-0.7183386030143938
1789385880,178723242,kinect1_rgb_optical_frame,0.46865335998246915,0.4217876886619793,-0.776182435945524
1789385880,288796917,kinect1_rgb_optical_frame,0.6272243496117069,0.4573802630884113,-0.6303910771825272
1789385880,396856143,kinect1_rgb_optical_frame,0.5811179317413805,0.42638660383867694,-0.6931784860160761
1789385880,506566674,kinect1_rgb_optical_frame,0.5235855485724723,0.41826663398235303,-0.7422339228458477
1789385880,610394532,kinect1_rgb_optical_frame,0.5703271271176596,0.42954690515587685,-0.7001545717516419
1789385880,718512749,kinect1_rgb_optical_frame,0.40149068336865606,0.44717632553023146,-0.799273773530353
1789385880,824372001,kinect1_rgb_optical_frame,0.4828561988964001,0.4596228641864198,-0.7453836018483316
1789385880,932293470,kinect1_rgb_optical_frame,0.49172573134129566,0.44015934438988014,-0.7513092284027522
1789385881,42343805,kinect1_rgb_optical_frame,0.3822096324205604,0.46628722906698333,-0.797804497915357
1789385881,149826332,kinect1_rgb_optical_frame,0.5118104922515623,0.43457862390300106,-0.7410745169467019
1789385881,257125271,kinect1_rgb_optical_frame,0.4964869685557662,0.4198308850694521,-0.7597649096899028
1789385881,367823537,kinect1_rgb_optical_frame,0.46453509197705195,0.4540037087434488,-0.7603208406778454
1789385881,474309994,kinect1_rgb_optical_frame,0.4677162566713943,0.4430144999896344,-0.7648396276633636
1789385881,582794751,kinect1_rgb_optical_frame,0.5332802915736187,0.4463766633718856,-0.7185819403631981
1789385881,691415978,kinect1_rgb_optical_frame,0.4756306624895314,0.43199022345206245,-0.7662636098247173
1789385881,797678745,kinect1_rgb_optical_frame,0.4763936362675724,0.42567557802223677,-0.7693174933661618
1789385881,909534178,kinect1_rgb_optical_frame,0.4555579465503978,0.4393847437190816,-0.7742144433693432
1789385882,17927362,kinect1_rgb_optical_frame,0.48332002211522623,0.4524591863937835,-0.7494547623909082
1789385882,124498471,kinect1_rgb_optical_frame,0.4900720631373038,0.42687867542442487,-0.7600026114430365
1789385882,236995166,kinect1_rgb_optical_frame,0.464000675186357,0.43620622092119377,-0.77099124914376
1789385882,345500190,kinect1_rgb_optical_frame,0.5745894672641282,0.39488817930902465,-0.7168753517530987
1789385882,454289991,kinect1_rgb_optical_frame,0.4820026954104175,0.43244962106083956,-0.7620109755518149
1789385882,562647510,kinect1_rgb_optical_frame,0.5350612039826599,0.3916704210077205,-0.7485344275985317
1789385882,668970696,kinect1_rgb_optical_frame,0.46334221279223375,0.4223580852732713,-0.7790556088297501
1789385882,776816018,kinect1_rgb_optical_frame,0.3923156889105302,0.447673001591458,-0.8035404681039722
1789385882,883535506,kinect1_rgb_optical_frame,0.3638760867190265,0.4568251618832104,-0.8117296132237792
1789385882,989654589,kinect1_rgb_optical_frame,0.49675125695439687,0.44150616548419974,-0.7472017763319794
1789385883,97178810,kinect1_rgb_optical_frame,0.6277984912479991,0.4171203126730329,-0.6571755466709692
1789385883,207317889,kinect1_rgb_optical_frame,0.4589631996652097,0.4422130706855118,-0.7705844414909786
1789385883,310242627,kinect1_rgb_optical_frame,0.5141078575202984,0.42148313138202126,-0.7470241500756816
1789385883,415089780,kinect1_rgb_optical_frame,0.530541585477701,0.43603737012320665,-0.7269092363801997
1789385883,516529490,kinect1_rgb_optical_frame,0.4901078695829368,0.4385580445556343,-0.7533001511538502
1789385883,621450122,kinect1_rgb_optical_frame,0.4886949112008221,0.46021966363460626,-0.7411984518133254
1789385883,729026031,kinect1_rgb_optical_frame,0.567193763062535,0.4150630495078766,-0.7113465400746551
1789385883,836469769,kinect1_rgb_optical_frame,0.5267571081935642,0.44266368267403594,-0.7256554368355645
1789385883,946994570,kinect1_rgb_optical_frame,0.5275808410161449,0.41411578932751497,-0.7417321411549769
1789385884,54105326,kinect1_rgb_optical_frame,0.47064732774559037,0.4502215815634058,-0.7588093438937612
1789385884,162143078,kinect1_rgb_optical_frame,0.320950175521167,0.45441811230764645,-0.830960386564659
1789385884,271202844,kinect1_rgb_optical_frame,0.46056766458282083,0.42501166094932646,-0.779257668809118
1789385884,379999234,kinect1_rgb_optical_frame,0.2898823571324495,0.4483330857394973,-0.8455564222774467
1789385884,490985511,kinect1_rgb_optical_frame,0.35445869465465785,0.4246682169693039,-0.8330761905611205
1789385884,596923174,kinect1_rgb_optical_frame,0.6339286996915386,0.45169409971353924,-0.6277792956058447
1789385884,703556594,kinect1_rgb_optical_frame,0.6234808706071997,0.4809570129526834,-0.6164024299745423
1789385884,810715269,kinect1_rgb_optical_frame,0.46964425117625663,0.44199031594594285,-0.7642505073253788
1789385884,919870438,kinect1_rgb_optical_frame,0.4531931799357237,0.4235005364913005,-0.7843871730537971
1789385885,26412715,kinect1_rgb_optical_frame,0.41646972162016377,0.3986295505321562,-0.8170969663486425
1789385885,137225491,kinect1_rgb_optical_frame,0.4253369108384579,0.3837506704789062,-0.8196486657009745
1789385885,245084081,kinect1_rgb_optical_frame,0.41116939282460463,0.4178212793833199,-0.8101636309405229
1789385885,353789124,kinect1_rgb_optical_frame,0.46139568617407795,0.3789139856984431,-0.802208334675022
1789385885,460942002,kinect1_rgb_optical_frame,0.48316851333995386,0.3667394778312196,-0.7950159389074808
1789385885,567465844,kinect1_rgb_optical_frame,0.45962467750580294,0.40616763784078863,-0.7897930145288198
1789385885,673903106,kinect1_rgb_optical_frame,0.40139980128092706,0.40520580459997324,-0.8213929969570721
1789385885,783351887,kinect1_rgb_optical_frame,0.5019602213622467,0.40769605607569226,-0.7627711727840076
1789385885,893468667,kinect1_rgb_optical_frame,0.3395681377039862,0.4162054656493979,-0.8434847302825431
1789385886,1516251,kinect1_rgb_optical_frame,0.556874190790951,0.3972570897907208,-0.7294367280593503
1789385886,107946111,kinect1_rgb_optical_frame,0.6226279867980594,0.4590557494644789,-0.6337209235455313
1789385886,215559918,kinect1_rgb_optical_frame,0.6870467952907003,0.43622448356402105,-0.5810980132646141
1789385886,318647251,kinect1_rgb_optical_frame,0.5653404402439212,0.39022535825827065,-0.7267147696290573
1789385886,426618928,kinect1_rgb_optical_frame,0.6404874297964727,0.4575049256359368,-0.6168185270333281
1789385886,538751829,kinect1_rgb_optical_frame,0.639549973245084,0.43053539775195415,-0.6368791902745599
1789385886,648548331,kinect1_rgb_optical_frame,0.48093950518322554,0.4071210184385121,-0.776498337860232
1789385886,760276211,kinect1_rgb_optical_frame,0.48155542246344946,0.42342342923983683,-0.7673441044712767
1789385886,869127723,kinect1_rgb_optical_frame,0.4675987390913538,0.4044948056677253,-0.7859614312343866
1789385886,980652903,kinect1_rgb_optical_frame,0.7255252916917213,0.4840904030688883,-0.4891518504229989
1789385887,90511552,kinect1_rgb_optical_frame,0.6345844919794654,0.35174812193735283,-0.6881684250622875
1789385887,199411066,kinect1_rgb_optical_frame,0.5193732604171339,0.41723436802351505,-0.7457659810581965
1789385887,305010176,kinect1_rgb_optical_frame,0.455836742514936,0.41812770496068713,-0.7857366521409578
1789385887,412803726,kinect1_rgb_optical_frame,0.6044462928852848,0.3662005652980748,-0.7074898055750395
1789385887,519143897,kinect1_rgb_optical_frame,0.511189771955919,0.3849798934986927,-0.7684240357051507
1789385887,624524575,kinect1_rgb_optical_frame,0.4664643260787385,0.4194894472148134,-0.7787423426084642
1789385887,734865212,kinect1_rgb_optical_frame,0.4507639097611542,0.38286551575336103,-0.8063658564843572
1789385887,841277484,kinect1_rgb_optical_frame,0.43106159679747447,0.36303338484324427,-0.8260706151750397
1789385887,948735348,kinect1_rgb_optical_frame,0.42335618594312646,0.4125299807249145,-0.8065906984504537
1789385888,55932481,kinect1_rgb_optical_frame,0.5456117550806459,0.3668750808534596,-0.7534656513515298
1789385888,163343027,kinect1_rgb_optical_frame,0.565715083236245,0.37932014771462136,-0.7321766659330017
1789385888,271514565,kinect1_rgb_optical_frame,0.3886851707453509,0.38078335669932123,-0.8390040961184009
1789385888,377648459,kinect1_rgb_optical_frame,0.40012833961368643,0.40546511613133845,-0.8218852422562378
1789385888,490281241,kinect1_rgb_optical_frame,0.3311302447098541,0.3933968046900251,-0.8576664358001137
1789385888,596345290,kinect1_rgb_optical_frame,0.49637658956690034,0.3741881487245395,-0.7833220989376177
1789385888,704032092,kinect1_rgb_optical_frame,0.4956659588728782,0.41784578326591026,-0.7613935635540454
1789385888,812784585,kinect1_rgb_optical_frame,0.6498296470953715,0.4098405669493097,-0.640118847901367
1789385888,922502242,kinect1_rgb_optical_frame,0.6671837860354054,0.4457862598351654,-0.5967750046656083
1789385889,27022211,kinect1_rgb_optical_frame,0.5591608068261144,0.40333375341701244,-0.7243349194013178
1789385889,136454311,kinect1_rgb_optical_frame,0.5779186963015903,0.41658396677663356,-0.7017604855573694
1789385889,242834039,kinect1_rgb_optical_frame,0.6278295010120934,0.4263461672778302,-0.6511981751405713
1789385889,348388238,kinect1_rgb_optical_frame,0.48135432977960957,0.40067886776593015,-0.7795860787162859
1789385889,455576539,kinect1_rgb_optical_frame,0.5100441932080848,0.41605780111487806,-0.7528285509371748
1789385889,565462404,kinect1_rgb_optical_frame,0.426770933023411,0.4089956088223123,-0.8065910752608124
1789385889,671048659,kinect1_rgb_optical_frame,0.46481524656392864,0.3868499572397955,-0.7964257009572725
1789385889,784387593,kinect1_rgb_optical_frame,0.41318849223315657,0.40422896642737366,-0.8160111595971884
1789385889,899987425,kinect1_rgb_optical_frame,0.49138923603890644,0.40323094032219375,-0.7719724266267413
1789385890,8352715,kinect1_rgb_optical_frame,0.43001842217964453,0.4658148228830674,-0.7733697093683883
1789385890,117368208,kinect1_rgb_optical_frame,0.5738450943257689,0.3700233288642069,-0.7306056007275747
1789385890,223758323,kinect1_rgb_optical_frame,0.48333304421502793,0.3860696050784536,-0.7857095063726801
1789385890,329771993,kinect1_rgb_optical_frame,0.4765161426300921,0.4020985691344209,-0.7818242171441028
1789385890,435282609,kinect1_rgb_optical_frame,0.5071456010306717,0.386919870318699,-0.7701274915933076
1789385890,544829035,kinect1_rgb_optical_frame,0.4663576244731035,0.4141152467915342,-0.7816771254620353
1789385890,651360149,kinect1_rgb_optical_frame,0.450127311929986,0.40588820499471706,-0.7953868040776461
1789385890,758243137,kinect1_rgb_optical_frame,0.49631671003993666,0.37145652197147827,-0.7846590186953732
1789385890,865093539,kinect1_rgb_optical_frame,0.5043263133092376,0.4131461514945816,-0.7582646155591918
1789385890,971944072,kinect1_rgb_optical_frame,0.44244741496691986,0.3935976049556987,-0.8058046974064051
1789385891,80569676,kinect1_rgb_optical_frame,0.4007816268915173,0.38893534327059887,-0.8295199734190674
1789385891,187813941,kinect1_rgb_optical_frame,0.5023435884556566,0.38358812811041043,-0.7749264914236996
1789385891,298403308,kinect1_rgb_optical_frame,0.5288371032327783,0.4266856731344831,-0.7336693087393917
1789385891,404036748,kinect1_rgb_optical_frame,0.49671482045580884,0.41341180662542565,-0.7631284723310062
1789385891,511468942,kinect1_rgb_optical_frame,0.5510237699483524,0.38564630165554764,-0.7400336039473502
1789385891,614858331,kinect1_rgb_optical_frame,0.4881294018011184,0.4022822018732615,-0.774531288685798
1789385891,724756883,kinect1_rgb_optical_frame,0.5160932700599629,0.4387538478194297,-0.7356240871684798
1789385891,832412812,kinect1_rgb_optical_frame,0.49973345088958165,0.4522680854553271,-0.738728676132559
1789385891,940730586,kinect1_rgb_optical_frame,0.43474499619913526,0.3838636119848515,-0.8146444105704999
1789385892,49535938,kinect1_rgb_optical_frame,0.4772382474663047,0.40104601184396005,-0.7819243899120583
1789385892,158254875,kinect1_rgb_optical_frame,0.43785669575221664,0.3922851187003868,-0.8089461660896691
1789385892,264322503,kinect1_rgb_optical_frame,0.580965237063362,0.3961876069070232,-0.7109956212644334
1789385892,371531009,kinect1_rgb_optical_frame,0.4698667493649983,0.4109850334198623,-0.7812275853719226
1789385892,482953873,kinect1_rgb_optical_frame,0.5845554822475457,0.3897462104593159,-0.7116128017447002
1789385892,591770121,kinect1_rgb_optical_frame,0.3247423925397596,0.4017439730321382,-0.8562383772174109
1789385892,701739399,kinect1_rgb_optical_frame,0.31528555661851143,0.4203740550769882,-0.8508117721364019
1789385892,814109210,kinect1_rgb_optical_frame,0.6858716745958282,0.4618526523745472,-0.562380808244476
1789385892,919999399,kinect1_rgb_optical_frame,0.5621943526324298,0.40505785328171745,-0.7210170908952228
1789385893,27129810,kinect1_rgb_optical_frame,0.6123088720051852,0.4028526970616252,-0.680284903355875
1789385893,133395778,kinect1_rgb_optical_frame,0.5260615583942367,0.4745496191482905,-0.705735003911553
1789385893,236550131,kinect1_rgb_optical_frame,0.6096319669069801,0.3643784184707494,-0.7039724661361992
1789385893,346028864,kinect1_rgb_optical_frame,0.41626164468655835,0.4376967024319659,-0.7969616300945891
1789385893,454523734,kinect1_rgb_optical_frame,0.4020057151618045,0.39389149731080747,-0.8265838695035709
1789385893,562921948,kinect1_rgb_optical_frame,0.46374068729152634,0.43066587929308575,-0.7742554328922053
1789385893,673757933,kinect1_rgb_optical_frame,0.5684774457391129,0.41823111759507375,-0.708460391243653
1789385893,779722051,kinect1_rgb_optical_frame,0.49109159289547477,0.35862138433388796,-0.7938638107923998
1789385893,888072045,kinect1_rgb_optical_frame,0.42517718253677445,0.420657128557894,-0.8014187068215453
1789385893,995035646,kinect1_rgb_optical_frame,0.4949884525306999,0.42028611523749515,-0.7604906397844999
1789385894,107858621,kinect1_rgb_optical_frame,0.8313332093960878,0.2856496034220517,-0.4767487797782235
1789385894,221353230,kinect1_rgb_optical_frame,0.17889034887598088,0.008988885226090093,-0.9838279539743837
1789385894,327167931,kinect1_rgb_optical_frame,0.19215915834480055,-0.013873970176417444,-0.9812656983792727
1789385894,434987276,kinect1_rgb_optical_frame,0.22023909597488814,0.027732238027757913,-0.975051620981236
1789385894,542620939,kinect1_rgb_optical_frame,0.15132445640553893,0.05864270936421965,-0.9867430980412236
1789385894,652106126,kinect1_rgb_optical_frame,0.19018833425257065,0.07489693065159603,-0.9788865344324655
1789385894,765324269,kinect1_rgb_optical_frame,0.12927382987007707,0.014382779135004,-0.9915046205515515
1789385894,871274745,kinect1_rgb_optical_frame,0.14841712880411478,-0.022212272825229917,-0.9886753616903177
1789385894,979121298,kinect1_rgb_optical_frame,0.11595541701934896,-0.057490918824198774,-0.991589196954373
1789385895,91715777,kinect1_rgb_optical_frame,0.036671993079105784,-0.10574345602056309,-0.993717005204416
1789385895,198857346,kinect1_rgb_optical_frame,0.018159657379137085,-0.11967803780860017,-0.9926466612597635
1789385895,308595669,kinect1_rgb_optical_frame,-0.0007696266949255234,-0.12596795078461434,-0.9920340130509011
1789385895,418890806,kinect1_rgb_optical_frame,0.17436245348547355,-0.08782299383873027,-0.9807572872875983
1789385895,523577120,kinect1_rgb_optical_frame,0.14722767423526695,-0.10519957441755434,-0.9834922783030071
1789385895,628877987,kinect1_rgb_optical_frame,0.21639648666334507,-0.08659715929034659,-0.9724574502581608
1789385895,732066745,kinect1_rgb_optical_frame,0.17982779294279627,-0.09997261778889058,-0.9786048439374083
1789385895,839954227,kinect1_rgb_optical_frame,0.1816359661705243,-0.0852896400776675,-0.9796601722478678
1789385895,948623418,kinect1_rgb_optical_frame,0.13439317806580858,-0.12871252408955147,-0.982533235993505
1789385896,57823251,kinect1_rgb_optical_frame,0.2713175443913705,-0.09018342417094515,-0.958255571395356
1789385896,167278181,kinect1_rgb_optical_frame,0.2418349887283277,-0.09073934787191405,-0.9660653233475206
1789385896,277738558,kinect1_rgb_optical_frame,0.24514222826877125,-0.1427939680227868,-0.9589135365692409
1789385896,384414163,kinect1_rgb_optical_frame,0.16205894574931667,-0.13400790908660945,-0.9776393907800848
1789385896,490681849,kinect1_rgb_optical_frame,0.13570202595002487,-0.13976439800473528,-0.98084192059854
1789385896,596270715,kinect1_rgb_optical_frame,0.13457103717377833,-0.10117396631020212,-0.9857253494229697
1789385896,705885101,kinect1_rgb_optical_frame,0.10226799542919712,-0.1315160853284176,-0.9860247341779932
1789385896,818018450,kinect1_rgb_optical_frame,0.1459477158118379,-0.1113750758696944,-0.9830029790007387
1789385896,925231084,kinect1_rgb_optical_frame,-0.04476107802910285,-0.16797598982479955,-0.9847743460996795
1789385897,32897231,kinect1_rgb_optical_frame,-0.011427610709312528,-0.13770417978382254,-0.990407476033749
1789385897,140089264,kinect1_rgb_optical_frame,-0.023286714299717473,-0.16805258001559678,-0.9855029473762241
1789385897,246755557,kinect1_rgb_optical_frame,-0.10455075833562559,-0.21084306402831307,-0.9719127230788773
1789385897,354627645,kinect1_rgb_optical_frame,-0.1146890565141179,-0.11051401149706278,-0.9872350650066724
1789385897,465694821,kinect1_rgb_optical_frame,-0.09927154861700485,-0.1604565094201437,-0.9820381195350234
1789385897,572910407,kinect1_rgb_optical_frame,-0.13832365829042897,-0.15280132615316214,-0.9785286507215758
1789385897,679534978,kinect1_rgb_optical_frame,-0.1761362165826276,-0.15647483988664132,-0.9718496065186258
1789385897,786621505,kinect1_rgb_optical_frame,0.021772622657919585,-0.11902841972971777,-0.992652098269702
1789385897,896672994,kinect1_rgb_optical_frame,0.22845055156837787,-0.08678137169266917,-0.9696800188800648
1789385898,5035116,kinect1_rgb_optical_frame,0.2211235061419013,-0.1252230270239439,-0.9671729879057175
1789385898,113304015,kinect1_rgb_optical_frame,0.151755250958061,-0.13939738970782353,-0.9785390700167782
1789385898,221912509,kinect1_rgb_optical_frame,0.1415250462639653,-0.15530369427379492,-0.9776765435587038
1789385898,332105296,kinect1_rgb_optical_frame,0.12035373389468942,-0.11462118455506994,-0.9860917618501834
1789385898,443313604,kinect1_rgb_optical_frame,0.10858173520807159,-0.1520473162833759,-0.982390767663371
1789385898,551073875,kinect1_rgb_optical_frame,0.20210428620522855,-0.03659533353713204,-0.97868004938324
1789385898,659415792,kinect1_rgb_optical_frame,0.1155482019601267,0.22026046224195284,-0.9685731473651038
1789385898,767614782,kinect1_rgb_optical_frame,0.05068309229738886,0.1675319700335556,-0.9845629808051135
1789385898,877369689,kinect1_rgb_optical_frame,0.07027765344325722,0.1571490317103225,-0.9850711818234343
1789385898,986183817,kinect1_rgb_optical_frame,0.24002085907248835,0.18614089751922558,-0.952754718424864
1789385899,95398727,kinect1_rgb_optical_frame,0.3509274911833506,0.16669704566436644,-0.9214455984476412
1789385899,202148285,kinect1_rgb_optical_frame,0.27113558231523405,-0.09204447957931887,-0.9581301110921999
1789385899,305601217,kinect1_rgb_optical_frame,0.25125026972768133,-0.10269591404301062,-0.9624587529866607
1789385899,412570646,kinect1_rgb_optical_frame,0.19889136910444422,-0.1563308558667096,-0.9674724217256748
1789385899,520209067,kinect1_rgb_optical_frame,0.20091174640459072,-0.15250934360141455,-0.9676649059829147
1789385899,627409224,kinect1_rgb_optical_frame,0.45451982444074523,0.09325692005992242,-0.8858413379670714
1789385899,739645828,kinect1_rgb_optical_frame,0.20085045422679856,-0.13114958972158347,-0.9708032139176039
1789385899,849671985,kinect1_rgb_optical_frame,0.18661246485025373,-0.09539429167673896,-0.9777912441201374
1789385899,959389950,kinect1_rgb_optical_frame,0.12374889809566718,-0.14330414252564824,-0.981911469000692
1789385900,67530942,kinect1_rgb_optical_frame,0.1557333221481104,-0.14707399357984483,-0.9767888066440916
1789385900,173784507,kinect1_rgb_optical_frame,0.1957488860954613,-0.14326352817062094,-0.9701329471203892
1789385900,280178546,kinect1_rgb_optical_frame,0.16709491101246846,-0.13722339727589775,-0.9763447290551613
1789385900,392351684,kinect1_rgb_optical_frame,0.1546368806699771,-0.12335291247259826,-0.9802405287077182
1789385900,499561176,kinect1_rgb_optical_frame,0.11579909571201114,-0.1420035673256907,-0.9830694564978909
1789385900,606161141,kinect1_rgb_optical_frame,0.1347594907354422,-0.15975877664810006,-0.9779146245662894
1789385900,714055505,kinect1_rgb_optical_frame,0.15683294095531847,-0.10047999756559264,-0.9825004828093085
1789385900,824742547,kinect1_rgb_optical_frame,0.19174416910597863,-0.1569175739477778,-0.9688194096941914
1789385900,931104500,kinect1_rgb_optical_frame,0.17135588052879738,-0.16018502151166522,-0.972099748529701
1789385901,37334666,kinect1_rgb_optical_frame,0.1745164937494933,-0.09545823742846793,-0.980016182680895
1789385901,143662441,kinect1_rgb_optical_frame,0.21440658977327282,-0.160138777049157,-0.963527574253584
1789385901,250198384,kinect1_rgb_optical_frame,0.2465557768901136,-0.12885382248902735,-0.960524305424948
1789385901,360499327,kinect1_rgb_optical_frame,0.2077907599404138,-0.10221506419444214,-0.9728181128736817
1789385901,471707971,kinect1_rgb_optical_frame,0.1425213862328728,-0.16461819345706563,-0.9760064061517181
1789385901,585851522,kinect1_rgb_optical_frame,0.1897851091240319,-0.1342676074307035,-0.972601574104018
1789385901,694570425,kinect1_rgb_optical_frame,0.2234339765557136,-0.13619658960429595,-0.9651568510354469
1789385901,802109264,kinect1_rgb_optical_frame,0.23640216795168312,-0.12499721497574309,-0.9635817096832276
1789385901,910340031,kinect1_rgb_optical_frame,0.2551566833837321,-0.14278812762991241,-0.9562983935637233
1789385902,19712877,kinect1_rgb_optical_frame,0.10494837080156261,-0.17761083859438523,-0.9784887477533388
1789385902,131165822,kinect1_rgb_optical_frame,0.1984580227289525,-0.14776557596260204,-0.9689064700862282
1789385902,241270286,kinect1_rgb_optical_frame,0.20697626661099403,-0.1755294400757414,-0.9624709038337063
1789385902,348756147,kinect1_rgb_optical_frame,0.2081655080376442,-0.202420209801925,-0.9569185858406002
1789385902,455911985,kinect1_rgb_optical_frame,0.22464320830255896,-0.18319307510560348,-0.9570662078439954
1789385902,562037449,kinect1_rgb_optical_frame,0.2100100414625891,-0.1824585384274135,-0.9605231200964471
1789385902,668603784,kinect1_rgb_optical_frame,0.19064656194453317,-0.20712262610170384,-0.9595593291586837
1789385902,783472930,kinect1_rgb_optical_frame,0.25963794410805746,-0.1423649956494318,-0.9551546188932337
1789385902,890151901,kinect1_rgb_optical_frame,0.21637355555531898,-0.14437771016827958,-0.965576284538365
1789385903,2271627,kinect1_rgb_optical_frame,0.22991035333141768,-0.16010362278556878,-0.9599521130775008
1789385903,109092940,kinect1_rgb_optical_frame,0.2279053879490074,-0.14159754262525817,-0.9633323777732692
1789385903,216699170,kinect1_rgb_optical_frame,0.23852956097695205,-0.097777489560297,-0.9662003990246685
1789385903,326407517,kinect1_rgb_optical_frame,0.27867176788475695,-0.10271482737588376,-0.9548778508380674
1789385903,437624124,kinect1_rgb_optical_frame,0.17598300129481495,-0.17693480439280757,-0.9683615328221935
1789385903,545886362,kinect1_rgb_optical_frame,0.16080169737400546,-0.21170375612984493,-0.9640146958227109
1789385903,654426870,kinect1_rgb_optical_frame,0.17431573999938824,-0.19739041274022473,-0.9647025695760894
1789385903,767385350,kinect1_rgb_optical_frame,0.17797013581287327,-0.1955076802856559,-0.964418673454672
1789385903,875962974,kinect1_rgb_optical_frame,0.4591077366735544,0.13009903232974174,-0.878802781011389
1789385903,983471887,kinect1_rgb_optical_frame,0.2577433946581514,-0.014185612187123213,-0.9661092644814918
1789385904,92256494,kinect1_rgb_optical_frame,0.17536630257099564,-0.1907026389098097,-0.9658566992237579
1789385904,199713676,kinect1_rgb_optical_frame,0.14364348937568205,-0.18316699984224902,-0.9725309239961308
1789385904,311261122,kinect1_rgb_optical_frame,0.11088234995950248,-0.22948249488107922,-0.9669761574157937
1789385904,419194444,kinect1_rgb_optical_frame,0.05436463222908764,-0.19545713157968947,-0.9792042669827558
1789385904,528925659,kinect1_rgb_optical_frame,0.05060288763497962,-0.1895507818943579,-0.9805660859147838
1789385904,637049404,kinect1_rgb_optical_frame,-0.013633254926080992,-0.15708233838217117,-0.9874914041795552
1789385904,748149586,kinect1_rgb_optical_frame,-0.09320622859973464,-0.14160785358173536,-0.9855251466878904
1789385904,863560546,kinect1_rgb_optical_frame,-0.07263211766260604,-0.1762785322924673,-0.9816569943400083
1789385904,977378463,kinect1_rgb_optical_frame,-0.12546469173076588,-0.17788319080548037,-0.9760205845973562
1789385905,90995287,kinect1_rgb_optical_frame,-0.14277972936416675,-0.1997602557333088,-0.96938629509193
1789385905,199899362,kinect1_rgb_optical_frame,-0.13923834391059345,-0.14173932799279382,-0.9800625727397136
1789385905,307814341,kinect1_rgb_optical_frame,0.22332281135329943,-0.1606544181921275,-0.9614141042467641
1789385905,416913583,kinect1_rgb_optical_frame,0.2483746882195597,-0.15269865443121,-0.9565527351833428
1789385905,530900841,kinect1_rgb_optical_frame,0.21662349879757714,-0.11139616308134993,-0.969878938125501
1789385905,637104406,kinect1_rgb_optical_frame,0.1931273265486804,-0.21934691537631107,-0.956341344110489
1789385905,755678910,kinect1_rgb_optical_frame,0.17510272180482317,-0.30262976138438624,-0.9368854061948944
1789385905,869999281,kinect1_rgb_optical_frame,0.1751775234506648,-0.31828452641779537,-0.9316693595480595
1789385905,981972999,kinect1_rgb_optical_frame,0.09278184507219234,-0.3395276078788746,-0.9360088315358188
1789385906,90857368,kinect1_rgb_optical_frame,0.10931362147335749,-0.3219039905572685,-0.9404405100928425
1789385906,199557517,kinect1_rgb_optical_frame,0.19993268488137517,-0.18073349612870326,-0.9629965342062353
1789385906,307331100,kinect1_rgb_optical_frame,0.24137781353900264,-0.24691107442576832,-0.9384943646378721
1789385906,415334658,kinect1_rgb_optical_frame,0.27819655019247824,-0.26110293548290636,-0.9243548758692266
1789385906,521850656,kinect1_rgb_optical_frame,0.6462789327442474,0.0008224247958985156,-0.763100822112263
1789385906,629269001,kinect1_rgb_optical_frame,0.7696954897229663,0.0425246312713872,-0.6369933350007327
1789385906,735637963,kinect1_rgb_optical_frame,0.8603449671329546,0.08028000871556178,-0.5033504323328079
1789385906,847004634,kinect1_rgb_optical_frame,0.4706641691488438,0.2421597040601311,-0.8484302667921144
1789385906,955618355,kinect1_rgb_optical_frame,0.42360038697886687,0.3054110624119931,-0.8528111133819329
1789385907,63798020,kinect1_rgb_optical_frame,0.394018153133813,0.2941710417067952,-0.870754324262681
1789385907,186575364,kinect1_rgb_optical_frame,0.2611344809592342,0.2911170104162621,-0.9203584459874584
1789385907,294589854,kinect1_rgb_optical_frame,0.31108784356678715,0.34079764964620285,-0.8871760341558997
1789385907,412002228,kinect1_rgb_optical_frame,0.31045394693915357,0.3411561744772624,-0.8872602839336048
1789385907,529175804,kinect1_rgb_optical_frame,0.2987762318001024,0.3362473562762533,-0.8931239996263464
1789385907,648085828,kinect1_rgb_optical_frame,0.8868549904579699,0.25741717805222164,-0.3836986087327201
1789385907,758409602,kinect1_rgb_optical_frame,0.17862789527615294,-0.1687792696117344,-0.9693325709881729
1789385907,871437421,kinect1_rgb_optical_frame,0.08356805329717176,-0.19450995259287157,-0.9773342615556051
1789385907,983794000,kinect1_rgb_optical_frame,0.1449253014771808,-0.23527708660510321,-0.9610626147709437
1789385908,91701880,kinect1_rgb_optical_frame,0.1414165203734139,-0.2711032815397856,-0.9521052349944493
1789385908,202524038,kinect1_rgb_optical_frame,0.12562024202084246,-0.21972684193904957,-0.9674397499204366
1789385908,312488961,kinect1_rgb_optical_frame,0.24921602952077235,-0.2244683454407454,-0.9420750142769926
1789385908,421581821,kinect1_rgb_optical_frame,0.23310982690688836,-0.24497429312438107,-0.9410884147133309
1789385908,529141852,kinect1_rgb_optical_frame,0.18863304154977217,-0.29634768077068535,-0.9362668571179469
1789385908,637515510,kinect1_rgb_optical_frame,0.2103214612592712,-0.28363048068218294,-0.9355846478869557
1789385908,748407665,kinect1_rgb_optical_frame,0.11066919105593265,-0.22605309161960727,-0.9678080026122139
1789385908,861487567,kinect1_rgb_optical_frame,0.10885568150636205,-0.25070559373640017,-0.9619236694629488
1789385908,969682526,kinect1_rgb_optical_frame,-0.06630233955922406,-0.22355361851546368,-0.97243394604344
1789385909,78505230,kinect1_rgb_optical_frame,-0.08239254851251135,-0.24674920089590555,-0.965570453051897
1789385909,190081651,kinect1_rgb_optical_frame,-0.09045108972474646,-0.22180139805652413,-0.9708876043022577
1789385909,298484066,kinect1_rgb_optical_frame,-0.09012060733313829,-0.22532818587409842,-0.9701059142096775
1789385909,407670007,kinect1_rgb_optical_frame,-0.11871549753498792,-0.21059260617812647,-0.9703387990120383
1789385909,518059868,kinect1_rgb_optical_frame,0.003894557496842476,-0.26595541933209826,-0.9639774620548924
1789385909,627193405,kinect1_rgb_optical_frame,0.01948968090375459,-0.2805908586101302,-0.9596295756189989
1789385909,731416463,kinect1_rgb_optical_frame,0.0672479654701377,-0.2760666426280672,-0.9587830411350601
1789385909,838122154,kinect1_rgb_optical_frame,0.06516607222241627,-0.274823226884261,-0.959283887593253
1789385909,954634070,kinect1_rgb_optical_frame,0.16737419529828587,-0.24883491984635212,-0.9539743505007411
1789385910,62643318,kinect1_rgb_optical_frame,0.03798021766899024,-0.31329002099778425,-0.9488977109304375
1789385910,174403258,kinect1_rgb_optical_frame,0.027056039287268928,-0.24724710244851147,-0.9685746440357094
1789385910,281807209,kinect1_rgb_optical_frame,-0.0488462521024134,-0.2447053361821282,-0.9683663263969577
1789385910,387809778,kinect1_rgb_optical_frame,-0.012953272066639055,-0.2809042695902602,-0.9596483752233055
1789385910,499335842,kinect1_rgb_optical_frame,-0.026574057940105325,-0.300442021384274,-0.9534298145281211
1789385910,610251825,kinect1_rgb_optical_frame,0.205748431648622,-0.10358164356104245,-0.9731076127496514
1789385910,718426868,kinect1_rgb_optical_frame,0.1879193412095507,-0.13105181021240986,-0.9734021492884732
1789385910,826065014,kinect1_rgb_optical_frame,0.19436114442924707,-0.10805529423165987,-0.9749604089011322
1789385910,935309545,kinect1_rgb_optical_frame,0.2197742614057633,-0.10801027463869937,-0.9695530179397226
1789385911,50320159,kinect1_rgb_optical_frame,0.10592426017405684,-0.13216412252823662,-0.9855519752011662
1789385911,160253880,kinect1_rgb_optical_frame,0.21096799771621474,-0.09729113594769072,-0.9726391616656299
1789385911,271818850,kinect1_rgb_optical_frame,0.08573912137160677,-0.1157024572557878,-0.9895765480504263
1789385911,380667129,kinect1_rgb_optical_frame,0.06764900406379201,-0.1721746897771733,-0.9827408043066652
1789385911,486856758,kinect1_rgb_optical_frame,-0.04027597474560271,-0.1400018889030463,-0.9893317527310395
1789385911,594361676,kinect1_rgb_optical_frame,0.0017380032174638134,-0.16635352101080592,-0.9860646456455701
1789385911,704043120,kinect1_rgb_optical_frame,0.17788765110397325,-0.10244166248017306,-0.9787040867254052
1789385911,812814678,kinect1_rgb_optical_frame,0.1973147582037924,-0.04621030394972762,-0.9792504756209479
1789385911,920956193,kinect1_rgb_optical_frame,0.1087777584621582,-0.09478863428050159,-0.9895365147760773
1789385912,25333590,kinect1_rgb_optical_frame,0.04866391297839939,-0.1747931427100141,-0.9834018409761024
1789385912,132346178,kinect1_rgb_optical_frame,0.027761202513377922,-0.14887834650675522,-0.9884657574121756
1789385912,249219538,kinect1_rgb_optical_frame,0.5869068003355098,-0.2659251388332531,-0.7647380128229858
1789385912,362863490,kinect1_rgb_optical_frame,0.550854022182665,-0.2872041505430384,-0.7836284975395114
1789385912,481274767,kinect1_rgb_optical_frame,0.558884969178608,-0.29880361903470204,-0.7735399074889358
1789385912,591805224,kinect1_rgb_optical_frame,0.5509639940256515,-0.32799340179946107,-0.767371491302172
1789385912,699720512,kinect1_rgb_optical_frame,0.5516709340027708,-0.3354824185389932,-0.7636168721471117
1789385912,809192010,kinect1_rgb_optical_frame,0.5791169318245426,-0.2784444344209685,-0.7662194700045902
1789385912,915917611,kinect1_rgb_optical_frame,0.7377787669248481,0.16038488062119957,-0.6557127276048365
1789385913,23749739,kinect1_rgb_optical_frame,0.6310480528822541,0.09712439561388908,-0.7696396603152366
1789385913,135652458,kinect1_rgb_optical_frame,0.6851469906024071,0.14281687234382529,-0.7142667164598898
1789385913,248789870,kinect1_rgb_optical_frame,0.058886629977501985,0.16409009011537232,-0.9846861465136095
1789385913,356164394,kinect1_rgb_optical_frame,0.14353228677861005,0.17603276757933767,-0.9738639265269362
1789385913,465386742,kinect1_rgb_optical_frame,0.6452619207798223,0.17210938415755045,-0.7443221167454607
1789385913,573333669,kinect1_rgb_optical_frame,0.4931971983771919,-0.3418061105328888,-0.7999531900775617
1789385913,675298985,kinect1_rgb_optical_frame,0.5058295238564754,-0.28071946456507124,-0.815679517340868
1789385913,784177500,kinect1_rgb_optical_frame,0.5368621716345542,-0.30670911763040026,-0.7859443528839761
1789385913,890865125,kinect1_rgb_optical_frame,-0.04081021871341697,-0.13596629389608297,-0.989872564006462
1789385913,999654464,kinect1_rgb_optical_frame,-0.02210459007695455,-0.1369083043905368,-0.9903370654915619
1789385914,105920311,kinect1_rgb_optical_frame,-0.06382829857080899,-0.16582488265899883,-0.9840874232468806
1789385914,212615855,kinect1_rgb_optical_frame,-0.07300028784799734,-0.12544764990979318,-0.9894108575845626
1789385914,318437448,kinect1_rgb_optical_frame,-0.11951946401817881,-0.13448478595640276,-0.9836813203812848
1789385914,433959696,kinect1_rgb_optical_frame,-0.138311906420576,-0.18419149941686527,-0.9731101212529201
1789385914,541104938,kinect1_rgb_optical_frame,0.07211119804322327,-0.1377315580542839,-0.9878410768097825
1789385914,645101063,kinect1_rgb_optical_frame,0.141958745092707,-0.07647333468085805,-0.9869141521806714
1789385914,751986653,kinect1_rgb_optical_frame,0.2639319238125337,0.149338197986222,-0.9529103012429044
1789385914,857794621,kinect1_rgb_optical_frame,0.2409326297181625,0.13033211150177207,-0.9617510117741392
1789385914,964961441,kinect1_rgb_optical_frame,-0.23642644323178633,0.05452306849747538,-0.9701184319156021
1789385915,70885740,kinect1_rgb_optical_frame,-0.1842821322453338,-0.1414213246777074,-0.9726459297511689
1789385915,176545832,kinect1_rgb_optical_frame,-0.1849226666496706,-0.1690081386149666,-0.9681114896751712
1789385915,286577886,kinect1_rgb_optical_frame,-0.14632383565360393,-0.1715960283663194,-0.9742402876952495
1789385915,393054897,kinect1_rgb_optical_frame,-0.17330760184321742,-0.17916628708932597,-0.9684337441012566
1789385915,501313704,kinect1_rgb_optical_frame,-0.005125233441598513,-0.16289894023796514,-0.986629447792593
1789385915,610082354,kinect1_rgb_optical_frame,0.23489055102009684,-0.12416051271982319,-0.9640594359906581
1789385915,718570138,kinect1_rgb_optical_frame,0.21803073638666207,-0.13379086408533242,-0.9667277810624819
1789385915,831218745,kinect1_rgb_optical_frame,0.23508240435251362,-0.1368963628547497,-0.9622866771399166
1789385915,937569899,kinect1_rgb_optical_frame,0.2640002185843529,-0.13930957814375797,-0.954409097832173
1789385916,45804647,kinect1_rgb_optical_frame,0.18836345763052548,-0.12253512973004285,-0.9744251381258157
1789385916,152698972,kinect1_rgb_optical_frame,0.3221242039649705,-0.016672248541418543,-0.9465505973525701
1789385916,261090709,kinect1_rgb_optical_frame,0.2790286631495317,-0.008611565185426407,-0.9602441596208968
1789385916,372095711,kinect1_rgb_optical_frame,0.2750306081526246,0.039445691402807403,-0.960625942814867
1789385916,477323003,kinect1_rgb_optical_frame,0.27552501589199935,0.046720947307117754,-0.9601578613438725
1789385916,583760912,kinect1_rgb_optical_frame,0.2285155857299063,0.061751733881339047,-0.97157982196069
1789385916,689489181,kinect1_rgb_optical_frame,0.2893274175936708,0.03714868042075616,-0.9565090804438682
1789385916,796836654,kinect1_rgb_optical_frame,0.2924003346610764,0.03100184857059274,-0.9557933509264942
1789385916,905455357,kinect1_rgb_optical_frame,0.2412529663329173,0.018346800153360144,-0.9702888235776506
1789385917,13910923,kinect1_rgb_optical_frame,0.28837249348827343,0.022191021558238665,-0.95726112611009
1789385917,120791844,kinect1_rgb_optical_frame,0.25356385346391636,0.03849873851681681,-0.9665522331199403
1789385917,228975592,kinect1_rgb_optical_frame,0.25339396517664514,0.05602160783434486,-0.9657396532542878
1789385917,334428761,kinect1_rgb_optical_frame,0.26843631800546935,0.05805465144946723,-0.9615464630587268
1789385917,441670619,kinect1_rgb_optical_frame,0.2904675462852591,0.051822669454092314,-0.9554805154924264
1789385917,546185493,kinect1_rgb_optical_frame,0.3011791156982392,0.08399074943999901,-0.9498614079305118
1789385917,651961611,kinect1_rgb_optical_frame,0.23340837170245668,0.05595618276555687,-0.9707674477595113
1789385917,758723928,kinect1_rgb_optical_frame,0.28991256465139786,0.056740947794013515,-0.9553696508162095
1789385917,866492631,kinect1_rgb_optical_frame,0.2800478173089877,0.05089203648793848,-0.9586361252543023
1789385917,975677501,kinect1_rgb_optical_frame,0.2915014520053646,0.060637810509344144,-0.9546465101886651
1789385918,83740564,kinect1_rgb_optical_frame,0.2898532157933869,0.08329623465968324,-0.9534394844906263
1789385918,189361248,kinect1_rgb_optical_frame,0.317205425033526,0.07072308002910015,-0.9457161118858542
1789385918,293572325,kinect1_rgb_optical_frame,0.30696206945820165,0.08935171963856967,-0.9475181043713987
1789385918,397320509,kinect1_rgb_optical_frame,0.25347393123524486,0.08000501600971503,-0.9640280927428597
1789385918,501735292,kinect1_rgb_optical_frame,0.2960669967098707,0.07120947618012809,-0.9525090781516726
1789385918,612374441,kinect1_rgb_optical_frame,0.2896016603909836,0.06683237076180018,-0.9548111397114838
1789385918,723524233,kinect1_rgb_optical_frame,0.28232796401867305,0.06780860594950308,-0.9569184467300523
1789385918,852613435,kinect1_rgb_optical_frame,0.2598863510231997,0.06468815585291293,-0.9634700447051768
1789385918,969987175,kinect1_rgb_optical_frame,0.2661632537413474,0.04317391871549611,-0.9629606093192841
1789385919,76585784,kinect1_rgb_optical_frame,0.270606294836669,0.05559830823038998,-0.9610832749125793
1789385919,188575052,kinect1_rgb_optical_frame,0.29203787426572164,0.04202349168315409,-0.9554830747538726
1789385919,292975695,kinect1_rgb_optical_frame,0.2786667315653646,0.04904923910441679,-0.9591345186479083
1789385919,397437174,kinect1_rgb_optical_frame,0.26774094574565227,0.0431013580626804,-0.9625263938741505
1789385919,504543275,kinect1_rgb_optical_frame,0.22564724144560158,0.056633582761759456,-0.9725615454723456
1789385919,614746959,kinect1_rgb_optical_frame,0.24039748159947272,0.07008970236638641,-0.9681407358761548
1789385919,724705741,kinect1_rgb_optical_frame,0.28067989524778186,0.06508192198226755,-0.957592366215807
1789385919,834758870,kinect1_rgb_optical_frame,0.28924507273042027,0.05578520610248121,-0.955628221999161
1789385919,939850451,kinect1_rgb_optical_frame,0.2716885449159524,0.06435076784109144,-0.9602313852607165
1789385920,49744862,kinect1_rgb_optical_frame,0.30485835546161527,0.07280404175402491,-0.9496109490783674
1789385920,157441342,kinect1_rgb_optical_frame,0.2678553489580144,0.08130637963478361,-0.9600222834212052
1789385920,266467960,kinect1_rgb_optical_frame,0.27332502897317257,0.0828304748653984,-0.9583488618297551
1789385920,375338391,kinect1_rgb_optical_frame,0.26505239885718257,0.0609197138111969,-0.9623076505615109
1789385920,485437538,kinect1_rgb_optical_frame,0.22024807901328647,0.0615718472955157,-0.973498685829403
1789385920,593020834,kinect1_rgb_optical_frame,0.21280592710201804,0.07970775889050516,-0.9738379282831943
1789385920,702986110,kinect1_rgb_optical_frame,0.22716143489868493,0.07605935288136577,-0.9708824116925996
1789385920,810936663,kinect1_rgb_optical_frame,0.22312816565731136,0.07677627608179473,-0.9717608888617691
1789385920,920317336,kinect1_rgb_optical_frame,0.24037393368803306,0.026097160096582216,-0.9703294854008274
1789385921,25872243,kinect1_rgb_optical_frame,0.24489016184151888,0.06676942017122557,-0.9672490130071124
1789385921,131043565,kinect1_rgb_optical_frame,0.24436244693448658,0.10061891384062076,-0.9644494951555131
1789385921,239195917,kinect1_rgb_optical_frame,0.3293074438718927,0.07068546701018474,-0.9415732431224416
1789385921,348888887,kinect1_rgb_optical_frame,0.8436773629195095,0.04686155694613074,-0.5348013666565998
1789385921,460717620,kinect1_rgb_optical_frame,0.4962834198551946,-0.3004659839500972,-0.8145078020901535
1789385921,569293263,kinect1_rgb_optical_frame,0.5885037602934345,-0.31262113882419906,-0.745608038905663
1789385921,675474227,kinect1_rgb_optical_frame,0.6485799945314499,-0.2574649248136897,-0.7162791377558513
1789385921,784995927,kinect1_rgb_optical_frame,0.6755774311539975,-0.2566887461048376,-0.6911628043655793
1789385921,894541584,kinect1_rgb_optical_frame,0.21949726465724403,-0.21468711299181525,-0.9516986888313063
1789385922,8819600,kinect1_rgb_optical_frame,0.17261987328647502,-0.15067586953768808,-0.9733956860833229
1789385922,119409841,kinect1_rgb_optical_frame,0.12815504129207303,-0.17332505404044296,-0.9764910194330025
1789385922,228931497,kinect1_rgb_optical_frame,0.29023986033222704,-0.09040136873418299,-0.9526743494003161
1789385922,336086075,kinect1_rgb_optical_frame,0.6011937375873097,-0.26579565370271047,-0.7536038484233941
1789385922,445610168,kinect1_rgb_optical_frame,0.673294516944471,-0.21818960213570238,-0.7064473023321524
1789385922,556920250,kinect1_rgb_optical_frame,0.7190576396211196,-0.2328877781996084,-0.6547666711644342
1789385922,665664404,kinect1_rgb_optical_frame,0.746032104161191,-0.19689789440629085,-0.6361346702854632
1789385922,774162909,kinect1_rgb_optical_frame,0.7330510081001382,-0.2053481986569262,-0.6484352988785596
1789385922,881085528,kinect1_rgb_optical_frame,0.7551736238682387,-0.21073662768710769,-0.6207276951810491
1789385922,987362860,kinect1_rgb_optical_frame,0.7630857527615832,-0.182377239273961,-0.6200311899631311
1789385923,95822242,kinect1_rgb_optical_frame,0.8008363933806878,-0.2008538496886415,-0.5641974850194436
1789385923,204754294,kinect1_rgb_optical_frame,0.7995057283301306,-0.17263635791536674,-0.5753149383537899
1789385923,314905133,kinect1_rgb_optical_frame,0.797679439058656,-0.1647915963834745,-0.5801303666112075
1789385923,428306686,kinect1_rgb_optical_frame,0.81017913607654,-0.1604823073473463,-0.5637864812983221
1789385923,537009192,kinect1_rgb_optical_frame,0.7484612341904207,0.14058386687219315,-0.64810643978394
1789385923,644507594,kinect1_rgb_optical_frame,0.7245927589442603,0.20694730739600295,-0.6573721515603543
1789385923,751962305,kinect1_rgb_optical_frame,0.6494309503468784,0.20947248546103592,-0.7309998075008821
1789385923,858519211,kinect1_rgb_optical_frame,0.5732305775549543,0.20846040351647252,-0.7924335714252414
1789385923,965657192,kinect1_rgb_optical_frame,0.20943413408690634,-0.10748236304172312,-0.9718975692500909
1789385924,72743930,kinect1_rgb_optical_frame,0.21240311900107528,-0.15500194905293121,-0.9648105051399511
1789385924,183325406,kinect1_rgb_optical_frame,0.17582316850749907,-0.09571112410724852,-0.9797579262951183
1789385924,293293586,kinect1_rgb_optical_frame,0.18059140631255685,-0.13526027371992294,-0.9742132222051108
1789385924,403372084,kinect1_rgb_optical_frame,0.15629691705254373,-0.15030257430434427,-0.976207155207007
1789385924,515902622,kinect1_rgb_optical_frame,0.16160268760246854,-0.127825943462589,-0.9785423340548727
1789385924,623994138,kinect1_rgb_optical_frame,0.2849130009011097,-0.17007258335911726,-0.943345057922646
1789385924,730818808,kinect1_rgb_optical_frame,0.286404295818346,-0.09253830336788257,-0.9536295096873791
1789385924,841255471,kinect1_rgb_optical_frame,0.2595281295096345,-0.06693127134119599,-0.9634133873420494
1789385924,949969281,kinect1_rgb_optical_frame,0.23888151372884076,-0.07580576899166887,-0.9680852791909397
1789385925,58221682,kinect1_rgb_optical_frame,0.24245607903625235,-0.16566598500950588,-0.9559130876545194
1789385925,164415531,kinect1_rgb_optical_frame,0.23053672209753306,-0.11586275148568662,-0.9661411090429238
1789385925,273654221,kinect1_rgb_optical_frame,0.3491575889087587,-0.13618411544184889,-0.9271153460108097
1789385925,381521828,kinect1_rgb_optical_frame,0.7584548493021829,-0.2392999605892093,-0.606202746968377
1789385925,489343515,kinect1_rgb_optical_frame,0.7448400000087401,-0.2465906996786257,-0.6200051622518848
1789385925,599619772,kinect1_rgb_optical_frame,0.7855128843829189,-0.21177354344951924,-0.5814821362374445
1789385925,709895294,kinect1_rgb_optical_frame,0.7602944157270933,-0.23755244996493402,-0.6045835218808525
1789385925,821729402,kinect1_rgb_optical_frame,0.7770564931163721,-0.20841385458007203,-0.593924971460842
1789385925,937017763,kinect1_rgb_optical_frame,0.7869876125619107,-0.18511445137720395,-0.5885432333868267
1789385926,45539795,kinect1_rgb_optical_frame,0.8065600911919057,-0.18816412896317034,-0.5604061740095626
1789385926,154606565,kinect1_rgb_optical_frame,0.8104202283596991,-0.1707173833348188,-0.5604236152168518
1789385926,261101771,kinect1_rgb_optical_frame,0.8047176711165898,-0.1658930076241274,-0.5700078769754969
1789385926,368108996,kinect1_rgb_optical_frame,0.7911683879694207,-0.20385544542978593,-0.5766242617567283
1789385926,475827695,kinect1_rgb_optical_frame,0.7995202283837839,-0.17688391293079345,-0.5740030363608136
1789385926,585564208,kinect1_rgb_optical_frame,0.7983630562551355,-0.20982910084376408,-0.5644361601156122
1789385926,696465863,kinect1_rgb_optical_frame,0.8095692535991118,-0.16150275227231667,-0.5643708750772348
1789385926,802144810,kinect1_rgb_optical_frame,0.7959987785884014,-0.1562866724315586,-0.5847738199560956
1789385926,912569794,kinect1_rgb_optical_frame,0.788559588348251,-0.14231477382260663,-0.5982643903625364
1789385927,21116407,kinect1_rgb_optical_frame,0.8149819609818454,-0.15957793203229154,-0.5570810415751761
1789385927,130595006,kinect1_rgb_optical_frame,0.7429183045785582,0.1796655703845001,-0.644819878369559
1789385927,239903286,kinect1_rgb_optical_frame,0.7383333979048669,0.15598497451977003,-0.6561497399697118
1789385927,345970438,kinect1_rgb_optical_frame,0.7360061981275293,0.17921926822346404,-0.6528210552787848
1789385927,452577035,kinect1_rgb_optical_frame,0.5620980281915395,0.1524656488948364,-0.8128960773741375
1789385927,560064730,kinect1_rgb_optical_frame,0.48629671054373086,0.026553340687878325,-0.8733901931053842
1789385927,670348037,kinect1_rgb_optical_frame,0.37423208288330884,-0.09457643079252874,-0.9224996731052897
1789385927,782425987,kinect1_rgb_optical_frame,0.29231248257069214,-0.10858834252460224,-0.9501378765216754
1789385927,896653554,kinect1_rgb_optical_frame,0.2784639823287774,-0.13668570735161206,-0.9506707253047124
1789385928,2757855,kinect1_rgb_optical_frame,0.31738268634340405,-0.07664547282535078,-0.9451950602414418
1789385928,113116508,kinect1_rgb_optical_frame,0.30951532098375595,-0.08763891704847872,-0.9468472349301615
1789385928,220592541,kinect1_rgb_optical_frame,0.35097727043619487,-0.10130391876339875,-0.9308880016845942
1789385928,347067870,kinect1_rgb_optical_frame,0.684436608352227,0.16518232954450837,-0.7101136015832605
1789385928,451761094,kinect1_rgb_optical_frame,0.718463123346772,0.17184740546391555,-0.6740023810240747
1789385928,558330799,kinect1_rgb_optical_frame,0.5002583258167798,0.07046628984167735,-0.8630041190208431
1789385928,664588402,kinect1_rgb_optical_frame,0.3535524255060357,-0.060464735034646326,-0.9334584609054595
1789385928,770090014,kinect1_rgb_optical_frame,0.3413095293105376,-0.07954276977360684,-0.9365792828044843
1789385928,878609479,kinect1_rgb_optical_frame,0.3820651319008816,-0.06680153481844169,-0.9217178472458166
1789385928,985284700,kinect1_rgb_optical_frame,0.34455371991226463,-0.10933388223023806,-0.9323780543808853
1789385929,91784256,kinect1_rgb_optical_frame,0.40869316390389976,0.07998566202102893,-0.9091601573151333
1789385929,197937878,kinect1_rgb_optical_frame,0.37804997891635694,0.1348499496664817,-0.9159114064778807
1789385929,304483306,kinect1_rgb_optical_frame,0.5227055042270915,0.15605705188417263,-0.838108079192608
1789385929,412209312,kinect1_rgb_optical_frame,0.6669406582378877,0.16293962087328248,-0.7270769136335469
1789385929,517319700,kinect1_rgb_optical_frame,0.6786227555404962,0.14794413410184762,-0.719432893915394
1789385929,623912952,kinect1_rgb_optical_frame,0.6515514729652302,0.21854485211509234,-0.7264425825148408
1789385929,732200349,kinect1_rgb_optical_frame,0.4892646740875366,-0.01579549411535798,-0.871992305617239
1789385929,837161227,kinect1_rgb_optical_frame,0.3194996869853485,-0.05098225750598324,-0.9462139078643148
1789385929,944524089,kinect1_rgb_optical_frame,0.28049808352650735,-0.07585340456569276,-0.9568526982528449
1789385930,52385025,kinect1_rgb_optical_frame,0.25682107793755116,-0.08029198028054778,-0.963117922078923
1789385930,160697960,kinect1_rgb_optical_frame,0.27206601372403266,-0.09976796536935248,-0.9570927004540231
1789385930,267315941,kinect1_rgb_optical_frame,0.22389783087080842,-0.07574172962858795,-0.9716650409087573
1789385930,375797730,kinect1_rgb_optical_frame,0.2198644074707433,-0.09200831954604904,-0.9711818117437389
1789385930,483081901,kinect1_rgb_optical_frame,0.2561226443969478,-0.06839121188408379,-0.964221879633594
1789385930,590310639,kinect1_rgb_optical_frame,0.4002532826701452,-0.11460849841610754,-0.9092096577811841
1789385930,702467813,kinect1_rgb_optical_frame,0.6386073101026157,-0.2739772029559556,-0.7191086119244665
1789385930,809959978,kinect1_rgb_optical_frame,0.7168803047547679,-0.2513995577637862,-0.6502929270804687
1789385930,918035276,kinect1_rgb_optical_frame,0.7506906276418762,-0.20972966338062884,-0.6264798878406984
1789385931,29064150,kinect1_rgb_optical_frame,0.7937530729139562,-0.18241020448020207,-0.5802435493317808
1789385931,139186128,kinect1_rgb_optical_frame,0.7638448338437712,-0.216824522238139,-0.6078883091213257
1789385931,245267364,kinect1_rgb_optical_frame,0.7535909921813551,-0.21397839278877356,-0.6215415222836318
1789385931,351850621,kinect1_rgb_optical_frame,0.7571755205244822,-0.2434769336760446,-0.6061387744454158
1789385931,454746513,kinect1_rgb_optical_frame,0.7386530559930191,-0.23337037219106296,-0.6324001361919357
1789385931,559644830,kinect1_rgb_optical_frame,0.7752203888145291,-0.23597518663330577,-0.5859599474875625
1789385931,669911850,kinect1_rgb_optical_frame,0.7563777720222138,-0.2401585845754944,-0.6084542055450084
1789385931,779212720,kinect1_rgb_optical_frame,0.5925818050524222,-0.1541388673947899,-0.7906250779472306
1789385931,887126800,kinect1_rgb_optical_frame,0.31047369802125707,-0.13148736902962757,-0.9414441856120159
1789385931,996304187,kinect1_rgb_optical_frame,0.341300073233044,-0.10956061887664292,-0.9335473907641143
1789385932,107270946,kinect1_rgb_optical_frame,0.35745016979124106,-0.09327417457337243,-0.9292627747165325
1789385932,213488017,kinect1_rgb_optical_frame,0.7458037483793961,0.1602853931428414,-0.6465952069481239
1789385932,325494208,kinect1_rgb_optical_frame,0.7818315376522619,0.1607640035725906,-0.6024071562387121
1789385932,428783481,kinect1_rgb_optical_frame,0.7978361767483718,0.1913836583370328,-0.5716902398966375
1789385932,534307145,kinect1_rgb_optical_frame,0.41807722185585966,-0.0699940934863161,-0.9057109160445816
1789385932,645602653,kinect1_rgb_optical_frame,0.3121597468407832,-0.07986074414718547,-0.9466670766412847
1789385932,753486235,kinect1_rgb_optical_frame,0.2572644666532249,-0.07881720776716236,-0.9631214056168722
1789385932,860395759,kinect1_rgb_optical_frame,0.649860103078379,0.18375686985027198,-0.7375061079135472
1789385932,970798853,kinect1_rgb_optical_frame,0.6959762205105929,0.15451095286416205,-0.7012442270199443
1789385933,77964555,kinect1_rgb_optical_frame,0.6940401432549413,0.1670867409218002,-0.7002787306200238
1789385933,185306344,kinect1_rgb_optical_frame,0.6593368248683271,0.19155043263330168,-0.7270374014660785
1789385933,306365728,kinect1_rgb_optical_frame,0.6298833207349667,0.15823277119458648,-0.7604008103493662
1789385933,412190732,kinect1_rgb_optical_frame,0.5339816900569493,0.08756778521038426,-0.8409491290662428
1789385933,518097003,kinect1_rgb_optical_frame,0.31333401286959717,-0.03698846156731137,-0.9489223625196735
1789385933,624562053,kinect1_rgb_optical_frame,0.2793744429680559,-0.05313585126344212,-0.9587108541822179
1789385933,733494064,kinect1_rgb_optical_frame,0.2866532581441572,-0.08006673171230633,-0.9546827892385243
1789385933,839824471,kinect1_rgb_optical_frame,0.23164440357574562,-0.041186909284766406,-0.9719282426165038
1789385933,943718333,kinect1_rgb_optical_frame,0.2489325418392861,-0.048740889825069474,-0.9672936034485561
1789385934,45751337,kinect1_rgb_optical_frame,0.182231137338144,-0.0828420578251853,-0.979759667489806
1789385934,148762459,kinect1_rgb_optical_frame,0.3888850630350717,0.09197303483363488,-0.9166838978686707
1789385934,254151911,kinect1_rgb_optical_frame,0.6658368991675255,0.20576080883513187,-0.717163658626458
1789385934,357320508,kinect1_rgb_optical_frame,0.6693732487251958,0.1880891533578408,-0.7187224250572735
1789385934,459560742,kinect1_rgb_optical_frame,0.6909118152192487,0.1852443387043377,-0.6988028323986927
1789385934,565845000,kinect1_rgb_optical_frame,0.6960415997727999,0.18076142995428207,-0.6948750944066169
1789385934,671871592,kinect1_rgb_optical_frame,0.6771221838572914,0.18771867905099668,-0.7115245924517869
1789385934,778228521,kinect1_rgb_optical_frame,0.6017496757432053,0.24264981635664687,-0.7609325820104124
1789385934,889415405,kinect1_rgb_optical_frame,0.4413287698591998,0.07769234457616103,-0.8939758478218662
1789385935,7018977,kinect1_rgb_optical_frame,0.1646199246993516,-0.07628098774001005,-0.9834030157068812
1789385935,114853849,kinect1_rgb_optical_frame,0.1862091671072235,-0.07099695863240257,-0.9799416196642446
1789385935,222089429,kinect1_rgb_optical_frame,0.1479315296851216,-0.08725316397814628,-0.9851411817099226
1789385935,331530813,kinect1_rgb_optical_frame,0.11948744874090607,-0.1078497636923492,-0.9869605757399299
1789385935,438446379,kinect1_rgb_optical_frame,0.13800170331388803,-0.10091540531054398,-0.9852774283690224
1789385935,542762136,kinect1_rgb_optical_frame,0.15067676615196351,-0.13394324517408557,-0.9794670587693194
1789385935,653148780,kinect1_rgb_optical_frame,0.6828214197548039,-0.2617755373018371,-0.6820765915895138
1789385935,756133281,kinect1_rgb_optical_frame,0.7839714862393626,-0.17516093686905673,-0.5955731314950325
1789385935,864894547,kinect1_rgb_optical_frame,0.7743762219285737,-0.18134375688798895,-0.6061814157076894
1789385935,980300089,kinect1_rgb_optical_frame,0.7541314529290172,-0.18819316470239764,-0.6291812810807915
1789385936,91902928,kinect1_rgb_optical_frame,0.7505021505478079,-0.1814410005855916,-0.635472804555486
1789385936,199883421,kinect1_rgb_optical_frame,0.7492448933844998,-0.20420753428086602,-0.6300248984605119
1789385936,308537441,kinect1_rgb_optical_frame,0.6365966138915685,-0.2602215898504218,-0.7259679575280911
1789385936,419113621,kinect1_rgb_optical_frame,0.4413701656481951,-0.16635770866565672,-0.8817695218384436
1789385936,531772400,kinect1_rgb_optical_frame,0.46803553840866174,-0.18535124804353265,-0.8640530363555348
1789385936,664433451,kinect1_rgb_optical_frame,0.2412845907017783,-0.11837002082344988,-0.9632083286912191
1789385936,783120676,kinect1_rgb_optical_frame,0.23224212025655439,-0.12950839799459007,-0.9639974960691625
1789385936,891504669,kinect1_rgb_optical_frame,0.2769672070576324,-0.11328369361308784,-0.9541781652165756
1789385937,4920772,kinect1_rgb_optical_frame,0.2043907688203072,-0.023365006551304118,-0.978610489464476
1789385937,116727333,kinect1_rgb_optical_frame,0.20723620562461958,-0.07041279377496977,-0.9757536541315712
1789385937,224706747,kinect1_rgb_optical_frame,0.3746870300256977,0.13686365268698386,-0.9169939858601575
1789385937,331161089,kinect1_rgb_optical_frame,-0.028391771183273802,-0.20510145216731876,-0.978328831041963
1789385937,438315641,kinect1_rgb_optical_frame,-0.07083331118419814,-0.2008072542616262,-0.9770665733012205
1789385937,543516294,kinect1_rgb_optical_frame,-0.09798213725921102,-0.202914671823773,-0.9742818569268176
1789385937,650201845,kinect1_rgb_optical_frame,-0.1006513368209686,-0.2434559771521638,-0.9646753316971659
1789385937,757766306,kinect1_rgb_optical_frame,0.038040414412436614,-0.018268530023269773,-0.999109197076135
1789385937,868160616,kinect1_rgb_optical_frame,0.482077425570552,0.20544818276203264,-0.8516997123135873
1789385937,975979878,kinect1_rgb_optical_frame,0.448650072112504,0.21934144898253527,-0.8663731537574828
1789385938,91349515,kinect1_rgb_optical_frame,0.47278059386653554,0.22739060688250584,-0.8513354344585992
1789385938,203113858,kinect1_rgb_optical_frame,0.4265502896867569,0.21596886204616403,-0.8783008032528655
1789385938,316337571,kinect1_rgb_optical_frame,0.4260544096484905,0.22856671557257088,-0.8753484429365508
1789385938,422711815,kinect1_rgb_optical_frame,0.4205749784871045,0.2363942691170608,-0.8759191954736363
1789385938,536569890,kinect1_rgb_optical_frame,0.3759278316986502,0.2620327562180609,-0.888829061194062
1789385938,650882248,kinect1_rgb_optical_frame,-0.32915127079272377,-0.029605986755778437,-0.9438129721951017
1789385938,757722410,kinect1_rgb_optical_frame,-0.2691768694262182,-0.1482977728555359,-0.9516047412303013
1789385938,865958618,kinect1_rgb_optical_frame,-0.4542890849846936,-0.24278695633642816,-0.8571323824804796
1789385938,972989487,kinect1_rgb_optical_frame,-0.5106033225887355,-0.2885732718736041,-0.8099442658118561
1789385939,80596090,kinect1_rgb_optical_frame,-0.48158382125004756,-0.2878621419921628,-0.8277755796820092
1789385939,186934387,kinect1_rgb_optical_frame,0.14712655176332667,-0.12612464332236054,-0.9810435016415125
1789385939,293625686,kinect1_rgb_optical_frame,0.14753813232164983,-0.11407000864095916,-0.9824563769652528
1789385939,402788080,kinect1_rgb_optical_frame,0.1655174972833099,-0.13307222779857958,-0.9771876689161568
1789385939,510319020,kinect1_rgb_optical_frame,0.1727281130659266,-0.11572171344402972,-0.9781479867557171
1789385939,618028202,kinect1_rgb_optical_frame,0.15803144756807655,-0.07355633090762033,-0.9846905746288765
1789385939,726313646,kinect1_rgb_optical_frame,0.2980934755422467,0.1037588566986977,-0.948880592854403
1789385939,834808542,kinect1_rgb_optical_frame,0.12838027388568884,-0.12256166091665993,-0.9841225251717315
1789385939,942099327,kinect1_rgb_optical_frame,0.1145929391737111,-0.1392158335527646,-0.9836093787575122
1789385940,49482308,kinect1_rgb_optical_frame,0.1084831305234293,-0.10107283168693412,-0.9889467594803177
1789385940,158673471,kinect1_rgb_optical_frame,0.0815064212811572,-0.11735668714150695,-0.9897394158429323
1789385940,264776185,kinect1_rgb_optical_frame,0.20862651219716746,-0.10224007075501398,-0.9726365952093593
1789385940,370130915,kinect1_rgb_optical_frame,0.21667763455777583,-0.10230176419833908,-0.9708682463261193
1789385940,475279294,kinect1_rgb_optical_frame,0.24772780680235726,-0.15740120017915027,-0.955958051338581
1789385940,583003281,kinect1_rgb_optical_frame,0.17083063826411007,-0.09545252667797509,-0.9806659513723658
1789385940,691409195,kinect1_rgb_optical_frame,0.14446649090944075,-0.12067312974992413,-0.9821239375764499
1789385940,799841636,kinect1_rgb_optical_frame,-0.03761449339493985,-0.11298429695787221,-0.9928845343379951
1789385940,907297846,kinect1_rgb_optical_frame,-0.0014488196491752134,-0.1342217433678112,-0.9909502633981837
1789385941,15280565,kinect1_rgb_optical_frame,0.01635217393299112,-0.12655293004654275,-0.9918250663823234
1789385941,130440399,kinect1_rgb_optical_frame,0.11918222435615979,-0.11389665327079473,-0.986317975995181
1789385941,236803315,kinect1_rgb_optical_frame,0.06619928591863643,-0.11837459290961191,-0.9907598651022085
1789385941,344126930,kinect1_rgb_optical_frame,0.01832080561335343,-0.1379635975829526,-0.9902678394372135
1789385941,450402055,kinect1_rgb_optical_frame,0.00907041307586359,-0.09791218736816446,-0.9951537223823336
1789385941,555972698,kinect1_rgb_optical_frame,0.3246712249230983,-0.04503911644237778,-0.9447539752216049
1789385941,661844589,kinect1_rgb_optical_frame,0.648978790484141,0.21748823668387113,-0.7290578827540938
1789385941,769279280,kinect1_rgb_optical_frame,0.6729381367023995,0.19500750438387857,-0.7135308944996525
1789385941,880385147,kinect1_rgb_optical_frame,0.6742407259033972,0.19997140822971587,-0.7109225551520253
1789385941,994032934,kinect1_rgb_optical_frame,0.7214725636097785,0.1916764859363186,-0.6653852002392587
1789385942,102440723,kinect1_rgb_optical_frame,0.4879609488849268,0.2031997453773475,-0.8488839589966953
1789385942,211928825,kinect1_rgb_optical_frame,0.48103871514341945,0.18887089168391508,-0.8561130420731197
1789385942,327553173,kinect1_rgb_optical_frame,0.3680983788202138,0.0010786352450206666,-0.9297862227716319
1789385942,433469652,kinect1_rgb_optical_frame,0.267438377617587,-0.02757262383258059,-0.96318039047328
1789385942,542014042,kinect1_rgb_optical_frame,0.2478357122903128,-0.07614853027432626,-0.9658047737770886
1789385942,650600857,kinect1_rgb_optical_frame,0.293242693569977,-0.035280351486210025,-0.95538684283741
1789385942,761029413,kinect1_rgb_optical_frame,0.30114200568334937,-0.04261601540669034,-0.952626562533224
1789385942,872358377,kinect1_rgb_optical_frame,0.28907123483949904,0.11914481295900398,-0.9498643770209152
1789385942,984650337,kinect1_rgb_optical_frame,0.4057581235726887,0.2520171970592369,-0.8785486199073883
1789385943,93754391,kinect1_rgb_optical_frame,0.3733812402553185,0.24903985518853153,-0.8936249772432928
1789385943,201769351,kinect1_rgb_optical_frame,0.36718898465714894,0.22943541628165878,-0.9014053690222363
1789385943,308846997,kinect1_rgb_optical_frame,0.5030465491602157,0.21740813954859,-0.8364674950265668
1789385943,415852974,kinect1_rgb_optical_frame,0.2766076085684717,0.010727095500467255,-0.9609230772044945
1789385943,523660635,kinect1_rgb_optical_frame,0.23282179219831292,-0.03601100858397098,-0.9718524684016246
1789385943,634117258,kinect1_rgb_optical_frame,0.30794810362964603,-0.04955918036837946,-0.9501114950952437
1789385943,743299882,kinect1_rgb_optical_frame,0.3778238137358719,0.17111595281350822,-0.9099277424426658
1789385943,851646013,kinect1_rgb_optical_frame,0.3975853514433985,0.2302358388888561,-0.8882101929210079
1789385943,962425140,kinect1_rgb_optical_frame,0.3797739698337065,0.22228074502728776,-0.897977172441962
1789385944,70768089,kinect1_rgb_optical_frame,0.3808767578419304,0.23915351056310025,-0.8931620758413137
1789385944,179756014,kinect1_rgb_optical_frame,0.394134962741418,0.2675532474484616,-0.8792456374214225
1789385944,287478974,kinect1_rgb_optical_frame,0.30166512710568283,0.2626448525615939,-0.9165237762934526
1789385944,398275213,kinect1_rgb_optical_frame,0.279535731291626,0.2657011296896576,-0.9226389784812343
1789385944,533458855,kinect1_rgb_optical_frame,0.2492758150613009,-0.038515984985853596,-0.9676663096987999
1789385944,639609964,kinect1_rgb_optical_frame,0.16422460126535618,-0.10433235728023864,-0.980889922245908
1789385944,747663674,kinect1_rgb_optical_frame,0.09127125300623415,-0.20531564794317272,-0.9744306250751498
1789385944,855863898,kinect1_rgb_optical_frame,0.2002606829952991,-0.21081940848707295,-0.9567919501393273
1789385944,963687023,kinect1_rgb_optical_frame,0.16980186515598178,-0.19047346165095347,-0.9668956443154828
1789385945,70521770,kinect1_rgb_optical_frame,0.12194711621130372,-0.16825760875436654,-0.9781708838153022
1789385945,178431408,kinect1_rgb_optical_frame,0.173979769771783,-0.2638556197352296,-0.948741931003524
1789385945,286195009,kinect1_rgb_optical_frame,0.1101468039002753,-0.2899598578562866,-0.9506792111025235
1789385945,396893424,kinect1_rgb_optical_frame,0.058694105922414974,-0.2423578410890581,-0.9684098712800377
1789385945,510690998,kinect1_rgb_optical_frame,-0.008949343780391368,-0.2557489307544706,-0.9667018121757326
1789385945,621827040,kinect1_rgb_optical_frame,-0.05707512917522711,-0.22309922426355558,-0.973123407262733
1789385945,730685472,kinect1_rgb_optical_frame,0.02696040911022946,-0.2659399343659463,-0.9636125194548093
1789385945,841885365,kinect1_rgb_optical_frame,0.0749107727070173,-0.24226363870939266,-0.9673141710384081
1789385945,950859648,kinect1_rgb_optical_frame,0.08749680281471348,-0.23111639497165506,-0.9689837570736205
1789385946,60849334,kinect1_rgb_optical_frame,0.007507284235896006,-0.29528247399855856,-0.955380500760138
1789385946,168721158,kinect1_rgb_optical_frame,0.015334584417382361,-0.25917469590604403,-0.9657087177419265
1789385946,276063797,kinect1_rgb_optical_frame,0.05251627537090748,-0.29276819040337887,-0.9547401884853794
1789385946,390476677,kinect1_rgb_optical_frame,0.04127623903812523,-0.24541120682249515,-0.9685399380804047
1789385946,502198847,kinect1_rgb_optical_frame,0.04520118964893224,-0.2506850520976844,-0.9670128526080213
1789385946,616404342,kinect1_rgb_optical_frame,0.1056371540459906,-0.2525038466745262,-0.9618121433521367
1789385946,728492746,kinect1_rgb_optical_frame,0.11035139568005706,-0.2788538426600438,-0.9539722762770368
1789385946,837406013,kinect1_rgb_optical_frame,0.1045150206561977,-0.26449381365303165,-0.958707271797033
1789385946,945629247,kinect1_rgb_optical_frame,0.055787678071989026,-0.26012156446765167,-0.9639629176862756
1789385947,58024492,kinect1_rgb_optical_frame,0.0912300383795575,-0.2243264302648591,-0.9702343700271032
1789385947,182890822,kinect1_rgb_optical_frame,0.07923126709404762,-0.23943558333168313,-0.967674019362558
1789385947,290194760,kinect1_rgb_optical_frame,0.15442169861753952,-0.2186864496238038,-0.9634989235837316
1789385947,398754993,kinect1_rgb_optical_frame,0.21558615771168146,-0.19554734143921493,-0.9567046805880951
1789385947,503421290,kinect1_rgb_optical_frame,0.1947867844018506,-0.21760198751617862,-0.9564034105184882
1789385947,613684817,kinect1_rgb_optical_frame,0.05343301299945752,-0.13551158593670212,-0.9893338785257076
1789385947,724942970,kinect1_rgb_optical_frame,0.07466236238126785,-0.17604199403875845,-0.981547119591569
1789385947,833061447,kinect1_rgb_optical_frame,0.06934664051360605,-0.1675215103469929,-0.9834264522680581
1789385947,940055679,kinect1_rgb_optical_frame,0.08657283806969626,0.004787119447707335,-0.9962340223039723
1789385948,44632796,kinect1_rgb_optical_frame,0.0547315035517306,-0.13560940961405715,-0.9892494885230387
1789385948,154525962,kinect1_rgb_optical_frame,0.25750332964086237,-0.1409784736034796,-0.9559378145069387
1789385948,262242548,kinect1_rgb_optical_frame,0.20584159633280355,-0.20208083008683853,-0.9574928591538308
1789385948,373730943,kinect1_rgb_optical_frame,0.32270336245986564,0.06821170055181476,-0.9440390372039316
1789385948,479364339,kinect1_rgb_optical_frame,0.10013421385045672,-0.1338186706582565,-0.9859339240536398
1789385948,586236207,kinect1_rgb_optical_frame,0.06958846142348925,-0.18606895245085683,-0.9800692786586835
1789385948,696295630,kinect1_rgb_optical_frame,0.029910286782629407,-0.14279135754476807,-0.9893007646591118
1789385948,802369076,kinect1_rgb_optical_frame,0.05042769734268766,-0.1904580579687679,-0.9803992939080891
1789385948,909373060,kinect1_rgb_optical_frame,0.15242680501818415,-0.24906733299529113,-0.9564159831091079
1789385949,16543210,kinect1_rgb_optical_frame,0.09753937574564102,-0.27333608847626006,-0.9569605284000218
1789385949,122987290,kinect1_rgb_optical_frame,0.17398688157770786,-0.2024138473853975,-0.9637204986019057
1789385949,231252423,kinect1_rgb_optical_frame,0.14507037235703696,-0.23080314507116284,-0.9621249894319607
1789385949,338365276,kinect1_rgb_optical_frame,0.11933051392798687,-0.15740305432107984,-0.9802981724639079
1789385949,448092514,kinect1_rgb_optical_frame,0.14916440567781156,-0.15308924585274333,-0.9768897905511265
1789385949,557517593,kinect1_rgb_optical_frame,0.17089452263254074,-0.16865633486803536,-0.9707471879140712
1789385949,666106768,kinect1_rgb_optical_frame,0.16798007631675665,-0.2251258443912102,-0.9597400940607624
1789385949,774007790,kinect1_rgb_optical_frame,0.16797755099745867,-0.2158082035716663,-0.9618785586715541
1789385949,881552479,kinect1_rgb_optical_frame,0.252680014518358,-0.040502697884908394,-0.9667017853128473
1789385949,997383812,kinect1_rgb_optical_frame,0.2513682078020034,-0.013496834758949486,-0.9677974269225449
1789385950,104876566,kinect1_rgb_optical_frame,0.2906749172548254,-0.034382446080879356,-0.956203921703104
1789385950,212259130,kinect1_rgb_optical_frame,0.3270234529490207,-0.016742780792211014,-0.9448678957995365
1789385950,319690884,kinect1_rgb_optical_frame,0.3189127762006143,-0.03308736012977161,-0.947206349100163
1789385950,431030366,kinect1_rgb_optical_frame,0.30665587520872234,-0.0404947546374815,-0.9509586473905282
1789385950,539906565,kinect1_rgb_optical_frame,0.29869205309161745,-0.08729897349041311,-0.9503483291127705
1789385950,646234896,kinect1_rgb_optical_frame,0.4018520999423606,0.19070986498491785,-0.8956252772054558
1789385950,752697832,kinect1_rgb_optical_frame,0.4533998815825407,0.2523877198493432,-0.8548268750163319
1789385950,862202665,kinect1_rgb_optical_frame,0.4841437196027717,0.2810139863900631,-0.828635021117475
1789385950,969516410,kinect1_rgb_optical_frame,0.38944971965748604,0.29632772771828053,-0.8720772865084988
1789385951,81861187,kinect1_rgb_optical_frame,0.3937289643263577,0.298518657423708,-0.8694044592825831
1789385951,192767678,kinect1_rgb_optical_frame,0.38648942651106005,0.2726605596734765,-0.8810687500948485
1789385951,301551248,kinect1_rgb_optical_frame,0.7617238578000924,0.3042250350730502,-0.5720348699974033
1789385951,406153378,kinect1_rgb_optical_frame,0.6671745550282905,0.2388905900364089,-0.7055560921109385
1789385951,512147316,kinect1_rgb_optical_frame,0.7064645685972917,0.23352220700761903,-0.668113158193231
1789385951,620477685,kinect1_rgb_optical_frame,0.6107704390306328,0.22279663098710795,-0.7598165120784903
1789385951,732078230,kinect1_rgb_optical_frame,0.41769344298384037,0.21845821624996886,-0.8819343487137731
1789385951,849877130,kinect1_rgb_optical_frame,0.43411822810756373,0.22695563735003893,-0.8717984300856403
1789385951,960115729,kinect1_rgb_optical_frame,0.683820656773673,0.19932056098293868,-0.70189787244233
1789385952,68143427,kinect1_rgb_optical_frame,0.6127489802046464,0.20998720558329576,-0.7618687949702919
1789385952,175233947,kinect1_rgb_optical_frame,0.5712827124581683,0.21878741755502448,-0.7910550729032975
1789385952,281647831,kinect1_rgb_optical_frame,0.23486371661745287,-0.017447227074651902,-0.9718717142113162
1789385952,389947854,kinect1_rgb_optical_frame,0.24997360177165678,-0.07442839356090918,-0.9653878042782846
1789385952,496097988,kinect1_rgb_optical_frame,0.23668996484071733,-0.04586568550851054,-0.9705020347410583
1789385952,604064059,kinect1_rgb_optical_frame,0.21824338772139615,-0.09199094428788655,-0.9715490156883035
1789385952,709340884,kinect1_rgb_optical_frame,0.4099976321298731,0.23810858345647545,-0.8804579740863546
1789385952,818548856,kinect1_rgb_optical_frame,0.4601574689296333,0.3083528063351969,-0.8325705078931648
1789385952,925892203,kinect1_rgb_optical_frame,0.40219844971211144,0.3352924831798403,-0.8519479783251269
1789385953,31772061,kinect1_rgb_optical_frame,0.3377334070224003,0.3502032219409968,-0.8736668982645427
1789385953,138554053,kinect1_rgb_optical_frame,0.5105510018459352,0.3372627665355945,-0.7909434245398776
1789385953,248401954,kinect1_rgb_optical_frame,0.6303622150330771,0.2709165003721777,-0.7274941427150358
1789385953,359301456,kinect1_rgb_optical_frame,0.6051664907206505,0.2836520859182926,-0.7438514721791268
1789385953,469442663,kinect1_rgb_optical_frame,0.6451317648410069,0.2865963042858301,-0.7082849457406475
1789385953,576118355,kinect1_rgb_optical_frame,0.6344518594744105,0.2604337748416145,-0.7277671928104551
1789385953,685114299,kinect1_rgb_optical_frame,0.649832922591536,0.2919953556347528,-0.7017520110436999
1789385953,790618358,kinect1_rgb_optical_frame,0.6119548908428838,0.25284384348344513,-0.7493872179227461
1789385953,897634996,kinect1_rgb_optical_frame,0.5571002293291445,0.2853714970054164,-0.7798733507296569
1789385954,4931882,kinect1_rgb_optical_frame,0.608712787135796,0.2913142753493368,-0.737973397728578
1789385954,118298072,kinect1_rgb_optical_frame,0.42326416624706925,0.28649088798448535,-0.8595175487871289
1789385954,225029204,kinect1_rgb_optical_frame,0.43775981771518424,0.25795174460856374,-0.8612939332465817
1789385954,331040099,kinect1_rgb_optical_frame,0.4335481378748162,0.2485332116614739,-0.8661796896986862
1789385954,439263181,kinect1_rgb_optical_frame,0.6628438910746758,0.2639985716559036,-0.7006730551609831
1789385954,545104689,kinect1_rgb_optical_frame,0.6494124541583898,0.2585682525310617,-0.7151265085053208
1789385954,651674078,kinect1_rgb_optical_frame,0.6632848529006261,0.27202808645419857,-0.6971756766358547
1789385954,758100323,kinect1_rgb_optical_frame,0.4653799744702707,0.32393074078492,-0.823705259505233
1789385954,866390678,kinect1_rgb_optical_frame,0.4473669573102822,0.33911121610645784,-0.8275665463379605
1789385954,974982658,kinect1_rgb_optical_frame,0.46710684016472404,0.36451526675633633,-0.8055680108922424
1789385955,85094015,kinect1_rgb_optical_frame,0.4005461936782008,0.3835498438829412,-0.8321371665700774
1789385955,193544535,kinect1_rgb_optical_frame,0.3648731804305402,0.4235625764430461,-0.8291334669638123
1789385955,304090453,kinect1_rgb_optical_frame,0.46058081011523827,0.38467857985487564,-0.7999298141427328
1789385955,411823270,kinect1_rgb_optical_frame,0.4771797264182474,0.4125523236085037,-0.7759510867191507
1789385955,517608321,kinect1_rgb_optical_frame,0.3188052761264235,0.39723575683104584,-0.8605619962610602
1789385955,625470032,kinect1_rgb_optical_frame,0.30272608939515894,0.39360009805971397,-0.868006841912492
1789385955,731062498,kinect1_rgb_optical_frame,0.7899845217706021,0.25977651878982616,-0.5553743022937886
1789385955,837839424,kinect1_rgb_optical_frame,0.2843727235028396,0.037822580836756714,-0.9579674349926643
1789385955,948430597,kinect1_rgb_optical_frame,0.2061290057290369,0.0032234098820658227,-0.9785195157102852
1789385956,56902553,kinect1_rgb_optical_frame,0.2338506725149783,0.03195295397175543,-0.9717473291431119
1789385956,165967983,kinect1_rgb_optical_frame,0.21274808652031166,0.02321930528372157,-0.9768311602032806
1789385956,275052987,kinect1_rgb_optical_frame,0.6444280940583347,0.3944999466930419,-0.6550436807171941
1789385956,383419197,kinect1_rgb_optical_frame,0.509772963324092,0.3876973933389781,-0.7679988652738594
1789385956,493085418,kinect1_rgb_optical_frame,0.4916769921223272,0.40414506174800846,-0.7713109000151881
1789385956,606436100,kinect1_rgb_optical_frame,0.37075684253540186,0.4060631681714447,-0.835255689694927
1789385956,715987738,kinect1_rgb_optical_frame,0.44234388860372886,0.4042654385509463,-0.8005631389266827
1789385956,824826330,kinect1_rgb_optical_frame,0.42094099209367974,0.4009874511234624,-0.8136447291150466
1789385956,933136659,kinect1_rgb_optical_frame,0.39891772283788735,0.3855990337818217,-0.8319723766762692
1789385957,41056075,kinect1_rgb_optical_frame,0.7132930130774584,0.4090975629580456,-0.5690801889687154
1789385957,151339474,kinect1_rgb_optical_frame,0.6289024408099164,0.3703902915259158,-0.6835881449284187
1789385957,259452163,kinect1_rgb_optical_frame,0.6634684465018973,0.34997053917303705,-0.6613094904863328
1789385957,369805208,kinect1_rgb_optical_frame,0.6509509309362447,0.31900634090803703,-0.688838036096804
1789385957,478545752,kinect1_rgb_optical_frame,0.5029189903092824,0.30131128907088994,-0.8101135699793769
1789385957,584959751,kinect1_rgb_optical_frame,0.3158502696322184,0.3101765681937856,-0.8966766996620247
1789385957,689545841,kinect1_rgb_optical_frame,0.3244343857459002,0.3045227145866812,-0.8955491307831409
1789385957,797303340,kinect1_rgb_optical_frame,0.65974543884383,0.3142809578996342,-0.682615144445573
1789385957,904190648,kinect1_rgb_optical_frame,0.6646537044108733,0.29880302177801116,-0.6848008523572622
1789385958,16850906,kinect1_rgb_optical_frame,0.6445502606029143,0.28715062497126,-0.708589782691883
1789385958,125253130,kinect1_rgb_optical_frame,0.636455398828297,0.2720035949644081,-0.7217607426486644
1789385958,235007187,kinect1_rgb_optical_frame,0.6039197299675235,0.22922400557955727,-0.7633723305321045
1789385958,340129872,kinect1_rgb_optical_frame,0.5908747672934882,0.2517964750356337,-0.7664630092414739
1789385958,448620483,kinect1_rgb_optical_frame,0.7028061782165074,0.15600483009880994,-0.6940648160269676
1789385958,556367641,kinect1_rgb_optical_frame,0.20333921384337658,0.01656633081685137,-0.9789681919229165
1789385958,661481840,kinect1_rgb_optical_frame,0.16867447632843585,-0.0054547050550666125,-0.9856567187556173
1789385958,773386098,kinect1_rgb_optical_frame,0.15777122290938866,-0.005794377237811766,-0.9874586909912242
1789385958,882348377,kinect1_rgb_optical_frame,0.16592677113199159,-0.007046264960636594,-0.9861129026494969
1789385958,990660072,kinect1_rgb_optical_frame,0.4544852279470186,0.35924180154662827,-0.8151003040114018
1789385959,99134380,kinect1_rgb_optical_frame,0.40250061578312407,0.3665548444662746,-0.8388270383651871
1789385959,207555197,kinect1_rgb_optical_frame,0.3530672757608812,0.368578117560877,-0.8599381780349505
1789385959,316044279,kinect1_rgb_optical_frame,0.3867419977613068,0.37866222126155324,-0.8408600058017148
1789385959,426422896,kinect1_rgb_optical_frame,0.4243195074649201,0.3134574224526906,-0.8495277511029543
1789385959,533451997,kinect1_rgb_optical_frame,0.4085819348450323,0.32561126678462915,-0.8526652950960294
1789385959,640511963,kinect1_rgb_optical_frame,0.6244784921834076,0.3118443039203236,-0.716086407434736
1789385959,748719762,kinect1_rgb_optical_frame,0.6110596113863975,0.3037083830259275,-0.7310043566300282
1789385959,860462599,kinect1_rgb_optical_frame,0.6193008283942547,0.2930459048161098,-0.7284164891191698
1789385959,968231137,kinect1_rgb_optical_frame,0.6005499704534114,0.27864991766251673,-0.7494624449397577
1789385960,76684088,kinect1_rgb_optical_frame,0.6423104475270899,0.22970968580968001,-0.7312118360931855
1789385960,187339608,kinect1_rgb_optical_frame,0.542731716695689,0.20436043438199392,-0.8146650210680173
1789385960,294717621,kinect1_rgb_optical_frame,0.10852699820393867,-0.07044864612103365,-0.9915941099666515
1789385960,404570469,kinect1_rgb_optical_frame,0.10674548615504614,-0.11315892898222497,-0.9878261274015375
1789385960,512408502,kinect1_rgb_optical_frame,0.11883146141394137,-0.08213509073615878,-0.9895114504885681
1789385960,619242174,kinect1_rgb_optical_frame,0.13597088718256198,-0.07453945547408457,-0.9879047461250574
1789385960,739120208,kinect1_rgb_optical_frame,0.0936192260807076,-0.09721025024551849,-0.9908509513318605
1789385960,846264585,kinect1_rgb_optical_frame,0.12293218848937322,-0.10725107087452258,-0.9866026985719639
1789385960,954832137,kinect1_rgb_optical_frame,0.13946570667044753,-0.0677493167765678,-0.9879065475738183
1789385961,61436268,kinect1_rgb_optical_frame,-0.513596639407296,-0.23260846071602034,-0.8259005969200262
1789385961,169858180,kinect1_rgb_optical_frame,-0.45285606883859464,-0.29728413307904317,-0.8405614344802501
1789385961,277257167,kinect1_rgb_optical_frame,-0.458684248732234,-0.2903777912732103,-0.8398151572222533
1789385961,400660283,kinect1_rgb_optical_frame,-0.4732939570541439,-0.2880143181450292,-0.8324905901927566
1789385961,507349542,kinect1_rgb_optical_frame,0.38144093272140944,0.017336572889557752,-0.9242306303542781
1789385961,615663907,kinect1_rgb_optical_frame,0.28836539076854195,-0.08990442033490167,-0.9532904051815225
1789385961,733378998,kinect1_rgb_optical_frame,0.27032522394452324,-0.16071270415380415,-0.9492606070110121
1789385961,841662815,kinect1_rgb_optical_frame,0.20244493365649185,-0.14119661300512634,-0.9690611772807222
1789385961,947861642,kinect1_rgb_optical_frame,0.16045417217456195,-0.11390370006399914,-0.9804490837078215
1789385962,56291419,kinect1_rgb_optical_frame,0.1553547496274126,-0.14331325638915787,-0.9774079047722806
1789385962,168025820,kinect1_rgb_optical_frame,0.17499691490679667,-0.1337011085338774,-0.9754486625906643
1789385962,276218089,kinect1_rgb_optical_frame,0.2124210393855184,-0.13426393063781025,-0.9679103775433248
1789385962,384227581,kinect1_rgb_optical_frame,0.15696795236899072,-0.11865125123556891,-0.9804503773824151
1789385962,490345193,kinect1_rgb_optical_frame,0.12594700205618536,-0.12426784253785793,-0.9842229706646992
1789385962,597533627,kinect1_rgb_optical_frame,0.17991244135761936,-0.11221363879559303,-0.977261281701569
1789385962,709443527,kinect1_rgb_optical_frame,0.09526471771970954,-0.060369935979271,-0.9936196980674461
1789385962,819085501,kinect1_rgb_optical_frame,0.1252752177081801,-0.06182124512032953,-0.9901940483965455
1789385962,930038376,kinect1_rgb_optical_frame,0.09024495371890616,-0.04287264685807151,-0.9949963741037731
1789385963,37143023,kinect1_rgb_optical_frame,0.14247419778275436,-0.10607517212240919,-0.9840981459312694
1789385963,146090396,kinect1_rgb_optical_frame,0.08548107104599474,-0.018919117700398953,-0.996160154532527
1789385963,254928111,kinect1_rgb_optical_frame,0.5161340826611117,0.15469575811576883,-0.8424220029988299
1789385963,362707413,kinect1_rgb_optical_frame,0.44517854154710856,0.1979372901664252,-0.8732908423357947
1789385963,472501468,kinect1_rgb_optical_frame,0.23364878642621506,0.20461093937742209,-0.9505485827082412
1789385963,578443140,kinect1_rgb_optical_frame,0.17150257157983437,0.05639483483172854,-0.9835682439697847
1789385963,690124464,kinect1_rgb_optical_frame,0.1340860209929388,-0.03541335431721709,-0.9903367272348758
1789385963,802310263,kinect1_rgb_optical_frame,0.20894830896481076,-0.09195531824398365,-0.9735937672496644
1789385963,909090755,kinect1_rgb_optical_frame,0.23064671205847978,-0.10034824026611384,-0.9678493296438796
1789385964,15216684,kinect1_rgb_optical_frame,0.19650433433841794,-0.08585659829365266,-0.9767367563042039
1789385964,122778025,kinect1_rgb_optical_frame,0.0935642388269186,-0.09533390552195371,-0.9910384350118165
1789385964,226064991,kinect1_rgb_optical_frame,0.07725954637861378,-0.1010575769015403,-0.9918761659825082
1789385964,331407295,kinect1_rgb_optical_frame,0.0040602109657723985,-0.11930786725098162,-0.9928490053874938
1789385964,440618466,kinect1_rgb_optical_frame,-0.006044043242892736,-0.12266864252724291,-0.9924292789321573
1789385964,551274554,kinect1_rgb_optical_frame,0.15101729677068407,-0.09916090736893973,-0.9835450627835228
1789385964,658476811,kinect1_rgb_optical_frame,0.23029894644993476,-0.11370592874936931,-0.9664540118553461
1789385964,765348413,kinect1_rgb_optical_frame,0.2291839429614091,-0.08946497499411045,-0.9692629872939361
1789385964,874714458,kinect1_rgb_optical_frame,0.11868449449672941,-0.09475338847663503,-0.9884006202639959
1789385964,983961063,kinect1_rgb_optical_frame,0.11083838859335834,-0.1097829361178481,-0.9877563254929691
1789385965,92198393,kinect1_rgb_optical_frame,0.08156695199756682,-0.12171185050557308,-0.9892082984833557
1789385965,203340436,kinect1_rgb_optical_frame,0.15424922120411705,-0.11218778565352884,-0.9816420317549984
1789385965,313627498,kinect1_rgb_optical_frame,0.14747136474702252,-0.09741973013673072,-0.9842568733616938
1789385965,422873021,kinect1_rgb_optical_frame,0.17968624426432125,-0.13523030228932634,-0.9743847386761146
1789385965,532874578,kinect1_rgb_optical_frame,0.3345782830242225,0.07285864322742186,-0.9395472263998349
1789385965,642200420,kinect1_rgb_optical_frame,0.2611996805608787,-0.10234687042411632,-0.9598436565343775
1789385965,752268451,kinect1_rgb_optical_frame,0.24919451188588565,-0.14818950367011718,-0.9570485704748529
1789385965,862674712,kinect1_rgb_optical_frame,0.5655303817982433,-0.27475413950721933,-0.7776152969732402
1789385965,974817497,kinect1_rgb_optical_frame,0.5956062719402797,-0.24658786923978518,-0.7644917210599368
1789385966,84276066,kinect1_rgb_optical_frame,0.5502046608803571,-0.21989824429252436,-0.8055554563793833
1789385966,193679881,kinect1_rgb_optical_frame,0.5190844422582889,-0.22286768009222893,-0.8251553423299816
1789385966,305114171,kinect1_rgb_optical_frame,0.5605980761948018,-0.25980547051990177,-0.7862766144650493
1789385966,416372698,kinect1_rgb_optical_frame,0.5782922025704114,-0.2521429101729737,-0.7758879308867783
1789385966,527355687,kinect1_rgb_optical_frame,0.5745357842320751,-0.25496302104433705,-0.7777547753223888
1789385966,633121827,kinect1_rgb_optical_frame,0.5532765378548471,-0.254372995410243,-0.7932083281618861
1789385966,742949966,kinect1_rgb_optical_frame,0.5366944685860924,-0.27993628041303326,-0.7959866370094459
1789385966,850194427,kinect1_rgb_optical_frame,0.32741847472107743,-0.15066078493732704,-0.9327906894332681
1789385966,957260656,kinect1_rgb_optical_frame,0.05705451520451995,0.1638189722220743,-0.9848391374406688
1789385967,63644952,kinect1_rgb_optical_frame,0.15958768835188666,0.17170788991303862,-0.9721358805579152
1789385967,171565371,kinect1_rgb_optical_frame,0.5479168358595862,0.16998535929229003,-0.8190800440786545
1789385967,277825339,kinect1_rgb_optical_frame,0.5197730445612694,-0.2658963232761863,-0.8118713736890313
1789385967,387553916,kinect1_rgb_optical_frame,0.5504408060701478,-0.2862456360474912,-0.7842693127087232
1789385967,495947460,kinect1_rgb_optical_frame,0.5247623642697102,-0.2530678765603253,-0.8127614108084316
1789385967,604070310,kinect1_rgb_optical_frame,0.35119317690529905,0.09079397263088607,-0.9318904479760833
1789385967,711473750,kinect1_rgb_optical_frame,0.27433366499265827,0.18970778491196072,-0.9427364406850375
1789385967,824592816,kinect1_rgb_optical_frame,0.15126578983561612,0.17862342778674917,-0.9722203103572354
1789385967,933315438,kinect1_rgb_optical_frame,0.1464720471063853,0.01570853614099705,-0.9890900774493554
1789385968,40989425,kinect1_rgb_optical_frame,0.10883133327106571,-0.08620366610834883,-0.9903154390636968
1789385968,149840999,kinect1_rgb_optical_frame,0.12062319370374155,-0.08769076641434732,-0.9888176650052193
1789385968,252504128,kinect1_rgb_optical_frame,0.09982399074576731,-0.13002348985041612,-0.9864730421854963
1789385968,361667818,kinect1_rgb_optical_frame,0.17552214028613458,-0.06390164925843982,-0.9823993879738657
1789385968,469835288,kinect1_rgb_optical_frame,0.20318975831749694,-0.0534875096060566,-0.9776773539522224
1789385968,578877024,kinect1_rgb_optical_frame,0.1359405295968113,-0.06944201100578032,-0.9882803142430854
1789385968,687467532,kinect1_rgb_optical_frame,0.1342195696428776,-0.06504717175864506,-0.9888144277725129
1789385968,796701185,kinect1_rgb_optical_frame,0.2247636951969563,0.08932144281780771,-0.9703107549513995
1789385968,906045456,kinect1_rgb_optical_frame,0.30933941117240504,0.09597078300844725,-0.9460965793745665
1789385969,13524340,kinect1_rgb_optical_frame,-0.10839668625820038,0.057814301487886466,-0.9924251432484513
1789385969,120984180,kinect1_rgb_optical_frame,-0.31638433198828425,0.01208348594824835,-0.9485541333206374
1789385969,233229667,kinect1_rgb_optical_frame,-0.4226736952562724,-0.11902374443680262,-0.8984321318823424
1789385969,341825657,kinect1_rgb_optical_frame,-0.4733201352900046,-0.24425620432087183,-0.846349192815715
1789385969,449030169,kinect1_rgb_optical_frame,-0.5059655086887256,-0.25837907614246175,-0.8229454155830307
1789385969,558508070,kinect1_rgb_optical_frame,-0.5111152435122983,-0.23169234919979548,-0.8276955135625927
1789385969,666036512,kinect1_rgb_optical_frame,-0.5089941583855434,-0.23199703717759054,-0.8289163537234695
1789385969,771271154,kinect1_rgb_optical_frame,-0.5038184184277222,-0.21059077073746285,-0.8377461002793088
1789385969,879095348,kinect1_rgb_optical_frame,-0.500511515847724,-0.21915254886455118,-0.8375323174839191
1789385969,984262856,kinect1_rgb_optical_frame,-0.4681020210763119,-0.23380417084364097,-0.8521831420301564
1789385970,94560223,kinect1_rgb_optical_frame,-0.48863875860262906,-0.23839790874683478,-0.8392845767059094
1789385970,201649673,kinect1_rgb_optical_frame,-0.5008540186899901,-0.3051081644587669,-0.8099717649046103
1789385970,309573157,kinect1_rgb_optical_frame,-0.5209405440471764,-0.251813462992458,-0.8156046403886983
1789385970,420544199,kinect1_rgb_optical_frame,-0.4824761330400003,-0.24152101391560823,-0.8419527189123773
1789385970,529913937,kinect1_rgb_optical_frame,-0.5435543706256982,-0.274534431648963,-0.7932083534689244
1789385970,639552366,kinect1_rgb_optical_frame,-0.5327818843822825,-0.2936419412971724,-0.7936736571068063
1789385970,745856212,kinect1_rgb_optical_frame,-0.5245438847804248,-0.296851673012809,-0.7979553854501873
1789385970,853144900,kinect1_rgb_optical_frame,-0.5329739153997191,-0.30920213783448147,-0.7876121148522791
1789385970,959479407,kinect1_rgb_optical_frame,-0.48865301236441355,-0.27602519427284355,-0.8276643798266441
1789385971,67143580,kinect1_rgb_optical_frame,-0.4967609063507434,-0.28990075976279117,-0.8180379889776175
1789385971,175464790,kinect1_rgb_optical_frame,-0.500360951399598,-0.2928531372768035,-0.8147858358499016
1789385971,283807924,kinect1_rgb_optical_frame,-0.5042480359765522,-0.2672416380858878,-0.8211673551030637
1789385971,392363306,kinect1_rgb_optical_frame,-0.5076635628081616,-0.2636568054594967,-0.820221187200024
1789385971,501436306,kinect1_rgb_optical_frame,-0.5117927060034276,-0.28819562430978424,-0.8093278125768216
1789385971,610356903,kinect1_rgb_optical_frame,-0.49934657701586255,-0.2793355136433712,-0.8201369805344321
1789385971,718998575,kinect1_rgb_optical_frame,-0.4559392673577687,-0.2964201197952224,-0.8391987232246289
1789385971,826617143,kinect1_rgb_optical_frame,-0.48922317374084684,-0.31702037014918155,-0.812501551497232
1789385971,934038508,kinect1_rgb_optical_frame,-0.5137298435171099,-0.16684179601842436,-0.841573207143165
1789385972,41685667,kinect1_rgb_optical_frame,-0.47522798910464276,-0.15659218226959007,-0.8658159428097897
1789385972,149558741,kinect1_rgb_optical_frame,-0.5027418896179096,-0.13821909501295074,-0.8533147568143977
1789385972,256423744,kinect1_rgb_optical_frame,-0.5019267590857842,-0.1803835342087967,-0.8458908375789308
1789385972,363570494,kinect1_rgb_optical_frame,-0.1462082926183037,0.14440168555529145,-0.9786579016073141
1789385972,472520673,kinect1_rgb_optical_frame,-0.08071548480224607,0.11785902631610393,-0.9897445430154987
1789385972,579714110,kinect1_rgb_optical_frame,0.43945551402259403,0.09791340339217366,-0.8929119870576826
1789385972,686894525,kinect1_rgb_optical_frame,0.40855755973916413,0.030897039332122057,-0.9122094569453272
1789385972,794566469,kinect1_rgb_optical_frame,0.38148642375201997,0.1320019855759681,-0.9149008603651525
1789385972,901808595,kinect1_rgb_optical_frame,0.2891522913153458,-0.06957530654097092,-0.9547513965147238
1789385973,8962764,kinect1_rgb_optical_frame,0.2988148126757015,-0.1553389052811157,-0.941583523768152
1789385973,118966824,kinect1_rgb_optical_frame,0.13410363729151217,-0.08269119632317612,-0.9875112052608965
1789385973,225813043,kinect1_rgb_optical_frame,-0.1748471974103698,0.026995120890622764,-0.9842254421654827
1789385973,339044859,kinect1_rgb_optical_frame,-0.21010812586779934,0.03870858776827386,-0.9769115725987214
1789385973,449751770,kinect1_rgb_optical_frame,-0.13930514634423072,0.0266899042531791,-0.9898897540701028
1789385973,556543366,kinect1_rgb_optical_frame,-0.1646761772643415,0.04102996892014782,-0.9854939362025598
1789385973,663598450,kinect1_rgb_optical_frame,-0.1346497079167247,0.05668721142998117,-0.9892704464494193
1789385973,770189088,kinect1_rgb_optical_frame,-0.14536261880405324,0.05126516187413427,-0.9880493875472249
1789385973,879840748,kinect1_rgb_optical_frame,-0.12809149506642156,0.044488888112063495,-0.9907640020338856
1789385973,990063959,kinect1_rgb_optical_frame,-0.1675532532914845,0.04450264314814034,-0.9848580720409763
1789385974,97925684,kinect1_rgb_optical_frame,-0.18183903789704453,0.07872559785238181,-0.9801718443923302
1789385974,206322890,kinect1_rgb_optical_frame,-0.1600134865817741,0.22118496207876925,-0.9620150189379363
1789385974,319293478,kinect1_rgb_optical_frame,-0.15197115180484785,0.15935796633571392,-0.9754536419453533
1789385974,427492617,kinect1_rgb_optical_frame,-0.07940139767444973,0.10208614671630027,-0.9916016522253087
1789385974,533882297,kinect1_rgb_optical_frame,-0.1266606118913539,0.12917162349636613,-0.9834997616057773
1789385974,642468391,kinect1_rgb_optical_frame,-0.09663255874572203,0.08784137018144289,-0.9914363531134519
1789385974,754615666,kinect1_rgb_optical_frame,-0.08192141682405052,0.13472710337744384,-0.9874905007548497
1789385974,864140559,kinect1_rgb_optical_frame,-0.18769082516274238,0.07100972642341505,-0.9796579877196943
1789385974,971531521,kinect1_rgb_optical_frame,-0.1358824997251352,0.07742556301088564,-0.9876949065682662
1789385975,78581610,kinect1_rgb_optical_frame,-0.19093357296570934,0.06680595801095855,-0.9793269804762791
1789385975,194381329,kinect1_rgb_optical_frame,-0.09563571853051878,0.08588425661702109,-0.9917044437767198
1789385975,302489155,kinect1_rgb_optical_frame,-0.1484143842734102,0.10031510422174823,-0.9838241968998955
1789385975,407594318,kinect1_rgb_optical_frame,-0.23615085332878663,0.06800165090671768,-0.9693340755106296
1789385975,516059523,kinect1_rgb_optical_frame,-0.21328125436035422,0.0860911797497003,-0.9731903284084664
1789385975,623167304,kinect1_rgb_optical_frame,-0.2108641993943022,0.1112742889676075,-0.9711613264687559
1789385975,735641545,kinect1_rgb_optical_frame,-0.021817423288384732,0.1574558382716543,-0.9872849938266185
1789385975,843696267,kinect1_rgb_optical_frame,-0.2086922515311336,0.13000412024116664,-0.9693020545068428
1789385975,951038925,kinect1_rgb_optical_frame,-0.09326061408748267,0.15197239497553094,-0.9839750245943374
1789385976,57904314,kinect1_rgb_optical_frame,-0.06539034527679587,0.12428981399514637,-0.990088958064695
1789385976,165764840,kinect1_rgb_optical_frame,-0.05006819989276077,0.11946198248187005,-0.9915755191113786
1789385976,273487620,kinect1_rgb_optical_frame,-0.08986328190927065,0.10528775875797018,-0.9903732015862599
1789385976,382556194,kinect1_rgb_optical_frame,-0.10590661254531762,0.10322851172340837,-0.9890033689460043
1789385976,491134017,kinect1_rgb_optical_frame,-0.09407383244758871,0.11124705587181517,-0.9893301807831784
1789385976,595939429,kinect1_rgb_optical_frame,-0.12446680881317271,0.11203638185139483,-0.9858782189730706
1789385976,703042274,kinect1_rgb_optical_frame,-0.16159056072935135,0.10413402131607812,-0.9813483562363146
1789385976,810358360,kinect1_rgb_optical_frame,-0.22030816553655022,0.12396054625384302,-0.9675216251693648
1789385976,918264818,kinect1_rgb_optical_frame,-0.2862322046304897,-0.024817660243062232,-0.9578388219175653
1789385977,24259457,kinect1_rgb_optical_frame,-0.16146892971957227,0.09556132705925158,-0.9822402035682976
1789385977,130082962,kinect1_rgb_optical_frame,-0.16600592280420245,0.08659969781646805,-0.9823148812534714
1789385977,238710277,kinect1_rgb_optical_frame,-0.16613735645430902,0.09703621181785264,-0.981316642265082
1789385977,346706527,kinect1_rgb_optical_frame,-0.19550577273515662,0.09057354276898834,-0.9765110988501378
1789385977,455985371,kinect1_rgb_optical_frame,-0.08299571878246513,0.13821004827040784,-0.9869192941780365
1789385977,567138262,kinect1_rgb_optical_frame,-0.10902223263811077,0.1295110576144468,-0.9855663543091298
1789385977,677112648,kinect1_rgb_optical_frame,-0.08342046354100448,0.15587587810124956,-0.9842478025826465
1789385977,783618314,kinect1_rgb_optical_frame,-0.15851366511885756,0.14437642734998038,-0.9767440121117931
1789385977,901000749,kinect1_rgb_optical_frame,-0.12485121295804875,0.13888365218134122,-0.982406995994876
1789385978,9391190,kinect1_rgb_optical_frame,-0.07346132113285476,0.1515185037171669,-0.9857208414803486
1789385978,122077407,kinect1_rgb_optical_frame,-0.10513714483885311,0.13654430741123594,-0.9850390006942467
1789385978,228990136,kinect1_rgb_optical_frame,-0.07874776412259078,0.12365854654114386,-0.9891953060508448
1789385978,334482567,kinect1_rgb_optical_frame,-0.2404244789644367,0.11268148460492265,-0.9641052603019599
1789385978,446432077,kinect1_rgb_optical_frame,-0.13066779618469934,0.15479872142818363,-0.9792667067170381
1789385978,554044323,kinect1_rgb_optical_frame,0.009286762928309935,0.24223930706059132,-0.9701720848123377
1789385978,660363466,kinect1_rgb_optical_frame,-0.14402430430583318,0.1469399546870686,-0.9786039288117451
1789385978,767227199,kinect1_rgb_optical_frame,-0.2352450845854764,0.10982605110454671,-0.9657111310724101
1789385978,874210148,kinect1_rgb_optical_frame,-0.21423793309625455,0.10415951193584869,-0.9712120798754156
1789385978,982396413,kinect1_rgb_optical_frame,-0.19232439474752955,0.11689431974033616,-0.974344418158918
1789385979,96311772,kinect1_rgb_optical_frame,-0.1448932460640657,0.13140637488263598,-0.9806825744782164
1789385979,204272029,kinect1_rgb_optical_frame,-0.10722972134068942,0.1565203318465748,-0.9818366323273114
1789385979,311991221,kinect1_rgb_optical_frame,0.0024384345419844805,0.14565680955591437,-0.9893321726634471
1789385979,424820716,kinect1_rgb_optical_frame,0.027124955295505356,0.1221812095302764,-0.9921370816766882
1789385979,532799623,kinect1_rgb_optical_frame,-0.019265790643477745,0.13401727120433166,-0.9907917038055105
1789385979,641726228,kinect1_rgb_optical_frame,-0.06982938718756353,0.1472767123241132,-0.9866272987770052
1789385979,751325259,kinect1_rgb_optical_frame,-0.08108862345584857,0.0748994864523279,-0.9938886769026062
1789385979,866381204,kinect1_rgb_optical_frame,-0.08958937740309311,0.043941653413005564,-0.9950089821463208
1789385980,70025615,kinect1_rgb_optical_frame,-0.05112104061853494,0.09770445273242563,-0.9939016445918255
1789385980,179619608,kinect1_rgb_optical_frame,-0.015491841395720974,0.10133325640988436,-0.9947319106148844
1789385980,290933969,kinect1_rgb_optical_frame,-0.030946018521756585,0.02059399584328312,-0.9993088768107977
1789385980,402831150,kinect1_rgb_optical_frame,0.297027629746792,-0.15361486603960814,-0.9424314617512702
1789385980,622554167,kinect1_rgb_optical_frame,0.10368247790684158,0.07280899067174106,-0.9919419310889421
1789385980,732533486,kinect1_rgb_optical_frame,0.2534882462715834,0.23266040125063617,-0.9389424086130365
1789385980,853533857,kinect1_rgb_optical_frame,0.05120941278686606,0.15671336359198326,-0.9863156278360955
1789385980,964010723,kinect1_rgb_optical_frame,-0.08450641213126753,0.07918471027736695,-0.9932715882209608
1789385981,72568761,kinect1_rgb_optical_frame,0.07337771248652288,0.06487895101227834,-0.9951916564289471
1789385981,179905246,kinect1_rgb_optical_frame,0.1258187080527224,0.1519820271328363,-0.9803423463936145
1789385981,291925272,kinect1_rgb_optical_frame,0.05444353713475258,0.1306919990125947,-0.9899270188545966
1789385981,399408005,kinect1_rgb_optical_frame,0.3892805175840742,0.4068361615228796,-0.8264048743242048
1789385981,507905881,kinect1_rgb_optical_frame,0.675138897414273,0.33155230346643905,-0.6589844757384942
1789385981,618087831,kinect1_rgb_optical_frame,0.6671624834939097,0.4052882767230317,-0.6250085066374008
1789385981,726435848,kinect1_rgb_optical_frame,0.7005065441781931,0.4191089048294581,-0.5776143241438682
1789385981,834589397,kinect1_rgb_optical_frame,0.7350363571179387,0.4223416338657777,-0.5304235081690626
1789385981,943413992,kinect1_rgb_optical_frame,0.7324831071247732,0.3824359553402657,-0.5632150902096075
1789385982,50966701,kinect1_rgb_optical_frame,0.3328667232346525,0.3791762288866652,-0.8633800623192041
1789385982,159909453,kinect1_rgb_optical_frame,0.2819920474244206,0.35009376462779646,-0.8932607912351916
1789385982,267050698,kinect1_rgb_optical_frame,0.6423435334770503,0.38622399327081347,-0.661986262714087
1789385982,374519401,kinect1_rgb_optical_frame,0.8873752508074427,0.34932229149558397,-0.30089716003761563
1789385982,482656247,kinect1_rgb_optical_frame,0.9181465757971802,0.3318045819396817,-0.21659313182958007
1789385982,589668653,kinect1_rgb_optical_frame,0.7978357713090978,0.3654451878735078,-0.47948711836681673
1789385982,695964221,kinect1_rgb_optical_frame,0.863745534975677,0.34746756607080226,-0.36497937111351136
1789385982,800984979,kinect1_rgb_optical_frame,0.8614929233703077,0.3312561067753835,-0.3848367637153408
1789385982,913799539,kinect1_rgb_optical_frame,0.9110658144360433,0.3211719992634178,-0.25847171732150603
1789385983,21469978,kinect1_rgb_optical_frame,0.7234724078598304,0.018482374002638313,-0.6901058447200153
1789385983,128086341,kinect1_rgb_optical_frame,0.6834449171126569,0.011232812281430301,-0.7299156589641874
1789385983,236104706,kinect1_rgb_optical_frame,0.8207262419007987,0.21086071820646435,-0.530986057606832
1789385983,343434892,kinect1_rgb_optical_frame,-0.15617217132101593,0.06368786652129171,-0.9856744434968604
1789385983,450106476,kinect1_rgb_optical_frame,-0.03194683931642461,0.07863695827654273,-0.9963913027775302
1789385983,558706130,kinect1_rgb_optical_frame,-0.03487265050007562,0.08385135082126435,-0.9958678874291252
1789385983,662884272,kinect1_rgb_optical_frame,-0.07599130662753502,0.09791315128964719,-0.9922894417061842
1789385983,767907184,kinect1_rgb_optical_frame,-0.03971624605881437,0.14652812270160348,-0.9884088875847584
1789385983,872566025,kinect1_rgb_optical_frame,-0.04374639767780115,0.18307664366321655,-0.9821248368895003
1789385983,979766321,kinect1_rgb_optical_frame,-0.0197085948293431,0.17369020107593372,-0.9846031105679357
1789385984,92985111,kinect1_rgb_optical_frame,-0.005298673186782536,0.14167743369749228,-0.9898986962529814
1789385984,198819591,kinect1_rgb_optical_frame,0.001789030592974443,0.13839942237282263,-0.9903748781428204
1789385984,303675178,kinect1_rgb_optical_frame,0.06649661072696111,0.08939416641492592,-0.9937740607264851
1789385989,940593713,kinect1_rgb_optical_frame,0.012890744623438187,0.16064863810028848,-0.9869274764538557
1789385990,47523821,kinect1_rgb_optical_frame,-0.023579783971358785,0.16459707258001907,-0.9860790016453814
1789385990,154019706,kinect1_rgb_optical_frame,0.01131985699488175,0.1614523120500995,-0.9868155915728596
1789385990,261138647,kinect1_rgb_optical_frame,0.015565783002156532,0.13013512638682762,-0.9913740743431887
1789385990,399828794,kinect1_rgb_optical_frame,0.028290558446048122,0.1358628208225451,-0.9903236532674314
1789385990,507675168,kinect1_rgb_optical_frame,0.00667346648213998,0.11021475795348394,-0.993885391770282
1789385990,617764544,kinect1_rgb_optical_frame,0.03353295182484911,0.06705684379903211,-0.9971854997148849
1789385990,726580131,kinect1_rgb_optical_frame,0.00044762619373903075,0.052864603497428574,-0.9986015888871048
1789385990,849042963,kinect1_rgb_optical_frame,-0.040272024987817956,0.12196454016943124,-0.9917171042916623
1789385990,969961684,kinect1_rgb_optical_frame,-0.03821132237867615,0.1276887938516598,-0.991077931732304
1789385991,78612802,kinect1_rgb_optical_frame,-0.01071887755937103,0.15817874322826178,-0.9873523134396328
1789385991,198763169,kinect1_rgb_optical_frame,0.0008223636975861279,0.15773177313691455,-0.9874816512022053
1789385991,306033627,kinect1_rgb_optical_frame,-0.013623881476222035,0.1680635675547112,-0.9856820111548679
1789385991,412164599,kinect1_rgb_optical_frame,-0.005870154473679916,0.15277894232678793,-0.9882429539682857
1789385991,521243626,kinect1_rgb_optical_frame,0.02820526515104128,0.157987772937671,-0.9870381586443122
1789385991,629252789,kinect1_rgb_optical_frame,0.013993007892149913,0.15563801423578333,-0.9877150420312897
1789385991,736455659,kinect1_rgb_optical_frame,-0.011497877941645716,0.163261748202237,-0.9865157882045216
1789385991,844137833,kinect1_rgb_optical_frame,0.012444512763331455,0.16702359572286232,-0.9858743594261336
1789385991,955748569,kinect1_rgb_optical_frame,-0.006658457873199857,0.16021746891128943,-0.987059282715284
1789385992,65849552,kinect1_rgb_optical_frame,-0.09925036059989566,0.1838032726724702,-0.9779395292530517
1789385992,172405493,kinect1_rgb_optical_frame,-0.09269442405895287,0.19164536412450486,-0.9770771710351056
1789385992,281156263,kinect1_rgb_optical_frame,0.33785515090064633,0.27442690798418284,-0.9003020433077682
1789385992,387996477,kinect1_rgb_optical_frame,-0.06411072497351801,0.12849452754179963,-0.9896357771095281
1789385992,524166095,kinect1_rgb_optical_frame,-0.06445597672176555,0.13558958219312497,-0.9886662188350207
1789385992,633437283,kinect1_rgb_optical_frame,0.0031075424299340493,0.08288311041752772,-0.9965544306196035
1789386006,831026117,kinect1_rgb_optical_frame,0.17260332038043869,-0.02997853660415085,-0.984535109143763
1789386006,939736569,kinect1_rgb_optical_frame,0.13512236357194268,-0.023530829497715972,-0.9905494671776273
1789386007,46860416,kinect1_rgb_optical_frame,0.12730629089392367,0.0030685801330385385,-0.9918587057211319
1789386007,154798342,kinect1_rgb_optical_frame,0.14455438748334332,0.05032145429938144,-0.988216464291357
1789386007,261390940,kinect1_rgb_optical_frame,0.1363070190496786,0.06823459487369828,-0.9883139362673243
1789386007,369476506,kinect1_rgb_optical_frame,0.18130384961612345,0.13269768571291898,-0.9744332908520775
1789386007,476723170,kinect1_rgb_optical_frame,0.3630404217194358,0.08157056847796128,-0.9281960431697371
1789386007,587993826,kinect1_rgb_optical_frame,0.20375912444147143,-0.04174260933679852,-0.9781307549466995
1789386007,695905801,kinect1_rgb_optical_frame,-0.07325079944927425,0.10351635680136306,-0.9919267534725612
1789386007,802157000,kinect1_rgb_optical_frame,-0.04765786617385215,0.12135419647777719,-0.9914645161522364
1789386007,909248965,kinect1_rgb_optical_frame,0.11697820332693956,0.0201442156761048,-0.9929301639698513
1789386008,19757930,kinect1_rgb_optical_frame,0.013609423211398637,0.05529330433804789,-0.9983774006332641
1789386008,129094619,kinect1_rgb_optical_frame,-0.06665861753342303,0.05810065550746534,-0.9960827990373771
1789386008,236930641,kinect1_rgb_optical_frame,-0.023821301800953553,0.05154493704471236,-0.9983865308814841
1789386008,344638953,kinect1_rgb_optical_frame,-0.028406422495798125,-0.020758646407774948,-0.9993808852286036
1789386008,453756012,kinect1_rgb_optical_frame,-0.07673564079083459,-0.013119608022179725,-0.9969651535122802
1789386008,561008154,kinect1_rgb_optical_frame,-0.047921326942651644,0.0230485389867268,-0.9985851547437669
1789386008,667877945,kinect1_rgb_optical_frame,0.5506566994443994,-0.0317005333081275,-0.8341296515200625
1789386008,775110298,kinect1_rgb_optical_frame,0.2724691982324642,-0.3128784239211286,-0.9098723140414752
1789386008,883478509,kinect1_rgb_optical_frame,0.22991073446545918,-0.21053873714253735,-0.950165508919356
1789386008,989360624,kinect1_rgb_optical_frame,0.21945791714219148,-0.1295290247997366,-0.9669852399794117
1789386009,96645371,kinect1_rgb_optical_frame,0.29824364192492314,-0.2115887182900968,-0.9307421470760375
1789386009,205011628,kinect1_rgb_optical_frame,0.2581818783406709,-0.16468234931170708,-0.9519568485607213
1789386009,312089243,kinect1_rgb_optical_frame,0.15891279782800086,-0.16366154941404498,-0.973633206053425
1789386009,419879647,kinect1_rgb_optical_frame,0.2305848934794458,-0.1640337184872882,-0.9591264494832293
1789386009,526935287,kinect1_rgb_optical_frame,0.07799258094091853,-0.1527120849050801,-0.9851883964207648
1789386009,632246645,kinect1_rgb_optical_frame,0.07705400443701844,-0.16076095915246108,-0.9839809929122619
1789386009,739515395,kinect1_rgb_optical_frame,0.01096765527206972,-0.18549843698598154,-0.9825833503645333
1789386009,848649437,kinect1_rgb_optical_frame,-0.15705421507752967,-0.17621428689226384,-0.9717419917969132
1789386009,957364728,kinect1_rgb_optical_frame,-0.14232889605606264,-0.13298547632476615,-0.9808452214463491
1789386010,69385585,kinect1_rgb_optical_frame,-0.04112795377236228,-0.1717940306032611,-0.9842739976589772
1789386010,182385459,kinect1_rgb_optical_frame,0.26985141350046676,-0.1059324824489258,-0.9570572207522433
1789386010,290693092,kinect1_rgb_optical_frame,0.282522456115229,-0.11369689798810441,-0.9524988594106039
1789386010,400701159,kinect1_rgb_optical_frame,0.3327448519752371,-0.10636263405910579,-0.9369993882388539
1789386010,508381445,kinect1_rgb_optical_frame,0.2800306136327896,-0.13469377801135257,-0.9504948403823515
1789386010,615142015,kinect1_rgb_optical_frame,0.29539432521623205,-0.12378022612431261,-0.9473228848975734
1789386010,722246479,kinect1_rgb_optical_frame,0.5211983279416492,-0.2402064057686619,-0.8189341765847424
1789386010,829348365,kinect1_rgb_optical_frame,0.6064496039789203,-0.2857010120598574,-0.7420200870204149
1789386010,945092352,kinect1_rgb_optical_frame,0.5975215074614594,-0.2670349169063868,-0.7560822714981381
1789386011,55085971,kinect1_rgb_optical_frame,0.5755375165809387,-0.29973695961074764,-0.7608641942233522
1789386011,165394879,kinect1_rgb_optical_frame,0.5599017553150094,-0.3188239555657286,-0.7647622570136379
1789386011,277083106,kinect1_rgb_optical_frame,0.5597417774496858,-0.30393408326309207,-0.7709171262908163
1789386011,384839994,kinect1_rgb_optical_frame,0.5282482212287403,-0.27651718490287036,-0.8028026303034038
1789386011,492684906,kinect1_rgb_optical_frame,0.5982923096903958,-0.29115299173339076,-0.7465093754066507
1789386011,606741958,kinect1_rgb_optical_frame,0.4279118380517406,0.13653936227474306,-0.8934475146335052
1789386011,712925792,kinect1_rgb_optical_frame,0.2062845391255496,0.1389211489826223,-0.9685801997166305
1789386011,823735335,kinect1_rgb_optical_frame,0.1881615151093493,0.13646580481297438,-0.972611087921838
1789386011,931664115,kinect1_rgb_optical_frame,0.4718437703534862,0.18005550661683173,-0.8631010780410153
1789386012,41147411,kinect1_rgb_optical_frame,0.4047194670496927,0.12909675149945762,-0.9052823767992505
1789386012,149307198,kinect1_rgb_optical_frame,0.318260996897364,-0.031219501282535304,-0.9474889342855493
1789386012,257006261,kinect1_rgb_optical_frame,-0.4148253935588125,-0.3400798067302504,-0.8439583034209048
1789386012,366104391,kinect1_rgb_optical_frame,-0.36096904394064633,-0.336267732871226,-0.8698421472578927
1789386012,475995343,kinect1_rgb_optical_frame,-0.4492292631106249,-0.3379259318377529,-0.8270424014261127
1789386012,585654165,kinect1_rgb_optical_frame,-0.4537476165726182,-0.34029122629244773,-0.823598799029631
1789386012,693058363,kinect1_rgb_optical_frame,-0.4255277672501896,-0.3442771051861965,-0.8368986761512298
1789386012,800916264,kinect1_rgb_optical_frame,-0.4407490879260883,-0.3048470452250013,-0.8442798828054043
1789386012,909118823,kinect1_rgb_optical_frame,0.5964480144034859,-0.09233372579676247,-0.7973231773845706
1789386013,21557346,kinect1_rgb_optical_frame,0.4966480410878807,0.12014723292479133,-0.8595960479807284
1789386013,134248140,kinect1_rgb_optical_frame,0.40759650414649884,0.11030507119730136,-0.906475527014222
1789386013,242780005,kinect1_rgb_optical_frame,0.39918105450957897,0.13254616505607905,-0.9072408720122497
1789386013,348901429,kinect1_rgb_optical_frame,0.1971037401516389,0.12820133367580736,-0.9719642656301617
1789386013,455259289,kinect1_rgb_optical_frame,0.5447835652522196,0.10358604539915744,-0.8321543115490326
1789386013,566041069,kinect1_rgb_optical_frame,0.5519202573394345,-0.3196309712713381,-0.7702078107514319
1789386013,672048452,kinect1_rgb_optical_frame,0.532714242176861,-0.3059909747918143,-0.7890405943472668
1789386013,782805035,kinect1_rgb_optical_frame,0.5897203254712726,-0.29955066698979455,-0.7499995570878863
1789386013,895322146,kinect1_rgb_optical_frame,0.5742169296267795,-0.3000033848250358,-0.7617564484948688
1789386014,2089582,kinect1_rgb_optical_frame,0.5547367460290208,-0.31209834550463056,-0.7712728215997281
1789386014,112795950,kinect1_rgb_optical_frame,0.47021334704335105,-0.11869154037152753,-0.874535148811369
1789386014,220068298,kinect1_rgb_optical_frame,0.341675121716276,-0.0424540449435905,-0.9388587568255918
1789386014,329488720,kinect1_rgb_optical_frame,0.26802872624561436,-0.12151599394974376,-0.955716728493103
1789386014,437205448,kinect1_rgb_optical_frame,0.20519820346332254,-0.09414947415443997,-0.9741814891548018
1789386014,544649996,kinect1_rgb_optical_frame,0.3412719500537262,0.028057582535681493,-0.9395457562933167
1789386014,650097865,kinect1_rgb_optical_frame,-0.4184805432697882,-0.288360882742045,-0.8612328582960891
1789386014,762038194,kinect1_rgb_optical_frame,-0.42250250405563816,-0.30959501518685334,-0.8518465593275397
1789386014,874053240,kinect1_rgb_optical_frame,-0.44078019237919813,-0.32539656863361704,-0.8365583632524541
1789386014,979794348,kinect1_rgb_optical_frame,-0.42642013202628365,-0.34981880218446215,-0.834141880402198
1789386015,86536378,kinect1_rgb_optical_frame,-0.44543364677471453,-0.33702068631602095,-0.8294612247212386
1789386015,191538380,kinect1_rgb_optical_frame,-0.443711013679958,-0.30582132874553514,-0.8423739378823513
1789386015,297502960,kinect1_rgb_optical_frame,-0.46423160152457654,-0.3595649653619459,-0.8094455236951956
1789386015,403520351,kinect1_rgb_optical_frame,-0.43728365653098855,-0.32477111786129165,-0.838633844257442
1789386015,511653090,kinect1_rgb_optical_frame,-0.43707111422217826,-0.3629221392708999,-0.8229558687679536
1789386015,616625664,kinect1_rgb_optical_frame,-0.41920720906580566,-0.34859312372456525,-0.8383007514962681
1789386015,722495428,kinect1_rgb_optical_frame,-0.4373215165761115,-0.36490240123525813,-0.8219465485737577
1789386015,830227094,kinect1_rgb_optical_frame,-0.4135351270080565,-0.3399825546849701,-0.844630428791381
1789386015,936543905,kinect1_rgb_optical_frame,-0.4378568322659789,-0.33861887812437097,-0.8328377091701569
1789386016,41638105,kinect1_rgb_optical_frame,-0.4195114423906365,-0.34560834805371937,-0.8393837140777195
1789386016,156133900,kinect1_rgb_optical_frame,-0.41953530044517684,-0.3378231297518024,-0.8425352602028429
1789386016,264187780,kinect1_rgb_optical_frame,-0.4393652046943218,-0.3310282712348858,-0.835091911436795
1789386016,372664846,kinect1_rgb_optical_frame,-0.4442084919695609,-0.3821786365671688,-0.8103198784515832
1789386016,481650698,kinect1_rgb_optical_frame,-0.4270761735492435,-0.3670297768877624,-0.8263746637356786
1789386016,589201670,kinect1_rgb_optical_frame,-0.39531934128741136,-0.28629489353070847,-0.872787403863236
1789386016,695925905,kinect1_rgb_optical_frame,-0.40557698892860483,-0.3272186718648767,-0.8534841807758317
1789386016,803442191,kinect1_rgb_optical_frame,-0.4255168293507127,-0.3854750711073929,-0.8187456244121656
1789386016,909915767,kinect1_rgb_optical_frame,-0.38855942690524825,-0.3693111098981913,-0.8441746714210461
1789386017,29993040,kinect1_rgb_optical_frame,-0.4113803815177273,-0.3551281471999674,-0.8394344410188609
1789386017,139542714,kinect1_rgb_optical_frame,-0.38836573556169285,-0.36179242365622394,-0.8475130073494923
1789386017,247410512,kinect1_rgb_optical_frame,-0.41556096862844333,-0.36903322472667194,-0.8313384150876366
1789386017,350237379,kinect1_rgb_optical_frame,-0.42588156369346303,-0.3436399391238784,-0.8369805768026806
1789386017,458501104,kinect1_rgb_optical_frame,-0.39521600854842415,-0.3243995905658272,-0.8594004958270478
1789386017,565827663,kinect1_rgb_optical_frame,-0.41748561896168096,-0.32668706871171255,-0.847927660296992
1789386017,670840204,kinect1_rgb_optical_frame,-0.390168571594707,-0.32824226875359935,-0.8602473474200522
1789386017,776209096,kinect1_rgb_optical_frame,-0.42182453449636453,-0.3440388405780802,-0.8388690829149776
1789386017,884413038,kinect1_rgb_optical_frame,-0.3942219654660179,-0.3122432230289424,-0.8643455394786324
1789386017,992619575,kinect1_rgb_optical_frame,-0.381058816656896,-0.3188796299648571,-0.8678190824368418
1789386018,102217735,kinect1_rgb_optical_frame,-0.4031209626880911,-0.3554840295850565,-0.8432820371331275
1789386018,206582748,kinect1_rgb_optical_frame,-0.365525491346406,-0.3073701403950908,-0.8785867697441561
1789386018,318360759,kinect1_rgb_optical_frame,-0.395941541267754,-0.3451328559728431,-0.8509486515804254
1789386018,425717272,kinect1_rgb_optical_frame,-0.3880055639663062,-0.3248589465832489,-0.8625070128155542
1789386018,534553514,kinect1_rgb_optical_frame,-0.40366871206055965,-0.3084038928010595,-0.8613585837550595
1789386018,643434718,kinect1_rgb_optical_frame,-0.4067400346728022,-0.3511428336863348,-0.8433630621180291
1789386018,750272519,kinect1_rgb_optical_frame,-0.40581065878825695,-0.3430442700831375,-0.8471353716950841
1789386018,858654128,kinect1_rgb_optical_frame,-0.39417411654731493,-0.3111639279047502,-0.8647564835345447
1789386018,965430910,kinect1_rgb_optical_frame,-0.42259127472334784,-0.3165318227279898,-0.8492492094363071
1789386019,77480826,kinect1_rgb_optical_frame,-0.39864629397220114,-0.3183699323111425,-0.8600707636598444
1789386019,183850128,kinect1_rgb_optical_frame,-0.38499222777105463,-0.3019037880612567,-0.8721439601981683
1789386019,294005679,kinect1_rgb_optical_frame,-0.3871598409059255,-0.3240630022634285,-0.8631862071150764
1789386019,407194733,kinect1_rgb_optical_frame,-0.4177371904506621,-0.33084209654201796,-0.8461909635951388
1789386019,515161743,kinect1_rgb_optical_frame,-0.40497857388945796,-0.32464416151112274,-0.854750561911018
1789386019,622806916,kinect1_rgb_optical_frame,-0.40505684954436955,-0.33070417272576735,-0.8523870592512277
1789386019,733760647,kinect1_rgb_optical_frame,-0.4081494004893272,-0.3105576712543504,-0.8584684034402651
1789386019,845658142,kinect1_rgb_optical_frame,-0.39462190398558733,-0.33323652112585567,-0.8562867357858156
1789386019,955404957,kinect1_rgb_optical_frame,-0.4154478772026998,-0.3117649609067287,-0.8545207255992077
1789386020,67184885,kinect1_rgb_optical_frame,-0.3867572679549143,-0.30803609009738825,-0.8692137728324169
1789386020,175601877,kinect1_rgb_optical_frame,-0.3774193703668252,-0.3261764070502815,-0.8666969310870313
1789386020,286847059,kinect1_rgb_optical_frame,-0.42049913547070883,-0.32378527686274905,-0.8475515155760737
1789386020,397959425,kinect1_rgb_optical_frame,-0.4048567236372485,-0.30758135507028195,-0.8610950837966977
1789386020,508399400,kinect1_rgb_optical_frame,-0.3951898071922384,-0.3308005288926151,-0.8569690930107852
1789386020,616780540,kinect1_rgb_optical_frame,0.4644990797946613,-0.0406459587884889,-0.8846403285539708
1789386020,720963539,kinect1_rgb_optical_frame,0.7034529252086811,-0.2777297664924626,-0.6542324959977087
1789386020,828174239,kinect1_rgb_optical_frame,0.6996411222279774,-0.2460060828037416,-0.6708079511388749
1789386020,964400424,kinect1_rgb_optical_frame,0.7459200161584095,-0.23881316180387832,-0.6217488264914319
1789386021,105093765,kinect1_rgb_optical_frame,0.7896911682974302,-0.16215937777248826,-0.591685892102794
1789386021,221477872,kinect1_rgb_optical_frame,0.7967956219157428,-0.16879430947662818,-0.5801941209493706
1789386021,335796224,kinect1_rgb_optical_frame,0.8096539302248251,-0.17463207378550147,-0.5603250414508254
1789386021,447201962,kinect1_rgb_optical_frame,0.7949752763513734,-0.18141456501212877,-0.5788808734027389
1789386021,561199997,kinect1_rgb_optical_frame,0.798340410270527,-0.15057806943983237,-0.5830770397922213
1789386021,672586511,kinect1_rgb_optical_frame,0.7829869910682214,-0.16541629261151017,-0.5996405773099384
1789386021,785725995,kinect1_rgb_optical_frame,0.7914481046322588,-0.1735983662445064,-0.5860661267393326
1789386021,893466844,kinect1_rgb_optical_frame,0.7565362396290942,-0.17249003671523255,-0.6307932350317714
1789386021,999851214,kinect1_rgb_optical_frame,0.780703533856618,-0.18287486019381083,-0.5975439546450813
1789386022,108468319,kinect1_rgb_optical_frame,0.8189453256976584,-0.16390971371980273,-0.5499655982570624
1789386022,222710867,kinect1_rgb_optical_frame,0.8221071901529656,-0.16968867002715063,-0.5434570113295186
1789386022,333630575,kinect1_rgb_optical_frame,0.8181297867591021,-0.1312604709389125,-0.5598520704493297
1789386022,442233281,kinect1_rgb_optical_frame,0.7926088844414774,-0.15879688782263218,-0.5886889711233627
1789386022,550677286,kinect1_rgb_optical_frame,0.7594780714108543,0.107079272089442,-0.641659636049241
1789386022,656968039,kinect1_rgb_optical_frame,0.6608406808801821,0.20618361830026588,-0.7216494370803788
1789386022,770650338,kinect1_rgb_optical_frame,0.6503129983623036,0.1919346959386374,-0.7350197797719279
1789386022,884241935,kinect1_rgb_optical_frame,0.48210873711409896,0.1901359888619956,-0.8552306538809983
1789386022,994932183,kinect1_rgb_optical_frame,0.22783050649159003,-0.05920703988318878,-0.971899062012129
1789386023,103283375,kinect1_rgb_optical_frame,0.19305515309769794,-0.1143469259041732,-0.97450217465057
1789386023,213204202,kinect1_rgb_optical_frame,0.2137664142411166,-0.10347645829413647,-0.9713889760139329
1789386023,321557784,kinect1_rgb_optical_frame,0.17008090040491586,-0.10634285383306731,-0.979675295573024
1789386023,430242543,kinect1_rgb_optical_frame,0.29201511920130196,-0.10329634973696639,-0.9508191385793977
1789386023,539715137,kinect1_rgb_optical_frame,0.27105229215945326,-0.0664996395387944,-0.9602647826804421
1789386023,646001421,kinect1_rgb_optical_frame,0.2989374496942024,-0.10458237946619305,-0.9485246054138582
1789386023,754253469,kinect1_rgb_optical_frame,0.2932312864519468,-0.0770108539399585,-0.9529348041818888
1789386023,865227353,kinect1_rgb_optical_frame,0.7909932760947908,-0.15409815794692458,-0.5921008316918621
1789386023,978351584,kinect1_rgb_optical_frame,0.7717811511525777,-0.21804042633008294,-0.5973376157679993
1789386024,89487487,kinect1_rgb_optical_frame,0.7839691097645899,-0.16809603061647704,-0.5976087009288777
1789386024,200223477,kinect1_rgb_optical_frame,0.30698917110832785,-0.1727297936554517,-0.9359070825706829
1789386024,310584456,kinect1_rgb_optical_frame,0.24100092036464213,-0.1743324743333607,-0.954739097751948
1789386024,418409489,kinect1_rgb_optical_frame,0.25004646988262275,-0.16169539180277168,-0.9546367702791396
1789386024,528848207,kinect1_rgb_optical_frame,0.36875120684180274,-0.10314639996133504,-0.9237875121626891
1789386024,641530617,kinect1_rgb_optical_frame,0.30288607228383346,-0.10740231812029695,-0.9469555265580634
1789386024,751205409,kinect1_rgb_optical_frame,0.2795304806839887,-0.11072577553410286,-0.9537308388643778
1789386024,863558555,kinect1_rgb_optical_frame,0.7911318265305509,-0.16703340986576054,-0.5883963570919276
1789386024,968804787,kinect1_rgb_optical_frame,0.8036788268010231,-0.15624241509288722,-0.5741852062511478
1789386025,78494014,kinect1_rgb_optical_frame,0.8008374627362446,-0.139389805287288,-0.5824344087192532
1789386025,186145535,kinect1_rgb_optical_frame,0.8100154626802201,-0.1438803271244743,-0.568483422524794
1789386025,294013537,kinect1_rgb_optical_frame,0.8242154030366046,-0.1355111430254086,-0.5498233348205173
1789386025,403769487,kinect1_rgb_optical_frame,0.808629939503851,-0.1526089110455093,-0.5681796733494628
1789386025,514068486,kinect1_rgb_optical_frame,0.8087121003793445,-0.14525936168571402,-0.5699863652252466
1789386025,627371741,kinect1_rgb_optical_frame,0.8228328598395563,-0.14495383322005362,-0.5494856422174015
1789386025,736855404,kinect1_rgb_optical_frame,0.8152304421287255,-0.1382689183019119,-0.5623886845040732
1789386025,845732453,kinect1_rgb_optical_frame,0.8018747250358629,-0.15355511456443843,-0.5774233733923158
1789386025,952865552,kinect1_rgb_optical_frame,0.8084784379321012,-0.15517589079131822,-0.5676997959449964
1789386026,63099892,kinect1_rgb_optical_frame,0.8075564195741928,-0.13227478188529615,-0.5747660491727984
1789386026,170362296,kinect1_rgb_optical_frame,0.8097924188833665,-0.13115409531862485,-0.5718696019200351
1789386026,280555230,kinect1_rgb_optical_frame,0.7678593509247033,0.05539239397468015,-0.638219162895668
1789386026,383946241,kinect1_rgb_optical_frame,0.685592811851023,0.17340711954623877,-0.7070307399462094
1789386026,488500809,kinect1_rgb_optical_frame,0.6889819017545521,0.17827454585300057,-0.7025112990946034
1789386026,595439915,kinect1_rgb_optical_frame,0.6418315929890798,0.15069681703976945,-0.7518927287686605
1789386026,704903385,kinect1_rgb_optical_frame,0.8419458935545635,-0.002460471665802474,-0.539556353317973
1789386026,814586759,kinect1_rgb_optical_frame,0.7525543106837422,-0.21346904836440941,-0.6229710866980194
1789386026,924177043,kinect1_rgb_optical_frame,0.7640031986075263,-0.20266925667055216,-0.6125555361908622
1789386027,31328147,kinect1_rgb_optical_frame,0.8010748239994866,-0.1526182771682195,-0.5787804314490911
1789386027,138399239,kinect1_rgb_optical_frame,0.7918687933055667,-0.15186455506716928,-0.5915073719769152
1789386027,248907891,kinect1_rgb_optical_frame,0.2420850091455421,-0.14127970981955196,-0.9599140023670382
1789386027,359245612,kinect1_rgb_optical_frame,0.19221785918486384,-0.15921407892249362,-0.9683507482742242
1789386027,469788137,kinect1_rgb_optical_frame,0.2125672686443662,-0.14542309671638506,-0.9662646010500906
1789386027,579023340,kinect1_rgb_optical_frame,0.2471450509408145,-0.10715000095224565,-0.9630359292837397
1789386027,687752461,kinect1_rgb_optical_frame,0.25811008549732567,-0.1262685168220588,-0.9578285052263379
1789386027,794481767,kinect1_rgb_optical_frame,0.2790436881477789,-0.11468904101825951,-0.9534049737520762
1789386027,902143102,kinect1_rgb_optical_frame,0.3006603745734396,-0.12318906685392693,-0.9457419272555372
1789386028,9072196,kinect1_rgb_optical_frame,0.2845676954614063,-0.13331482818267706,-0.9493410258102236
1789386028,117576980,kinect1_rgb_optical_frame,0.2579031378924103,-0.10836845499004469,-0.9600740853852473
1789386028,230117559,kinect1_rgb_optical_frame,0.2969574144076637,-0.10677783127914366,-0.948901885747751
1789386028,338935640,kinect1_rgb_optical_frame,0.23517493784139623,-0.10573129074909371,-0.9661850975707637
1789386028,446455511,kinect1_rgb_optical_frame,0.2649164508166535,-0.13390634263086945,-0.9549284609277974
1789386028,575032051,kinect1_rgb_optical_frame,0.2291495782105062,-0.1132174103118958,-0.9667845100166919
1789386028,686144854,kinect1_rgb_optical_frame,0.26385742650896205,0.1224688605363938,-0.9567552647751593
1789386028,793387583,kinect1_rgb_optical_frame,0.2635174036018839,0.08099593540778403,-0.9612482699315198
1789386028,902775372,kinect1_rgb_optical_frame,0.6913891596307845,0.14380559339825724,-0.7080261162220027
1789386029,10335348,kinect1_rgb_optical_frame,0.3252828427086887,-0.09190743582464525,-0.9411397853026369
1789386029,121469192,kinect1_rgb_optical_frame,0.2687887998741167,-0.2119371432955139,-0.9395931185113953
1789386029,232134637,kinect1_rgb_optical_frame,0.2387771963326531,-0.20228950128701811,-0.9497707134780305
1789386029,339845567,kinect1_rgb_optical_frame,0.3451778892119579,-0.17780449116963054,-0.9215409853712889
1789386029,449486490,kinect1_rgb_optical_frame,0.23384056730373604,-0.19779771000350893,-0.9519425691712892
1789386029,556547626,kinect1_rgb_optical_frame,0.10909379851803234,-0.21875807544545844,-0.9696615118443683
1789386029,664484330,kinect1_rgb_optical_frame,0.05054684449877239,-0.21304280810659887,-0.9757344815190616
1789386029,775990394,kinect1_rgb_optical_frame,0.018431700523203344,-0.19358816138152568,-0.9809097288684333
1789386029,882750384,kinect1_rgb_optical_frame,0.0692135517048856,-0.09883949655392289,-0.9926934260794529
1789386029,990178194,kinect1_rgb_optical_frame,0.3781481723688043,0.16875897160676925,-0.9102331400450979
1789386030,100335054,kinect1_rgb_optical_frame,0.35126849450328973,0.16910181028015725,-0.9208773113337987
1789386030,207099176,kinect1_rgb_optical_frame,0.38986053301736856,0.24086739515372446,-0.8888147516480995
1789386030,316499393,kinect1_rgb_optical_frame,0.8106436002014596,0.229740561925656,-0.538587251667267
1789386030,429645238,kinect1_rgb_optical_frame,0.7963380563622867,0.27657535284404283,-0.5379142814504264
1789386030,542868441,kinect1_rgb_optical_frame,0.8386539037757967,0.25143881583730643,-0.4831543765422702
1789386030,651853978,kinect1_rgb_optical_frame,0.8551869000202176,0.2726952826456381,-0.440786398220982
1789386030,759449364,kinect1_rgb_optical_frame,0.8322941275572181,0.27198105346095347,-0.48302462855639083
1789386030,869033845,kinect1_rgb_optical_frame,0.7243506282807028,0.1739859465106867,-0.667116974545043
1789386030,977070349,kinect1_rgb_optical_frame,0.39495659423801355,-0.09801574166921172,-0.9134561856230126
1789386031,86061005,kinect1_rgb_optical_frame,0.2136575601857916,-0.21673473926512882,-0.9525631211479539
1789386031,194551381,kinect1_rgb_optical_frame,0.18716719006312182,-0.20282744504192785,-0.9611604811381079
1789386031,302352947,kinect1_rgb_optical_frame,0.2209505415283406,-0.19809042058780235,-0.9549560426897569
1789386031,404751648,kinect1_rgb_optical_frame,0.13791238467829742,-0.2577790355981246,-0.9563106937384137
1789386031,511885674,kinect1_rgb_optical_frame,0.10807810464267806,-0.2934494670309866,-0.949845531439758
1789386031,614346545,kinect1_rgb_optical_frame,0.12787600887150097,-0.2891310146223859,-0.948710167932507
1789386031,723494445,kinect1_rgb_optical_frame,0.12272247707031489,-0.32177783390218356,-0.9388281095232209
1789386031,833299508,kinect1_rgb_optical_frame,0.17009777674838678,-0.32363131756353514,-0.9307682400239848
1789386031,943732759,kinect1_rgb_optical_frame,0.19446688922710562,-0.3531040036112219,-0.9151503655837432
1789386032,52413792,kinect1_rgb_optical_frame,-0.01228067750359194,-0.2652339884367536,-0.9641058636570908
1789386032,163451328,kinect1_rgb_optical_frame,0.0698511845734532,-0.30079854089792135,-0.9511262007785124
1789386032,273309721,kinect1_rgb_optical_frame,0.12700775162188344,-0.260589754728604,-0.9570590424620834
1789386032,385489909,kinect1_rgb_optical_frame,0.1365297129083043,-0.3117322263247131,-0.9403098726291317
1789386032,492242437,kinect1_rgb_optical_frame,0.14707358534998316,-0.27814682034336075,-0.949212150588676
1789386032,595090260,kinect1_rgb_optical_frame,0.15283097557169478,-0.2895768129873175,-0.9448745748965375
1789386032,701723591,kinect1_rgb_optical_frame,0.19107293050251845,-0.28766603180922135,-0.9384771650777209
1789386032,803250635,kinect1_rgb_optical_frame,0.18020607143767894,-0.2834022451506147,-0.9419176924023612
1789386032,905955830,kinect1_rgb_optical_frame,0.16767774686301934,-0.33117748291772986,-0.9285502937456959
1789386033,7349588,kinect1_rgb_optical_frame,0.07932543712598224,-0.29479388818790764,-0.952262589054
1789386033,114707794,kinect1_rgb_optical_frame,0.1258902175546913,-0.3133975099824773,-0.9412404867305781
1789386033,227886948,kinect1_rgb_optical_frame,0.15565887916608273,-0.31304137720284764,-0.9368966909407372
1789386033,335252040,kinect1_rgb_optical_frame,0.1291070382276221,-0.28814100238422974,-0.9488446318682014
1789386033,445590332,kinect1_rgb_optical_frame,0.2006495669320661,-0.3305852837025907,-0.9222001526183197
1789386033,552293225,kinect1_rgb_optical_frame,0.1534381898574391,-0.31690289804235705,-0.9359643556811488
1789386033,659468047,kinect1_rgb_optical_frame,0.0705016519935628,-0.29730968550088754,-0.9521745995212968
1789386033,766633387,kinect1_rgb_optical_frame,0.603974931461642,-0.03916501412686052,-0.7960404410796903
1789386033,886584077,kinect1_rgb_optical_frame,0.1991450690032104,-0.24747427127429059,-0.948207638942529
1789386033,994960993,kinect1_rgb_optical_frame,0.07750085979961525,-0.28068688448500456,-0.9566652965423289
1789386034,103328946,kinect1_rgb_optical_frame,0.058493602283126715,-0.3233277727073272,-0.9444774480568937
1789386034,211450406,kinect1_rgb_optical_frame,-0.014856248742896221,-0.32785260171179426,-0.9446120703358055
1789386034,318968652,kinect1_rgb_optical_frame,-0.0172972844445727,-0.3267507820520242,-0.9449522370888563
1789386034,427045910,kinect1_rgb_optical_frame,0.05486802119929624,-0.29411586838117953,-0.9541935632858033
1789386034,535778508,kinect1_rgb_optical_frame,0.055974817506505604,-0.2956435245539375,-0.9536570275494428
1789386034,642432588,kinect1_rgb_optical_frame,0.19035357419007637,-0.2323068041110066,-0.9538338773375548
1789386034,748001637,kinect1_rgb_optical_frame,0.2522341453467562,-0.2128303716350902,-0.9439709576204455
1789386034,855316317,kinect1_rgb_optical_frame,0.20537822580480264,-0.1830819760098563,-0.9614056242947604
1789386034,963893180,kinect1_rgb_optical_frame,0.17368188954358463,-0.23433799515447504,-0.9565146654764638
1789386035,73511642,kinect1_rgb_optical_frame,0.16962875079568276,-0.23551297650995612,-0.9569533556025169
1789386035,180500833,kinect1_rgb_optical_frame,0.2602553531750684,-0.15733580453274829,-0.9526345551971928
1789386035,287597132,kinect1_rgb_optical_frame,0.23812004903225925,-0.1713964336870131,-0.9559927325917534
1789386035,395468352,kinect1_rgb_optical_frame,0.2117246413257309,-0.16550429088424934,-0.9632138941867442
1789386035,503591253,kinect1_rgb_optical_frame,0.29749762401861324,-0.1628540838929586,-0.9407304135950241
1789386035,608925471,kinect1_rgb_optical_frame,0.28550727087769445,-0.17286052182516695,-0.9426583889566261
1789386035,715001751,kinect1_rgb_optical_frame,0.07164487254416993,-0.19482913866324866,-0.9782170612731442
1789386035,815133006,kinect1_rgb_optical_frame,0.0636690298173494,-0.2119370267942646,-0.9752071325188945
1789386035,925219125,kinect1_rgb_optical_frame,0.06448226986333655,-0.19412074222563577,-0.9788560539277673
1789386036,32822944,kinect1_rgb_optical_frame,-0.08040892520276434,-0.1928934927245368,-0.9779194778775323
1789386036,146786021,kinect1_rgb_optical_frame,-0.08512761844558046,-0.20119638218921596,-0.975844918197433
1789386036,253711751,kinect1_rgb_optical_frame,-0.019961533186133792,-0.20389513989509722,-0.9787892056617797
1789386036,360845289,kinect1_rgb_optical_frame,0.002765133582389018,-0.18062700624147368,-0.9835477815808006
1789386036,467419889,kinect1_rgb_optical_frame,-0.019768594974358688,-0.17115082098963125,-0.9850464959215454
1789386036,573644520,kinect1_rgb_optical_frame,-0.09195018186863464,-0.19984077861059882,-0.9755043963297318
1789386036,683631766,kinect1_rgb_optical_frame,0.5645029612967291,-0.404228312213011,-0.7196776210864447
1789386036,790742933,kinect1_rgb_optical_frame,0.5655278263805525,-0.3869325665590341,-0.7283278564803947
1789386036,899050509,kinect1_rgb_optical_frame,0.503892048656336,-0.3566850129321241,-0.7866820227070981
1789386037,2041748,kinect1_rgb_optical_frame,0.47915097021353,-0.3781158446352244,-0.7921128428318933
1789386037,109347609,kinect1_rgb_optical_frame,0.5859955310440176,-0.33666978757167687,-0.7370635601716327
1789386037,216622313,kinect1_rgb_optical_frame,0.5981308880237423,-0.35394050695733625,-0.7190031699003234
1789386037,327901580,kinect1_rgb_optical_frame,0.6295469964988077,-0.3119683261160178,-0.7115801730653406
1789386037,439360772,kinect1_rgb_optical_frame,0.6383141763380796,-0.31320234007001024,-0.7031780048184875
1789386037,550841245,kinect1_rgb_optical_frame,0.6364939261532813,-0.31575680977925086,-0.7036853835685458
1789386037,659030399,kinect1_rgb_optical_frame,0.6266050511032265,-0.34056996330508965,-0.7009837444807782
1789386037,769762660,kinect1_rgb_optical_frame,0.6219338420655347,-0.34626003717960957,-0.702354812574085
1789386037,880664762,kinect1_rgb_optical_frame,0.5977282124712776,-0.33044200238051735,-0.7304307407815238
