1789385790,442786836,kinect1_rgb_optical_frame,-0.06949999999999999,0.1423095238095238,0.695
1789385790,548406651,kinect1_rgb_optical_frame,-0.0747952380952381,0.13833809523809523,0.695
1789385790,655350556,kinect1_rgb_optical_frame,-0.0759,0.14057999999999998,0.693
1789385790,763235957,kinect1_rgb_optical_frame,-0.07568095238095238,0.1414904761904762,0.691
1789385790,869609353,kinect1_rgb_optical_frame,-0.0782,0.13997142857142858,0.69
1789385790,978117207,kinect1_rgb_optical_frame,-0.07939904761904762,0.1397685714285714,0.689
1789385791,86304450,kinect1_rgb_optical_frame,-0.0795142857142857,0.13865714285714284,0.69
1789385791,196599926,kinect1_rgb_optical_frame,-0.07939904761904762,0.1397685714285714,0.689
1789385791,308810477,kinect1_rgb_optical_frame,-0.07939904761904762,0.1397685714285714,0.689
1789385791,414214599,kinect1_rgb_optical_frame,-0.07939904761904762,0.1397685714285714,0.689
1789385791,522615659,kinect1_rgb_optical_frame,-0.08071142857142857,0.1397685714285714,0.689
1789385791,630307000,kinect1_rgb_optical_frame,-0.08047714285714286,0.13936285714285715,0.687
1789385791,740509935,kinect1_rgb_optical_frame,-0.08071142857142857,0.1397685714285714,0.689
1789385791,852923218,kinect1_rgb_optical_frame,-0.08071142857142857,0.13845619047619045,0.689
1789385791,960657884,kinect1_rgb_optical_frame,-0.08071142857142857,0.13845619047619045,0.689
1789385792,69190061,kinect1_rgb_optical_frame,-0.08202380952380953,0.13845619047619045,0.689
1789385792,176709291,kinect1_rgb_optical_frame,-0.08214285714285714,0.13865714285714284,0.69
1789385792,282865191,kinect1_rgb_optical_frame,-0.08345714285714285,0.13865714285714284,0.69
1789385792,390000542,kinect1_rgb_optical_frame,-0.08202380952380953,0.13845619047619045,0.689
1789385792,500821156,kinect1_rgb_optical_frame,-0.08202380952380953,0.13845619047619045,0.689
1789385792,611001428,kinect1_rgb_optical_frame,-0.08082857142857142,0.13865714285714284,0.69
1789385792,717768829,kinect1_rgb_optical_frame,-0.08094571428571429,0.13885809523809522,0.691
1789385792,825321843,kinect1_rgb_optical_frame,-0.08082857142857142,0.13865714285714284,0.69
1789385792,933427445,kinect1_rgb_optical_frame,-0.08214285714285714,0.13865714285714284,0.69
1789385793,42006748,kinect1_rgb_optical_frame,-0.08214285714285714,0.13865714285714284,0.69
1789385793,149757888,kinect1_rgb_optical_frame,-0.08202380952380953,0.1397685714285714,0.689
1789385793,253657180,kinect1_rgb_optical_frame,-0.08214285714285714,0.13865714285714284,0.69
1789385793,359499322,kinect1_rgb_optical_frame,-0.08082857142857142,0.13997142857142858,0.69
1789385793,466469704,kinect1_rgb_optical_frame,-0.08082857142857142,0.13865714285714284,0.69
1789385793,574730061,kinect1_rgb_optical_frame,-0.08071142857142857,0.1397685714285714,0.689
1789385793,682430181,kinect1_rgb_optical_frame,-0.08071142857142857,0.13845619047619045,0.689
1789385793,800944977,kinect1_rgb_optical_frame,-0.08082857142857142,0.13865714285714284,0.69
1789385793,908396940,kinect1_rgb_optical_frame,-0.08071142857142857,0.1397685714285714,0.689
1789385794,15742458,kinect1_rgb_optical_frame,-0.08071142857142857,0.1397685714285714,0.689
1789385794,122063286,kinect1_rgb_optical_frame,-0.07939904761904762,0.1397685714285714,0.689
1789385794,228071909,kinect1_rgb_optical_frame,-0.0795142857142857,0.13997142857142858,0.69
1789385794,335491146,kinect1_rgb_optical_frame,-0.0795142857142857,0.13865714285714284,0.69
1789385794,443000936,kinect1_rgb_optical_frame,-0.08082857142857142,0.13865714285714284,0.69
1789385794,550909114,kinect1_rgb_optical_frame,-0.08094571428571429,0.1401742857142857,0.691
1789385794,655446751,kinect1_rgb_optical_frame,-0.07721999999999998,0.14057999999999998,0.693
1789385794,762597255,kinect1_rgb_optical_frame,-0.07568095238095238,0.13885809523809522,0.691
1789385794,870298250,kinect1_rgb_optical_frame,-0.07458,0.13926,0.693
1789385794,976874247,kinect1_rgb_optical_frame,-0.07688571428571428,0.1412857142857143,0.69
1789385795,84100319,kinect1_rgb_optical_frame,-0.0782,0.1412857142857143,0.69
1789385795,190295173,kinect1_rgb_optical_frame,-0.0782,0.13997142857142858,0.69
1789385795,298756140,kinect1_rgb_optical_frame,-0.07808666666666667,0.1397685714285714,0.689
1789385795,409555342,kinect1_rgb_optical_frame,-0.07677428571428571,0.1397685714285714,0.689
1789385795,514785994,kinect1_rgb_optical_frame,-0.07644,0.13916000000000003,0.686
1789385795,621971622,kinect1_rgb_optical_frame,-0.0748047619047619,0.13985238095238095,0.683
1789385795,729411023,kinect1_rgb_optical_frame,-0.07361142857142858,0.14005714285714285,0.684
1789385795,836340967,kinect1_rgb_optical_frame,-0.07350380952380953,0.13855142857142858,0.683
1789385795,943430934,kinect1_rgb_optical_frame,-0.07350380952380953,0.13855142857142858,0.683
1789385796,50986908,kinect1_rgb_optical_frame,-0.0748047619047619,0.13985238095238095,0.683
1789385796,158100538,kinect1_rgb_optical_frame,-0.07621714285714286,0.14135999999999999,0.684
1789385796,265910738,kinect1_rgb_optical_frame,-0.07644,0.14177333333333336,0.686
1789385796,373809386,kinect1_rgb_optical_frame,-0.07655142857142858,0.1406714285714286,0.687
1789385796,480803486,kinect1_rgb_optical_frame,-0.07677428571428571,0.14108095238095236,0.689
1789385796,589642574,kinect1_rgb_optical_frame,-0.07786,0.14198,0.687
1789385796,702326767,kinect1_rgb_optical_frame,-0.07786,0.14198,0.687
1789385796,810210866,kinect1_rgb_optical_frame,-0.07786,0.1406714285714286,0.687
1789385796,917391489,kinect1_rgb_optical_frame,-0.07786,0.13936285714285715,0.687
1789385797,23152290,kinect1_rgb_optical_frame,-0.07546190476190476,0.13845619047619045,0.689
1789385797,175240784,kinect1_rgb_optical_frame,-0.07905333333333334,0.14569333333333334,0.686
1789385797,282876715,kinect1_rgb_optical_frame,-0.0710057142857143,0.14135999999999999,0.684
1789385797,390214481,kinect1_rgb_optical_frame,-0.07491428571428572,0.13875428571428572,0.684
1789385797,498289965,kinect1_rgb_optical_frame,-0.07824666666666667,0.13774,0.679
1789385797,606401413,kinect1_rgb_optical_frame,-0.08152190476190477,0.13544190476190476,0.674
1789385797,713719252,kinect1_rgb_optical_frame,-0.08512,0.13376000000000002,0.672
1789385797,821152966,kinect1_rgb_optical_frame,-0.0864,0.13376000000000002,0.672
1789385797,929340322,kinect1_rgb_optical_frame,-0.08665714285714286,0.13544190476190476,0.674
1789385798,36379694,kinect1_rgb_optical_frame,-0.0855,0.13692857142857143,0.675
1789385798,143736434,kinect1_rgb_optical_frame,-0.08421428571428573,0.13692857142857143,0.675
1789385798,248902493,kinect1_rgb_optical_frame,-0.0828057142857143,0.13672571428571428,0.674
1789385798,353721064,kinect1_rgb_optical_frame,-0.0828057142857143,0.13672571428571428,0.674
1789385798,467912579,kinect1_rgb_optical_frame,-0.0828057142857143,0.1380095238095238,0.674
1789385798,590109991,kinect1_rgb_optical_frame,-0.0828057142857143,0.13929333333333335,0.674
1789385798,697009501,kinect1_rgb_optical_frame,-0.0828057142857143,0.13544190476190476,0.674
1789385798,805382703,kinect1_rgb_optical_frame,-0.08292857142857143,0.13564285714285715,0.675
1789385798,912386325,kinect1_rgb_optical_frame,-0.0813095238095238,0.13204666666666667,0.683
1789385799,18395282,kinect1_rgb_optical_frame,-0.07774666666666667,0.13393333333333335,0.686
1789385799,126263343,kinect1_rgb_optical_frame,-0.07644,0.13785333333333336,0.686
1789385799,233113329,kinect1_rgb_optical_frame,-0.07740666666666667,0.1372504761904762,0.683
1789385799,336410632,kinect1_rgb_optical_frame,-0.07870761904761905,0.13594952380952383,0.683
1789385799,440084482,kinect1_rgb_optical_frame,-0.07965714285714286,0.13664761904761907,0.68
1789385799,548769142,kinect1_rgb_optical_frame,-0.07965714285714286,0.13664761904761907,0.68
1789385799,654660572,kinect1_rgb_optical_frame,-0.07942285714285714,0.1362457142857143,0.678
1789385799,762897229,kinect1_rgb_optical_frame,-0.07954000000000001,0.13774,0.679
1789385799,870977532,kinect1_rgb_optical_frame,-0.07824666666666667,0.13774,0.679
1789385799,977302091,kinect1_rgb_optical_frame,-0.07706666666666667,0.13794285714285714,0.68
1789385800,83531190,kinect1_rgb_optical_frame,-0.07729333333333334,0.13834857142857146,0.682
1789385800,190262791,kinect1_rgb_optical_frame,-0.07836190476190476,0.13794285714285714,0.68
1789385800,303736830,kinect1_rgb_optical_frame,-0.07729333333333334,0.13834857142857146,0.682
1789385800,411502253,kinect1_rgb_optical_frame,-0.07706666666666667,0.13794285714285714,0.68
1789385800,519759845,kinect1_rgb_optical_frame,-0.07706666666666667,0.13794285714285714,0.68
1789385800,626625839,kinect1_rgb_optical_frame,-0.07729333333333334,0.13834857142857146,0.682
1789385800,737958648,kinect1_rgb_optical_frame,-0.07706666666666667,0.13923809523809524,0.68
1789385800,842557232,kinect1_rgb_optical_frame,-0.07729333333333334,0.13834857142857146,0.682
1789385800,950015411,kinect1_rgb_optical_frame,-0.07859238095238096,0.13964761904761908,0.682
1789385801,54978991,kinect1_rgb_optical_frame,-0.07740666666666667,0.13855142857142858,0.683
1789385801,160516821,kinect1_rgb_optical_frame,-0.07740666666666667,0.13855142857142858,0.683
1789385801,267122303,kinect1_rgb_optical_frame,-0.07740666666666667,0.13985238095238095,0.683
1789385801,371202975,kinect1_rgb_optical_frame,-0.07729333333333334,0.13964761904761908,0.682
1789385801,476250280,kinect1_rgb_optical_frame,-0.07740666666666667,0.13985238095238095,0.683
1789385801,580686012,kinect1_rgb_optical_frame,-0.07740666666666667,0.13985238095238095,0.683
1789385801,683998003,kinect1_rgb_optical_frame,-0.07740666666666667,0.13985238095238095,0.683
1789385801,785479060,kinect1_rgb_optical_frame,-0.07740666666666667,0.13855142857142858,0.683
1789385801,890595261,kinect1_rgb_optical_frame,-0.07740666666666667,0.13855142857142858,0.683
1789385801,994526917,kinect1_rgb_optical_frame,-0.07740666666666667,0.13855142857142858,0.683
1789385802,102623571,kinect1_rgb_optical_frame,-0.07740666666666667,0.13855142857142858,0.683
1789385802,211591129,kinect1_rgb_optical_frame,-0.07740666666666667,0.13855142857142858,0.683
1789385802,321295913,kinect1_rgb_optical_frame,-0.07740666666666667,0.13855142857142858,0.683
1789385802,427538870,kinect1_rgb_optical_frame,-0.07859238095238096,0.13834857142857146,0.682
1789385802,534123532,kinect1_rgb_optical_frame,-0.07859238095238096,0.13834857142857146,0.682
1789385802,641534716,kinect1_rgb_optical_frame,-0.07859238095238096,0.13834857142857146,0.682
1789385802,748484936,kinect1_rgb_optical_frame,-0.07859238095238096,0.13834857142857146,0.682
1789385802,858490263,kinect1_rgb_optical_frame,-0.07870761904761905,0.13855142857142858,0.683
1789385802,965679630,kinect1_rgb_optical_frame,-0.07740666666666667,0.13855142857142858,0.683
1789385803,71021656,kinect1_rgb_optical_frame,-0.07729333333333334,0.13834857142857146,0.682
1789385803,180186644,kinect1_rgb_optical_frame,-0.07859238095238096,0.13834857142857146,0.682
1789385803,286307798,kinect1_rgb_optical_frame,-0.07870761904761905,0.13855142857142858,0.683
1789385803,392277842,kinect1_rgb_optical_frame,-0.07870761904761905,0.13855142857142858,0.683
1789385803,495197492,kinect1_rgb_optical_frame,-0.08012571428571429,0.13614857142857145,0.684
1789385803,602439100,kinect1_rgb_optical_frame,-0.08119047619047619,0.13704952380952382,0.682
1789385803,711767094,kinect1_rgb_optical_frame,-0.08000857142857143,0.13855142857142858,0.683
1789385803,819894250,kinect1_rgb_optical_frame,-0.08000857142857143,0.13855142857142858,0.683
1789385803,931270646,kinect1_rgb_optical_frame,-0.0813095238095238,0.13855142857142858,0.683
1789385804,42836734,kinect1_rgb_optical_frame,-0.08095238095238096,0.13794285714285714,0.68
1789385804,149148146,kinect1_rgb_optical_frame,-0.08095238095238096,0.13794285714285714,0.68
1789385804,250648571,kinect1_rgb_optical_frame,-0.08083333333333333,0.13903333333333334,0.679
1789385804,356548036,kinect1_rgb_optical_frame,-0.08083333333333333,0.13903333333333334,0.679
1789385804,462712781,kinect1_rgb_optical_frame,-0.08095238095238096,0.13794285714285714,0.68
1789385804,572800837,kinect1_rgb_optical_frame,-0.08083333333333333,0.13903333333333334,0.679
1789385804,680036935,kinect1_rgb_optical_frame,-0.08095238095238096,0.13923809523809524,0.68
1789385804,789488682,kinect1_rgb_optical_frame,-0.08083333333333333,0.13774,0.679
1789385804,895602919,kinect1_rgb_optical_frame,-0.08083333333333333,0.13774,0.679
1789385805,3432646,kinect1_rgb_optical_frame,-0.08083333333333333,0.13774,0.679
1789385805,111669415,kinect1_rgb_optical_frame,-0.08095238095238096,0.13794285714285714,0.68
1789385805,214822367,kinect1_rgb_optical_frame,-0.08083333333333333,0.13774,0.679
1789385805,320388724,kinect1_rgb_optical_frame,-0.08095238095238096,0.13794285714285714,0.68
1789385805,423206887,kinect1_rgb_optical_frame,-0.08119047619047619,0.13834857142857146,0.682
1789385805,526828871,kinect1_rgb_optical_frame,-0.07870761904761905,0.13855142857142858,0.683
1789385805,637408768,kinect1_rgb_optical_frame,-0.07752,0.13875428571428572,0.684
1789385805,746704604,kinect1_rgb_optical_frame,-0.07752,0.14005714285714285,0.684
1789385805,855506175,kinect1_rgb_optical_frame,-0.07644,0.13916000000000003,0.686
1789385805,962579867,kinect1_rgb_optical_frame,-0.07774666666666667,0.13785333333333336,0.686
1789385806,68950624,kinect1_rgb_optical_frame,-0.07786,0.13674571428571428,0.687
1789385806,179037020,kinect1_rgb_optical_frame,-0.07677428571428571,0.13845619047619045,0.689
1789385806,285536258,kinect1_rgb_optical_frame,-0.07546190476190476,0.13845619047619045,0.689
1789385806,393659015,kinect1_rgb_optical_frame,-0.07393428571428572,0.13412857142857143,0.687
1789385806,502787661,kinect1_rgb_optical_frame,-0.0726257142857143,0.13543714285714287,0.687
1789385806,610772605,kinect1_rgb_optical_frame,-0.06374285714285713,0.13734285714285713,0.69
1789385806,718843176,kinect1_rgb_optical_frame,-0.05742,0.14057999999999998,0.693
1789385806,826853670,kinect1_rgb_optical_frame,-0.05330571428571428,0.1414904761904762,0.691
1789385806,937383237,kinect1_rgb_optical_frame,-0.05462190476190475,0.1414904761904762,0.691
1789385807,44022400,kinect1_rgb_optical_frame,-0.05750285714285713,0.1381390476190476,0.694
1789385807,150692938,kinect1_rgb_optical_frame,-0.059713333333333334,0.1371438095238095,0.689
1789385807,262407373,kinect1_rgb_optical_frame,-0.06449142857142857,0.13875428571428572,0.684
1789385807,372575238,kinect1_rgb_optical_frame,-0.07339619047619048,0.13445142857142858,0.682
1789385807,479231876,kinect1_rgb_optical_frame,-0.07965714285714286,0.13276190476190478,0.68
1789385807,588964032,kinect1_rgb_optical_frame,-0.08000857142857143,0.1307457142857143,0.683
1789385807,698760926,kinect1_rgb_optical_frame,-0.08000857142857143,0.13334761904761905,0.683
1789385807,810687373,kinect1_rgb_optical_frame,-0.08012571428571429,0.13224,0.684
1789385807,918491794,kinect1_rgb_optical_frame,-0.07621714285714286,0.13484571428571432,0.684
1789385808,27363886,kinect1_rgb_optical_frame,-0.07621714285714286,0.13484571428571432,0.684
1789385808,139250056,kinect1_rgb_optical_frame,-0.07740666666666667,0.13464857142857142,0.683
1789385808,246549843,kinect1_rgb_optical_frame,-0.07621714285714286,0.13224,0.684
1789385808,350876223,kinect1_rgb_optical_frame,-0.07882285714285715,0.13354285714285713,0.684
1789385808,452496124,kinect1_rgb_optical_frame,-0.07870761904761905,0.13334761904761905,0.683
1789385808,559238592,kinect1_rgb_optical_frame,-0.07882285714285715,0.13354285714285713,0.684
1789385808,665102597,kinect1_rgb_optical_frame,-0.07882285714285715,0.13484571428571432,0.684
1789385808,772422261,kinect1_rgb_optical_frame,-0.07870761904761905,0.13464857142857142,0.683
1789385808,874497887,kinect1_rgb_optical_frame,-0.07610571428571429,0.13594952380952383,0.683
1789385808,981062630,kinect1_rgb_optical_frame,-0.07621714285714286,0.13484571428571432,0.684
1789385809,87302751,kinect1_rgb_optical_frame,-0.07382666666666667,0.13262666666666667,0.686
1789385809,193032385,kinect1_rgb_optical_frame,-0.07382666666666667,0.13393333333333335,0.686
1789385809,298923221,kinect1_rgb_optical_frame,-0.07131714285714287,0.13412857142857143,0.687
1789385809,407610313,kinect1_rgb_optical_frame,-0.07000857142857143,0.13543714285714287,0.687
1789385809,514047488,kinect1_rgb_optical_frame,-0.0684,0.13614857142857145,0.684
1789385809,621319926,kinect1_rgb_optical_frame,-0.0684,0.13484571428571432,0.684
1789385809,727732737,kinect1_rgb_optical_frame,-0.0686,0.13524,0.686
1789385809,833734420,kinect1_rgb_optical_frame,-0.0686,0.13654666666666668,0.686
1789385809,938926343,kinect1_rgb_optical_frame,-0.0683,0.13594952380952383,0.683
1789385810,44337476,kinect1_rgb_optical_frame,-0.0684,0.13614857142857145,0.684
1789385810,156260335,kinect1_rgb_optical_frame,-0.0686,0.13654666666666668,0.686
1789385810,263588014,kinect1_rgb_optical_frame,-0.0684,0.13484571428571432,0.684
1789385810,371096234,kinect1_rgb_optical_frame,-0.0684,0.13614857142857145,0.684
1789385810,482889296,kinect1_rgb_optical_frame,-0.06699904761904762,0.1372504761904762,0.683
1789385810,587179220,kinect1_rgb_optical_frame,-0.06709714285714287,0.13745142857142859,0.684
1789385810,695511590,kinect1_rgb_optical_frame,-0.06598666666666667,0.13654666666666668,0.686
1789385810,803082587,kinect1_rgb_optical_frame,-0.06729333333333333,0.13654666666666668,0.686
1789385810,910028361,kinect1_rgb_optical_frame,-0.06598666666666667,0.13654666666666668,0.686
1789385811,17448585,kinect1_rgb_optical_frame,-0.06709714285714287,0.13745142857142859,0.684
1789385811,124941164,kinect1_rgb_optical_frame,-0.06729333333333333,0.13654666666666668,0.686
1789385811,233820378,kinect1_rgb_optical_frame,-0.06579428571428572,0.13745142857142859,0.684
1789385811,340494038,kinect1_rgb_optical_frame,-0.06579428571428572,0.13745142857142859,0.684
1789385811,445822738,kinect1_rgb_optical_frame,-0.06579428571428572,0.13745142857142859,0.684
1789385811,551012644,kinect1_rgb_optical_frame,-0.06579428571428572,0.13745142857142859,0.684
1789385811,658837859,kinect1_rgb_optical_frame,-0.06579428571428572,0.13745142857142859,0.684
1789385811,766817060,kinect1_rgb_optical_frame,-0.06579428571428572,0.13745142857142859,0.684
1789385811,873105321,kinect1_rgb_optical_frame,-0.06579428571428572,0.13614857142857145,0.684
1789385811,980419309,kinect1_rgb_optical_frame,-0.06579428571428572,0.13745142857142859,0.684
1789385812,84236558,kinect1_rgb_optical_frame,-0.06598666666666667,0.13524,0.686
1789385812,188496834,kinect1_rgb_optical_frame,-0.06729333333333333,0.13654666666666668,0.686
1789385812,295736011,kinect1_rgb_optical_frame,-0.06608285714285714,0.13674571428571428,0.687
1789385812,401617838,kinect1_rgb_optical_frame,-0.06598666666666667,0.13654666666666668,0.686
1789385812,511347551,kinect1_rgb_optical_frame,-0.06729333333333333,0.13524,0.686
1789385812,617767853,kinect1_rgb_optical_frame,-0.06598666666666667,0.13524,0.686
1789385812,726949475,kinect1_rgb_optical_frame,-0.06729333333333333,0.13524,0.686
1789385812,833452340,kinect1_rgb_optical_frame,-0.0684,0.13484571428571432,0.684
1789385812,945420120,kinect1_rgb_optical_frame,-0.0684,0.13484571428571432,0.684
1789385813,52689856,kinect1_rgb_optical_frame,-0.0684,0.13484571428571432,0.684
1789385813,159189144,kinect1_rgb_optical_frame,-0.0682,0.13704952380952382,0.682
1789385813,267771661,kinect1_rgb_optical_frame,-0.0683,0.13594952380952383,0.683
1789385813,372227093,kinect1_rgb_optical_frame,-0.06960095238095239,0.13594952380952383,0.683
1789385813,480020309,kinect1_rgb_optical_frame,-0.07090190476190476,0.13594952380952383,0.683
1789385813,587305242,kinect1_rgb_optical_frame,-0.07079809523809524,0.1357504761904762,0.682
1789385813,693855512,kinect1_rgb_optical_frame,-0.06990666666666667,0.13524,0.686
1789385813,800565430,kinect1_rgb_optical_frame,-0.07209714285714287,0.13445142857142858,0.682
1789385813,907779539,kinect1_rgb_optical_frame,-0.06970285714285715,0.13354285714285713,0.684
1789385814,13962961,kinect1_rgb_optical_frame,-0.07230857142857143,0.13224,0.684
1789385814,120661042,kinect1_rgb_optical_frame,-0.0748047619047619,0.13334761904761905,0.683
1789385814,226547969,kinect1_rgb_optical_frame,-0.07621714285714286,0.13354285714285713,0.684
1789385814,331832295,kinect1_rgb_optical_frame,-0.07740666666666667,0.13464857142857142,0.683
1789385814,436534008,kinect1_rgb_optical_frame,-0.08012571428571429,0.13224,0.684
1789385814,543679919,kinect1_rgb_optical_frame,-0.08012571428571429,0.13093714285714286,0.684
1789385814,648595718,kinect1_rgb_optical_frame,-0.07905333333333334,0.13132000000000002,0.686
1789385814,753590271,kinect1_rgb_optical_frame,-0.08000857142857143,0.13204666666666667,0.683
1789385814,858708135,kinect1_rgb_optical_frame,-0.07882285714285715,0.13093714285714286,0.684
1789385814,965664416,kinect1_rgb_optical_frame,-0.07882285714285715,0.13224,0.684
1789385815,72429699,kinect1_rgb_optical_frame,-0.07859238095238096,0.13055428571428573,0.682
1789385815,180514600,kinect1_rgb_optical_frame,-0.07695333333333333,0.13127333333333335,0.679
1789385815,287005028,kinect1_rgb_optical_frame,-0.07813142857142859,0.12978857142857145,0.678
1789385815,393764195,kinect1_rgb_optical_frame,-0.08035714285714286,0.12921428571428573,0.675
1789385815,499751769,kinect1_rgb_optical_frame,-0.08128,0.12864,0.672
1789385815,606678460,kinect1_rgb_optical_frame,-0.08115904761904762,0.12972666666666668,0.671
1789385815,713447451,kinect1_rgb_optical_frame,-0.07988095238095239,0.1310047619047619,0.671
1789385815,819730964,kinect1_rgb_optical_frame,-0.08,0.1312,0.672
1789385815,928016161,kinect1_rgb_optical_frame,-0.07744000000000001,0.13376000000000002,0.672
1789385816,34965134,kinect1_rgb_optical_frame,-0.07744000000000001,0.13248000000000001,0.672
1789385816,144015250,kinect1_rgb_optical_frame,-0.07872000000000001,0.13248000000000001,0.672
1789385816,253567246,kinect1_rgb_optical_frame,-0.07767047619047619,0.13287428571428572,0.674
1789385816,356652617,kinect1_rgb_optical_frame,-0.07744000000000001,0.13376000000000002,0.672
1789385816,464828560,kinect1_rgb_optical_frame,-0.07895428571428571,0.13287428571428572,0.674
1789385816,570534171,kinect1_rgb_optical_frame,-0.07778571428571429,0.13435714285714287,0.675
1789385816,682497026,kinect1_rgb_optical_frame,-0.07790095238095239,0.1345561904761905,0.676
1789385816,793897536,kinect1_rgb_optical_frame,-0.07790095238095239,0.13326857142857143,0.676
1789385816,900261469,kinect1_rgb_optical_frame,-0.07790095238095239,0.13326857142857143,0.676
1789385817,7006852,kinect1_rgb_optical_frame,-0.07918857142857144,0.1319809523809524,0.676
1789385817,115707208,kinect1_rgb_optical_frame,-0.08047619047619048,0.1319809523809524,0.676
1789385817,224254906,kinect1_rgb_optical_frame,-0.08164285714285716,0.1305,0.675
1789385817,333783896,kinect1_rgb_optical_frame,-0.08292857142857143,0.12921428571428573,0.675
1789385817,439878295,kinect1_rgb_optical_frame,-0.08164285714285716,0.1305,0.675
1789385817,548485049,kinect1_rgb_optical_frame,-0.08071428571428571,0.12978857142857145,0.678
1789385817,656450847,kinect1_rgb_optical_frame,-0.07965714285714286,0.13017142857142858,0.68
1789385817,763517987,kinect1_rgb_optical_frame,-0.07870761904761905,0.13204666666666667,0.683
1789385817,871814010,kinect1_rgb_optical_frame,-0.08000857142857143,0.13204666666666667,0.683
1789385817,983123228,kinect1_rgb_optical_frame,-0.08261047619047619,0.13334761904761905,0.683
1789385818,90583890,kinect1_rgb_optical_frame,-0.08508761904761906,0.13315238095238097,0.682
1789385818,198243719,kinect1_rgb_optical_frame,-0.08471333333333335,0.13386,0.679
1789385818,305437681,kinect1_rgb_optical_frame,-0.08521238095238097,0.13334761904761905,0.683
1789385818,421519700,kinect1_rgb_optical_frame,-0.08428000000000001,0.13393333333333335,0.686
1789385818,530603438,kinect1_rgb_optical_frame,-0.08571142857142859,0.13282000000000002,0.687
1789385818,637746042,kinect1_rgb_optical_frame,-0.08082857142857142,0.13734285714285713,0.69
1789385818,749727171,kinect1_rgb_optical_frame,-0.07939904761904762,0.13845619047619045,0.689
1789385818,856632127,kinect1_rgb_optical_frame,-0.07831333333333333,0.13754190476190475,0.691
1789385818,964687622,kinect1_rgb_optical_frame,-0.07688571428571428,0.13865714285714284,0.69
1789385819,69639381,kinect1_rgb_optical_frame,-0.07808666666666667,0.13845619047619045,0.689
1789385819,175153746,kinect1_rgb_optical_frame,-0.07786,0.13805428571428574,0.687
1789385819,283510149,kinect1_rgb_optical_frame,-0.07688571428571428,0.13865714285714284,0.69
1789385819,395875622,kinect1_rgb_optical_frame,-0.07808666666666667,0.13845619047619045,0.689
1789385819,503575164,kinect1_rgb_optical_frame,-0.07786,0.13805428571428574,0.687
1789385819,610423181,kinect1_rgb_optical_frame,-0.07688571428571428,0.13865714285714284,0.69
1789385819,715633824,kinect1_rgb_optical_frame,-0.07905333333333334,0.13785333333333336,0.686
1789385819,818837096,kinect1_rgb_optical_frame,-0.07916857142857144,0.13805428571428574,0.687
1789385819,928213472,kinect1_rgb_optical_frame,-0.07916857142857144,0.13805428571428574,0.687
1789385820,36534816,kinect1_rgb_optical_frame,-0.07905333333333334,0.13785333333333336,0.686
1789385820,147467407,kinect1_rgb_optical_frame,-0.07905333333333334,0.13785333333333336,0.686
1789385820,254682417,kinect1_rgb_optical_frame,-0.07916857142857144,0.13805428571428574,0.687
1789385820,361480857,kinect1_rgb_optical_frame,-0.07905333333333334,0.13785333333333336,0.686
1789385820,464981965,kinect1_rgb_optical_frame,-0.07905333333333334,0.13785333333333336,0.686
1789385820,570941569,kinect1_rgb_optical_frame,-0.07905333333333334,0.13785333333333336,0.686
1789385820,677762444,kinect1_rgb_optical_frame,-0.07905333333333334,0.13785333333333336,0.686
1789385820,790003233,kinect1_rgb_optical_frame,-0.07939904761904762,0.13845619047619045,0.689
1789385820,902744671,kinect1_rgb_optical_frame,-0.07939904761904762,0.13845619047619045,0.689
1789385821,14962015,kinect1_rgb_optical_frame,-0.07939904761904762,0.13845619047619045,0.689
1789385821,122991246,kinect1_rgb_optical_frame,-0.07939904761904762,0.13845619047619045,0.689
1789385821,230554586,kinect1_rgb_optical_frame,-0.07939904761904762,0.1397685714285714,0.689
1789385821,331840027,kinect1_rgb_optical_frame,-0.07939904761904762,0.13845619047619045,0.689
1789385821,439403424,kinect1_rgb_optical_frame,-0.07916857142857144,0.13805428571428574,0.687
1789385821,546726088,kinect1_rgb_optical_frame,-0.07786,0.13805428571428574,0.687
1789385821,653012814,kinect1_rgb_optical_frame,-0.07786,0.13543714285714287,0.687
1789385821,758761414,kinect1_rgb_optical_frame,-0.07808666666666667,0.1371438095238095,0.689
1789385821,865723477,kinect1_rgb_optical_frame,-0.07808666666666667,0.13845619047619045,0.689
1789385821,975323779,kinect1_rgb_optical_frame,-0.0795142857142857,0.1334,0.69
1789385822,83252870,kinect1_rgb_optical_frame,-0.07162857142857142,0.13077142857142857,0.69
1789385822,189958907,kinect1_rgb_optical_frame,-0.06768571428571428,0.13208571428571428,0.69
1789385822,295188741,kinect1_rgb_optical_frame,-0.06899999999999999,0.1347142857142857,0.69
1789385822,401869416,kinect1_rgb_optical_frame,-0.07062,0.13662,0.693
1789385822,511621068,kinect1_rgb_optical_frame,-0.07204380952380952,0.13681714285714283,0.694
1789385822,617713577,kinect1_rgb_optical_frame,-0.07458,0.1353,0.693
1789385822,722685806,kinect1_rgb_optical_frame,-0.07336571428571428,0.1341733333333333,0.694
1789385822,830148649,kinect1_rgb_optical_frame,-0.07204380952380952,0.13549523809523809,0.694
1789385822,940740111,kinect1_rgb_optical_frame,-0.07204380952380952,0.1341733333333333,0.694
1789385823,46953521,kinect1_rgb_optical_frame,-0.0693,0.13398000000000002,0.693
1789385823,153427297,kinect1_rgb_optical_frame,-0.06899999999999999,0.13602857142857142,0.69
1789385823,261951848,kinect1_rgb_optical_frame,-0.0689,0.13583142857142858,0.689
1789385823,366237920,kinect1_rgb_optical_frame,-0.06739142857142857,0.13674571428571428,0.687
1789385823,477472187,kinect1_rgb_optical_frame,-0.06739142857142857,0.13674571428571428,0.687
1789385823,584628369,kinect1_rgb_optical_frame,-0.06739142857142857,0.13674571428571428,0.687
1789385823,696620875,kinect1_rgb_optical_frame,-0.07021238095238096,0.13583142857142858,0.689
1789385823,805535030,kinect1_rgb_optical_frame,-0.07121333333333334,0.13524,0.686
1789385823,912550735,kinect1_rgb_optical_frame,-0.07252,0.13524,0.686
1789385824,19502099,kinect1_rgb_optical_frame,-0.07393428571428572,0.13282000000000002,0.687
1789385824,128094767,kinect1_rgb_optical_frame,-0.07393428571428572,0.13282000000000002,0.687
1789385824,237188092,kinect1_rgb_optical_frame,-0.07294285714285713,0.13208571428571428,0.69
1789385824,344649298,kinect1_rgb_optical_frame,-0.07294285714285713,0.13208571428571428,0.69
1789385824,457437884,kinect1_rgb_optical_frame,-0.07041619047619048,0.13096095238095237,0.691
1789385824,569953449,kinect1_rgb_optical_frame,-0.0662752380952381,0.13320666666666667,0.689
1789385824,681934922,kinect1_rgb_optical_frame,-0.06146857142857143,0.13020761904761904,0.694
1789385824,800109644,kinect1_rgb_optical_frame,-0.06515142857142857,0.1349095238095238,0.691
1789385824,910497159,kinect1_rgb_optical_frame,-0.0693,0.13793999999999998,0.693
1789385825,21187222,kinect1_rgb_optical_frame,-0.07082380952380952,0.1370142857142857,0.695
1789385825,128606050,kinect1_rgb_optical_frame,-0.07072190476190476,0.13549523809523809,0.694
1789385825,236694837,kinect1_rgb_optical_frame,-0.0670447619047619,0.13873619047619049,0.697
1789385825,347898490,kinect1_rgb_optical_frame,-0.0643895238095238,0.1400638095238095,0.697
1789385825,457515376,kinect1_rgb_optical_frame,-0.0643895238095238,0.1400638095238095,0.697
1789385825,569916608,kinect1_rgb_optical_frame,-0.06448190476190475,0.13893523809523808,0.698
1789385825,677126191,kinect1_rgb_optical_frame,-0.06581142857142856,0.1402647619047619,0.698
1789385825,787546909,kinect1_rgb_optical_frame,-0.06571714285714286,0.1400638095238095,0.697
1789385825,896673710,kinect1_rgb_optical_frame,-0.06581142857142856,0.13893523809523808,0.698
1789385826,4486908,kinect1_rgb_optical_frame,-0.06714095238095237,0.13893523809523808,0.698
1789385826,112512276,kinect1_rgb_optical_frame,-0.06714095238095237,0.1402647619047619,0.698
1789385826,220098226,kinect1_rgb_optical_frame,-0.06552857142857142,0.14098571428571427,0.695
1789385826,327801471,kinect1_rgb_optical_frame,-0.06552857142857142,0.1423095238095238,0.695
1789385826,434810798,kinect1_rgb_optical_frame,-0.0670447619047619,0.1427190476190476,0.697
1789385826,541003355,kinect1_rgb_optical_frame,-0.06847047619047618,0.1429238095238095,0.698
1789385826,652824537,kinect1_rgb_optical_frame,-0.06969999999999998,0.1427190476190476,0.697
1789385826,760466233,kinect1_rgb_optical_frame,-0.07468761904761904,0.13946095238095238,0.694
1789385826,869940615,kinect1_rgb_optical_frame,-0.07854,0.13793999999999998,0.693
1789385826,980297975,kinect1_rgb_optical_frame,-0.07865333333333333,0.13681714285714283,0.694
1789385827,90311849,kinect1_rgb_optical_frame,-0.0796295238095238,0.13622571428571426,0.691
1789385827,197975778,kinect1_rgb_optical_frame,-0.0795142857142857,0.13734285714285713,0.69
1789385827,307670747,kinect1_rgb_optical_frame,-0.0796295238095238,0.13754190476190475,0.691
1789385827,417661689,kinect1_rgb_optical_frame,-0.0782,0.13865714285714284,0.69
1789385827,530234211,kinect1_rgb_optical_frame,-0.07831333333333333,0.13754190476190475,0.691
1789385827,637436745,kinect1_rgb_optical_frame,-0.0782,0.13734285714285713,0.69
1789385827,743674182,kinect1_rgb_optical_frame,-0.07808666666666667,0.13845619047619045,0.689
1789385827,850835143,kinect1_rgb_optical_frame,-0.07786,0.13805428571428574,0.687
1789385827,958217185,kinect1_rgb_optical_frame,-0.07677428571428571,0.13845619047619045,0.689
1789385828,68051917,kinect1_rgb_optical_frame,-0.07677428571428571,0.1397685714285714,0.689
1789385828,175845236,kinect1_rgb_optical_frame,-0.07786,0.13936285714285715,0.687
1789385828,284773797,kinect1_rgb_optical_frame,-0.07916857142857144,0.13805428571428574,0.687
1789385828,391782832,kinect1_rgb_optical_frame,-0.07699714285714285,0.13359333333333334,0.691
1789385828,504925361,kinect1_rgb_optical_frame,-0.07294285714285713,0.1347142857142857,0.69
1789385828,615610998,kinect1_rgb_optical_frame,-0.07031428571428572,0.13734285714285713,0.69
1789385828,723589854,kinect1_rgb_optical_frame,-0.07031428571428572,0.13865714285714284,0.69
1789385828,830567759,kinect1_rgb_optical_frame,-0.0691,0.13885809523809522,0.691
1789385828,936998087,kinect1_rgb_optical_frame,-0.06797999999999998,0.13926,0.693
1789385829,45579939,kinect1_rgb_optical_frame,-0.06797999999999998,0.13926,0.693
1789385829,153680236,kinect1_rgb_optical_frame,-0.0693,0.13926,0.693
1789385829,261905586,kinect1_rgb_optical_frame,-0.06797999999999998,0.13926,0.693
1789385829,373527527,kinect1_rgb_optical_frame,-0.06778380952380951,0.1401742857142857,0.691
1789385829,481077276,kinect1_rgb_optical_frame,-0.0693,0.14057999999999998,0.693
1789385829,587668097,kinect1_rgb_optical_frame,-0.07173238095238094,0.13885809523809522,0.691
1789385829,692376084,kinect1_rgb_optical_frame,-0.07688571428571428,0.13865714285714284,0.69
1789385829,801530112,kinect1_rgb_optical_frame,-0.07774666666666667,0.13916000000000003,0.686
1789385829,908830024,kinect1_rgb_optical_frame,-0.07905333333333334,0.14046666666666668,0.686
1789385830,21656661,kinect1_rgb_optical_frame,-0.07655142857142858,0.1406714285714286,0.687
1789385830,134679539,kinect1_rgb_optical_frame,-0.07204380952380952,0.13681714285714283,0.694
1789385830,244424280,kinect1_rgb_optical_frame,-0.06817619047619047,0.13833809523809523,0.695
1789385830,352375528,kinect1_rgb_optical_frame,-0.06866666666666667,0.14066666666666666,0.7
1789385830,460573270,kinect1_rgb_optical_frame,-0.06896095238095237,0.14528666666666665,0.703
1789385830,568287128,kinect1_rgb_optical_frame,-0.06733333333333333,0.146,0.7
1789385830,672722789,kinect1_rgb_optical_frame,-0.06915714285714285,0.14435714285714285,0.705
1789385830,780088138,kinect1_rgb_optical_frame,-0.06781428571428572,0.14435714285714285,0.705
1789385830,888740798,kinect1_rgb_optical_frame,-0.06781428571428572,0.14435714285714285,0.705
1789385831,325772,kinect1_rgb_optical_frame,-0.06905904761904762,0.14415238095238095,0.704
1789385831,113585289,kinect1_rgb_optical_frame,-0.06905904761904762,0.14415238095238095,0.704
1789385831,225279774,kinect1_rgb_optical_frame,-0.06905904761904762,0.14549333333333334,0.704
1789385831,332816287,kinect1_rgb_optical_frame,-0.06915714285714285,0.14435714285714285,0.705
1789385831,449163018,kinect1_rgb_optical_frame,-0.06905904761904762,0.14549333333333334,0.704
1789385831,557782145,kinect1_rgb_optical_frame,-0.06733333333333333,0.146,0.7
1789385831,671592559,kinect1_rgb_optical_frame,-0.06781428571428572,0.14435714285714285,0.705
1789385831,779384319,kinect1_rgb_optical_frame,-0.06771809523809524,0.14549333333333334,0.704
1789385831,894424229,kinect1_rgb_optical_frame,-0.06847047619047618,0.14558285714285712,0.698
1789385832,3458189,kinect1_rgb_optical_frame,-0.06847047619047618,0.14691238095238093,0.698
1789385832,113543152,kinect1_rgb_optical_frame,-0.0703,0.14528666666666665,0.703
1789385832,222344209,kinect1_rgb_optical_frame,-0.07133333333333333,0.14466666666666664,0.7
1789385832,335403535,kinect1_rgb_optical_frame,-0.0714352380952381,0.14487333333333333,0.701
1789385832,444352636,kinect1_rgb_optical_frame,-0.07297809523809523,0.14394761904761902,0.703
1789385832,554527411,kinect1_rgb_optical_frame,-0.07277047619047618,0.14353809523809524,0.701
1789385832,665095998,kinect1_rgb_optical_frame,-0.07266666666666666,0.14333333333333334,0.7
1789385832,772266225,kinect1_rgb_optical_frame,-0.07266666666666666,0.14466666666666664,0.7
1789385832,880527900,kinect1_rgb_optical_frame,-0.07245904761904762,0.14425333333333332,0.698
1789385832,989414207,kinect1_rgb_optical_frame,-0.07072190476190476,0.14474857142857142,0.694
1789385833,97950540,kinect1_rgb_optical_frame,-0.06939999999999999,0.1460704761904762,0.694
1789385833,210340522,kinect1_rgb_optical_frame,-0.06797999999999998,0.14586,0.693
1789385833,328492418,kinect1_rgb_optical_frame,-0.07041619047619048,0.1454390476190476,0.691
1789385833,440800405,kinect1_rgb_optical_frame,-0.07162857142857142,0.1439142857142857,0.69
1789385833,552884878,kinect1_rgb_optical_frame,-0.07568095238095238,0.14280666666666667,0.691
1789385833,663391143,kinect1_rgb_optical_frame,-0.07524285714285715,0.1406714285714286,0.687
1789385833,776899291,kinect1_rgb_optical_frame,-0.07393428571428572,0.1406714285714286,0.687
1789385833,890834273,kinect1_rgb_optical_frame,-0.07513333333333333,0.14046666666666668,0.686
1789385834,538925,kinect1_rgb_optical_frame,-0.07361142857142858,0.14135999999999999,0.684
1789385834,115472361,kinect1_rgb_optical_frame,-0.07382666666666667,0.14177333333333336,0.686
1789385834,223652015,kinect1_rgb_optical_frame,-0.07774666666666667,0.14177333333333336,0.686
1789385834,331290481,kinect1_rgb_optical_frame,-0.07939904761904762,0.1397685714285714,0.689
1789385834,441908696,kinect1_rgb_optical_frame,-0.07831333333333333,0.1349095238095238,0.691
1789385834,550987990,kinect1_rgb_optical_frame,-0.0759,0.13662,0.693
1789385834,664057472,kinect1_rgb_optical_frame,-0.07468761904761904,0.13946095238095238,0.694
1789385834,776652974,kinect1_rgb_optical_frame,-0.07733142857142856,0.14210476190476187,0.694
1789385834,887500376,kinect1_rgb_optical_frame,-0.07986,0.14189999999999997,0.693
1789385834,997089726,kinect1_rgb_optical_frame,-0.08261904761904762,0.14078285714285715,0.694
1789385835,105586420,kinect1_rgb_optical_frame,-0.08394095238095237,0.14078285714285715,0.694
1789385835,216109530,kinect1_rgb_optical_frame,-0.08394095238095237,0.14078285714285715,0.694
1789385835,322040523,kinect1_rgb_optical_frame,-0.08394095238095237,0.14078285714285715,0.694
1789385835,429297759,kinect1_rgb_optical_frame,-0.08273809523809524,0.13966190476190474,0.695
1789385835,536548056,kinect1_rgb_optical_frame,-0.08261904761904762,0.14078285714285715,0.694
1789385835,645736521,kinect1_rgb_optical_frame,-0.08273809523809524,0.14098571428571427,0.695
1789385835,754891130,kinect1_rgb_optical_frame,-0.08273809523809524,0.14098571428571427,0.695
1789385835,861804139,kinect1_rgb_optical_frame,-0.0850295238095238,0.1399304761904762,0.703
1789385835,971481469,kinect1_rgb_optical_frame,-0.08612285714285713,0.14086761904761905,0.701
1789385836,82756966,kinect1_rgb_optical_frame,-0.086,0.14066666666666666,0.7
1789385836,187882856,kinect1_rgb_optical_frame,-0.0857542857142857,0.1402647619047619,0.698
1789385836,294714537,kinect1_rgb_optical_frame,-0.08478761904761904,0.13953238095238094,0.701
1789385836,399244359,kinect1_rgb_optical_frame,-0.0850295238095238,0.1399304761904762,0.703
1789385836,509978437,kinect1_rgb_optical_frame,-0.0850295238095238,0.14126952380952382,0.703
1789385836,616893451,kinect1_rgb_optical_frame,-0.08466666666666665,0.142,0.7
1789385836,723700354,kinect1_rgb_optical_frame,-0.08430380952380952,0.1400638095238095,0.697
1789385836,832015444,kinect1_rgb_optical_frame,-0.08273809523809524,0.1370142857142857,0.695
1789385836,942735782,kinect1_rgb_optical_frame,-0.07986,0.13926,0.693
1789385837,55255314,kinect1_rgb_optical_frame,-0.07876666666666667,0.13966190476190474,0.695
1789385837,166825337,kinect1_rgb_optical_frame,-0.07899333333333333,0.14139142857142856,0.697
1789385837,276434974,kinect1_rgb_optical_frame,-0.07899333333333333,0.1400638095238095,0.697
1789385837,384513276,kinect1_rgb_optical_frame,-0.07876666666666667,0.14098571428571427,0.695
1789385837,491594781,kinect1_rgb_optical_frame,-0.08141428571428572,0.14098571428571427,0.695
1789385837,600127905,kinect1_rgb_optical_frame,-0.08489428571428571,0.13885809523809522,0.691
1789385837,708888559,kinect1_rgb_optical_frame,-0.08608571428571428,0.13865714285714284,0.69
1789385837,817491702,kinect1_rgb_optical_frame,-0.08477142857142857,0.13997142857142858,0.69
1789385837,923275506,kinect1_rgb_optical_frame,-0.08226190476190476,0.1401742857142857,0.691
1789385838,28746858,kinect1_rgb_optical_frame,-0.0796295238095238,0.1414904761904762,0.691
1789385838,135670107,kinect1_rgb_optical_frame,-0.07854,0.14189999999999997,0.693
1789385838,239763087,kinect1_rgb_optical_frame,-0.0795142857142857,0.1412857142857143,0.69
1789385838,343686687,kinect1_rgb_optical_frame,-0.08333619047619048,0.1397685714285714,0.689
1789385838,447249321,kinect1_rgb_optical_frame,-0.08689333333333335,0.13916000000000003,0.686
1789385838,558117334,kinect1_rgb_optical_frame,-0.08820000000000001,0.13654666666666668,0.686
1789385838,666529066,kinect1_rgb_optical_frame,-0.08794285714285714,0.13614857142857145,0.684
1789385838,778884272,kinect1_rgb_optical_frame,-0.08689333333333335,0.13785333333333336,0.686
1789385838,887331171,kinect1_rgb_optical_frame,-0.08440285714285714,0.13805428571428574,0.687
1789385838,994614092,kinect1_rgb_optical_frame,-0.08309428571428572,0.13805428571428574,0.687
1789385839,103208772,kinect1_rgb_optical_frame,-0.08071142857142857,0.13583142857142858,0.689
1789385839,213194383,kinect1_rgb_optical_frame,-0.0782,0.1347142857142857,0.69
1789385839,323547054,kinect1_rgb_optical_frame,-0.07752,0.13745142857142859,0.684
1789385839,433514895,kinect1_rgb_optical_frame,-0.07989142857142859,0.14224571428571428,0.682
1789385839,542050284,kinect1_rgb_optical_frame,-0.08083333333333333,0.14162000000000002,0.679
1789385839,650759547,kinect1_rgb_optical_frame,-0.07729333333333334,0.13834857142857146,0.682
1789385839,760569948,kinect1_rgb_optical_frame,-0.07729333333333334,0.1357504761904762,0.682
1789385839,868042202,kinect1_rgb_optical_frame,-0.07942285714285714,0.14012,0.678
1789385839,981653384,kinect1_rgb_optical_frame,-0.08176380952380953,0.14099428571428574,0.676
1789385840,89858037,kinect1_rgb_optical_frame,-0.08047619047619048,0.13970666666666667,0.676
1789385840,197382929,kinect1_rgb_optical_frame,-0.07895428571428571,0.14057714285714287,0.674
1789385840,305596536,kinect1_rgb_optical_frame,-0.07744000000000001,0.14272,0.672
1789385840,414994218,kinect1_rgb_optical_frame,-0.07638666666666667,0.1431447619047619,0.674
1789385840,527775663,kinect1_rgb_optical_frame,-0.07381904761904762,0.1431447619047619,0.674
1789385840,640659854,kinect1_rgb_optical_frame,-0.07125142857142858,0.14442857142857143,0.674
1789385840,751371854,kinect1_rgb_optical_frame,-0.06976,0.14528000000000002,0.672
1789385840,860482982,kinect1_rgb_optical_frame,-0.06996761904761906,0.14442857142857143,0.674
1789385840,968307493,kinect1_rgb_optical_frame,-0.06848000000000001,0.14656,0.672
1789385841,76647325,kinect1_rgb_optical_frame,-0.06592,0.14528000000000002,0.672
1789385841,183375378,kinect1_rgb_optical_frame,-0.06483238095238095,0.14571238095238098,0.674
1789385841,290276046,kinect1_rgb_optical_frame,-0.06336,0.14784,0.672
1789385841,397289837,kinect1_rgb_optical_frame,-0.06444761904761905,0.1474,0.67
1789385841,502637333,kinect1_rgb_optical_frame,-0.06326571428571429,0.14889809523809525,0.671
1789385841,614754495,kinect1_rgb_optical_frame,-0.06326571428571429,0.14889809523809525,0.671
1789385841,723451027,kinect1_rgb_optical_frame,-0.06336,0.14912000000000003,0.672
1789385841,832865608,kinect1_rgb_optical_frame,-0.06098095238095238,0.14956380952380952,0.674
1789385841,941697035,kinect1_rgb_optical_frame,-0.05729904761904762,0.14872000000000002,0.676
1789385842,49610690,kinect1_rgb_optical_frame,-0.05391047619047619,0.14874095238095242,0.682
1789385842,159138168,kinect1_rgb_optical_frame,-0.05116190476190477,0.1470095238095238,0.68
1789385842,265324810,kinect1_rgb_optical_frame,-0.047484761904761905,0.14635714285714288,0.683
1789385842,373160008,kinect1_rgb_optical_frame,-0.044948571428571435,0.1478742857142857,0.684
1789385842,478244209,kinect1_rgb_optical_frame,-0.04116,0.14700000000000002,0.686
1789385842,585886924,kinect1_rgb_optical_frame,-0.04122000000000001,0.14852285714285715,0.687
1789385842,693592057,kinect1_rgb_optical_frame,-0.03991142857142858,0.1498314285714286,0.687
1789385842,804622576,kinect1_rgb_optical_frame,-0.04122000000000001,0.14721428571428574,0.687
1789385842,912670542,kinect1_rgb_optical_frame,-0.04508,0.14569333333333334,0.686
1789385843,21530763,kinect1_rgb_optical_frame,-0.04885714285714286,0.14266285714285717,0.684
1789385843,131669426,kinect1_rgb_optical_frame,-0.05299714285714286,0.1406714285714286,0.687
1789385843,238754151,kinect1_rgb_optical_frame,-0.05406857142857143,0.13614857142857145,0.684
1789385843,346451770,kinect1_rgb_optical_frame,-0.055047619047619054,0.13664761904761907,0.68
1789385843,453074816,kinect1_rgb_optical_frame,-0.05712952380952381,0.14057714285714287,0.674
1789385843,561316693,kinect1_rgb_optical_frame,-0.05824,0.13888,0.672
1789385843,670539511,kinect1_rgb_optical_frame,-0.0568752380952381,0.1373952380952381,0.671
1789385843,778755184,kinect1_rgb_optical_frame,-0.05679047619047619,0.13846666666666668,0.67
1789385843,885590134,kinect1_rgb_optical_frame,-0.0608,0.13504,0.672
1789385843,993817884,kinect1_rgb_optical_frame,-0.06868380952380954,0.13287428571428572,0.674
1789385844,101993736,kinect1_rgb_optical_frame,-0.07392857142857143,0.12407142857142858,0.675
1789385844,209683066,kinect1_rgb_optical_frame,-0.07436666666666668,0.1261,0.679
1789385844,319416234,kinect1_rgb_optical_frame,-0.07610571428571429,0.12684285714285715,0.683
1789385844,429689364,kinect1_rgb_optical_frame,-0.07599428571428572,0.12925523809523812,0.682
1789385844,545124280,kinect1_rgb_optical_frame,-0.07870761904761905,0.12684285714285715,0.683
1789385844,653018355,kinect1_rgb_optical_frame,-0.07989142857142859,0.1279561904761905,0.682
1789385844,763138050,kinect1_rgb_optical_frame,-0.07965714285714286,0.1288761904761905,0.68
1789385844,874574560,kinect1_rgb_optical_frame,-0.07965714285714286,0.1288761904761905,0.68
1789385844,981543195,kinect1_rgb_optical_frame,-0.08047619047619048,0.12811809523809523,0.676
1789385845,88561537,kinect1_rgb_optical_frame,-0.08071428571428571,0.12849714285714287,0.678
1789385845,196641901,kinect1_rgb_optical_frame,-0.08071428571428571,0.12849714285714287,0.678
1789385845,304107663,kinect1_rgb_optical_frame,-0.08071428571428571,0.12978857142857145,0.678
1789385845,412007517,kinect1_rgb_optical_frame,-0.07942285714285714,0.13108,0.678
1789385845,518845819,kinect1_rgb_optical_frame,-0.07824666666666667,0.12868666666666667,0.679
1789385845,627297676,kinect1_rgb_optical_frame,-0.07824666666666667,0.12868666666666667,0.679
1789385845,736577432,kinect1_rgb_optical_frame,-0.07554857142857144,0.12978857142857145,0.678
1789385845,846588440,kinect1_rgb_optical_frame,-0.07103999999999999,0.13376000000000002,0.672
1789385845,953037164,kinect1_rgb_optical_frame,-0.07103999999999999,0.13248000000000001,0.672
1789385846,59129222,kinect1_rgb_optical_frame,-0.07082857142857144,0.13208571428571428,0.67
1789385846,167119855,kinect1_rgb_optical_frame,-0.07232000000000001,0.1312,0.672
1789385846,271966396,kinect1_rgb_optical_frame,-0.07210476190476191,0.13463809523809525,0.67
1789385846,382771024,kinect1_rgb_optical_frame,-0.07381904761904762,0.13415809523809524,0.674
1789385846,483827267,kinect1_rgb_optical_frame,-0.07264285714285715,0.1330714285714286,0.675
1789385846,589686702,kinect1_rgb_optical_frame,-0.07072285714285714,0.13826,0.669
1789385846,696115888,kinect1_rgb_optical_frame,-0.07072285714285714,0.13826,0.669
1789385846,803579977,kinect1_rgb_optical_frame,-0.06944857142857143,0.13826,0.669
1789385846,907504554,kinect1_rgb_optical_frame,-0.06592,0.13760000000000003,0.672
1789385847,15812244,kinect1_rgb_optical_frame,-0.062079999999999996,0.14016,0.672
1789385847,122985627,kinect1_rgb_optical_frame,-0.06098095238095238,0.14057714285714287,0.674
1789385847,231277688,kinect1_rgb_optical_frame,-0.06244952380952381,0.13841904761904764,0.676
1789385847,340369255,kinect1_rgb_optical_frame,-0.06521714285714286,0.13882857142857144,0.678
1789385847,448257288,kinect1_rgb_optical_frame,-0.06521714285714286,0.13753714285714289,0.678
1789385847,558158587,kinect1_rgb_optical_frame,-0.06364285714285714,0.1382142857142857,0.675
1789385847,665163236,kinect1_rgb_optical_frame,-0.062079999999999996,0.13760000000000003,0.672
1789385847,773641027,kinect1_rgb_optical_frame,-0.06198761904761905,0.1373952380952381,0.671
1789385847,877114131,kinect1_rgb_optical_frame,-0.06336,0.13760000000000003,0.672
1789385847,984026680,kinect1_rgb_optical_frame,-0.06464,0.13888,0.672
1789385848,91741169,kinect1_rgb_optical_frame,-0.0656257142857143,0.13826,0.669
1789385848,194803145,kinect1_rgb_optical_frame,-0.0656257142857143,0.13826,0.669
1789385848,301634535,kinect1_rgb_optical_frame,-0.06406285714285714,0.13890857142857144,0.666
1789385848,407995554,kinect1_rgb_optical_frame,-0.06503714285714286,0.14207142857142857,0.663
1789385848,512453646,kinect1_rgb_optical_frame,-0.0665,0.14123333333333335,0.665
1789385848,619962064,kinect1_rgb_optical_frame,-0.06377428571428573,0.14080857142857145,0.663
1789385848,727050456,kinect1_rgb_optical_frame,-0.0598952380952381,0.14185714285714288,0.662
1789385848,833746462,kinect1_rgb_optical_frame,-0.05728666666666667,0.14164285714285713,0.661
1789385848,940526041,kinect1_rgb_optical_frame,-0.05476857142857143,0.14038380952380955,0.661
1789385849,52307679,kinect1_rgb_optical_frame,-0.05476857142857143,0.14038380952380955,0.661
1789385849,159596025,kinect1_rgb_optical_frame,-0.05485142857142857,0.14059619047619049,0.662
1789385849,266752176,kinect1_rgb_optical_frame,-0.05602761904761905,0.14164285714285713,0.661
1789385849,373355083,kinect1_rgb_optical_frame,-0.05845714285714286,0.14268571428571428,0.66
1789385849,480956812,kinect1_rgb_optical_frame,-0.06106380952380953,0.14164285714285713,0.661
1789385849,586819049,kinect1_rgb_optical_frame,-0.06241714285714285,0.14059619047619049,0.662
1789385849,695339559,kinect1_rgb_optical_frame,-0.06241714285714285,0.14059619047619049,0.662
1789385849,804021889,kinect1_rgb_optical_frame,-0.06106380952380953,0.14164285714285713,0.661
1789385849,912900141,kinect1_rgb_optical_frame,-0.05953333333333334,0.14225333333333334,0.658
1789385850,21486411,kinect1_rgb_optical_frame,-0.058280000000000005,0.14225333333333334,0.658
1789385850,129826897,kinect1_rgb_optical_frame,-0.058280000000000005,0.14225333333333334,0.658
1789385850,238254993,kinect1_rgb_optical_frame,-0.05702666666666667,0.14225333333333334,0.658
1789385850,345377942,kinect1_rgb_optical_frame,-0.05452,0.14225333333333334,0.658
1789385850,451894117,kinect1_rgb_optical_frame,-0.05452,0.14225333333333334,0.658
1789385850,560126213,kinect1_rgb_optical_frame,-0.05468571428571429,0.14268571428571428,0.66
1789385850,667484801,kinect1_rgb_optical_frame,-0.05342857142857143,0.14394285714285715,0.66
1789385850,775582059,kinect1_rgb_optical_frame,-0.05476857142857143,0.1441609523809524,0.661
1789385850,881576168,kinect1_rgb_optical_frame,-0.05476857142857143,0.1441609523809524,0.661
1789385850,989613002,kinect1_rgb_optical_frame,-0.05468571428571429,0.1452,0.66
1789385851,97918812,kinect1_rgb_optical_frame,-0.05452,0.14601333333333333,0.658
1789385851,207580368,kinect1_rgb_optical_frame,-0.05350952380952381,0.1441609523809524,0.661
1789385851,318838874,kinect1_rgb_optical_frame,-0.05342857142857143,0.14394285714285715,0.66
1789385851,430864563,kinect1_rgb_optical_frame,-0.05342857142857143,0.14268571428571428,0.66
1789385851,537275741,kinect1_rgb_optical_frame,-0.05452,0.14100000000000001,0.658
1789385851,644946043,kinect1_rgb_optical_frame,-0.054437142857142864,0.14328857142857143,0.657
1789385851,752644855,kinect1_rgb_optical_frame,-0.05551904761904762,0.14285238095238095,0.655
1789385851,867248286,kinect1_rgb_optical_frame,-0.05286190476190476,0.14366,0.653
1789385851,971542688,kinect1_rgb_optical_frame,-0.05037428571428571,0.14366,0.653
1789385852,80323727,kinect1_rgb_optical_frame,-0.04788666666666667,0.14614761904761905,0.653
1789385852,185397444,kinect1_rgb_optical_frame,-0.04788666666666667,0.14614761904761905,0.653
1789385852,286995890,kinect1_rgb_optical_frame,-0.04657142857142857,0.1471657142857143,0.652
1789385852,393791423,kinect1_rgb_optical_frame,-0.04766666666666667,0.1467142857142857,0.65
1789385852,496988347,kinect1_rgb_optical_frame,-0.048754285714285715,0.14749714285714288,0.648
1789385852,605733465,kinect1_rgb_optical_frame,-0.04867904761904762,0.14726952380952382,0.647
1789385852,710495841,kinect1_rgb_optical_frame,-0.04737333333333334,0.14704190476190476,0.646
1789385852,819818029,kinect1_rgb_optical_frame,-0.04860380952380952,0.14827238095238096,0.646
1789385852,925992558,kinect1_rgb_optical_frame,-0.04852857142857143,0.1468142857142857,0.645
1789385853,34754526,kinect1_rgb_optical_frame,-0.04737333333333334,0.14704190476190476,0.646
1789385853,140776310,kinect1_rgb_optical_frame,-0.04737333333333334,0.14704190476190476,0.646
1789385853,249042989,kinect1_rgb_optical_frame,-0.04744666666666667,0.14850190476190475,0.647
1789385853,356034634,kinect1_rgb_optical_frame,-0.04867904761904762,0.14726952380952382,0.647
1789385853,464895854,kinect1_rgb_optical_frame,-0.048754285714285715,0.14749714285714288,0.648
1789385853,572389797,kinect1_rgb_optical_frame,-0.048754285714285715,0.14626285714285714,0.648
1789385853,677828850,kinect1_rgb_optical_frame,-0.04867904761904762,0.14603714285714287,0.647
1789385853,782448029,kinect1_rgb_optical_frame,-0.04867904761904762,0.1448047619047619,0.647
1789385853,888512371,kinect1_rgb_optical_frame,-0.048754285714285715,0.14379428571428574,0.648
1789385853,995833120,kinect1_rgb_optical_frame,-0.04766666666666667,0.14300000000000002,0.65
1789385854,103228742,kinect1_rgb_optical_frame,-0.04752,0.14009142857142856,0.648
1789385854,207846309,kinect1_rgb_optical_frame,-0.04642857142857143,0.14052380952380952,0.65
1789385854,309309081,kinect1_rgb_optical_frame,-0.0465,0.14198,0.651
1789385854,414647295,kinect1_rgb_optical_frame,-0.0465,0.14198,0.651
1789385854,519707156,kinect1_rgb_optical_frame,-0.04766666666666667,0.14300000000000002,0.65
1789385854,625003335,kinect1_rgb_optical_frame,-0.047740000000000005,0.14322000000000001,0.651
1789385854,731102398,kinect1_rgb_optical_frame,-0.046285714285714284,0.14256000000000002,0.648
1789385854,838354613,kinect1_rgb_optical_frame,-0.0465,0.14322000000000001,0.651
1789385854,944105318,kinect1_rgb_optical_frame,-0.04519047619047619,0.14423809523809525,0.65
1789385855,51841390,kinect1_rgb_optical_frame,-0.044020000000000004,0.14446,0.651
1789385855,159815256,kinect1_rgb_optical_frame,-0.04395238095238095,0.14423809523809525,0.65
1789385855,269267754,kinect1_rgb_optical_frame,-0.04395238095238095,0.14423809523809525,0.65
1789385855,381617485,kinect1_rgb_optical_frame,-0.04526,0.14446,0.651
1789385855,489540499,kinect1_rgb_optical_frame,-0.04642857142857143,0.14300000000000002,0.65
1789385855,594572250,kinect1_rgb_optical_frame,-0.04642857142857143,0.14300000000000002,0.65
1789385855,702674526,kinect1_rgb_optical_frame,-0.04752,0.14256000000000002,0.648
1789385855,806267631,kinect1_rgb_optical_frame,-0.047740000000000005,0.14198,0.651
1789385855,912162120,kinect1_rgb_optical_frame,-0.046285714285714284,0.14256000000000002,0.648
1789385856,19337025,kinect1_rgb_optical_frame,-0.0465,0.14446,0.651
1789385856,126255226,kinect1_rgb_optical_frame,-0.047740000000000005,0.14570000000000002,0.651
1789385856,233803895,kinect1_rgb_optical_frame,-0.04781333333333333,0.14468190476190476,0.652
1789385856,345029733,kinect1_rgb_optical_frame,-0.04788666666666667,0.14490380952380952,0.653
1789385856,452142949,kinect1_rgb_optical_frame,-0.05029714285714286,0.14343999999999998,0.652
1789385856,558705034,kinect1_rgb_optical_frame,-0.05146,0.14322000000000001,0.651
1789385856,666607129,kinect1_rgb_optical_frame,-0.05146,0.14322000000000001,0.651
1789385856,774777086,kinect1_rgb_optical_frame,-0.052700000000000004,0.14322000000000001,0.651
1789385856,882273142,kinect1_rgb_optical_frame,-0.05261904761904762,0.14423809523809525,0.65
1789385856,989030584,kinect1_rgb_optical_frame,-0.05138095238095238,0.14300000000000002,0.65
1789385857,94416601,kinect1_rgb_optical_frame,-0.05146,0.14322000000000001,0.651
1789385857,207759352,kinect1_rgb_optical_frame,-0.04998857142857143,0.14379428571428574,0.648
1789385857,316224669,kinect1_rgb_optical_frame,-0.05022,0.14446,0.651
1789385857,429766135,kinect1_rgb_optical_frame,-0.04898,0.14570000000000002,0.651
1789385857,537155126,kinect1_rgb_optical_frame,-0.04898,0.14570000000000002,0.651
1789385857,642158476,kinect1_rgb_optical_frame,-0.04890476190476191,0.14547619047619048,0.65
1789385857,747715842,kinect1_rgb_optical_frame,-0.048754285714285715,0.14626285714285714,0.648
1789385857,855426050,kinect1_rgb_optical_frame,-0.04998857142857143,0.14626285714285714,0.648
1789385857,966744761,kinect1_rgb_optical_frame,-0.04998857142857143,0.14626285714285714,0.648
1789385858,74116970,kinect1_rgb_optical_frame,-0.04998857142857143,0.14626285714285714,0.648
1789385858,189513944,kinect1_rgb_optical_frame,-0.04983428571428571,0.14704190476190476,0.646
1789385858,300353147,kinect1_rgb_optical_frame,-0.04737333333333334,0.14827238095238096,0.646
1789385858,410608452,kinect1_rgb_optical_frame,-0.0473,0.1468142857142857,0.645
1789385858,518361517,kinect1_rgb_optical_frame,-0.04722666666666667,0.14781333333333335,0.644
1789385858,627364876,kinect1_rgb_optical_frame,-0.046214285714285715,0.14850190476190475,0.647
1789385858,734796011,kinect1_rgb_optical_frame,-0.04607142857142857,0.14804285714285714,0.645
1789385858,843833882,kinect1_rgb_optical_frame,-0.046000000000000006,0.14781333333333335,0.644
1789385858,955751992,kinect1_rgb_optical_frame,-0.04484285714285714,0.14804285714285714,0.645
1789385859,68111739,kinect1_rgb_optical_frame,-0.046214285714285715,0.14726952380952382,0.647
1789385859,175562307,kinect1_rgb_optical_frame,-0.04737333333333334,0.14827238095238096,0.646
1789385859,282348797,kinect1_rgb_optical_frame,-0.04860380952380952,0.14704190476190476,0.646
1789385859,390291971,kinect1_rgb_optical_frame,-0.048754285714285715,0.14626285714285714,0.648
1789385859,503831547,kinect1_rgb_optical_frame,-0.04752,0.14626285714285714,0.648
1789385859,611243347,kinect1_rgb_optical_frame,-0.04642857142857143,0.1467142857142857,0.65
1789385859,722714678,kinect1_rgb_optical_frame,-0.04744666666666667,0.14726952380952382,0.647
1789385859,829421337,kinect1_rgb_optical_frame,-0.048754285714285715,0.14626285714285714,0.648
1789385859,937079707,kinect1_rgb_optical_frame,-0.048754285714285715,0.14626285714285714,0.648
1789385860,44716491,kinect1_rgb_optical_frame,-0.048754285714285715,0.14502857142857142,0.648
1789385860,152249924,kinect1_rgb_optical_frame,-0.048754285714285715,0.14502857142857142,0.648
1789385860,261441474,kinect1_rgb_optical_frame,-0.04998857142857143,0.14502857142857142,0.648
1789385860,369564692,kinect1_rgb_optical_frame,-0.048754285714285715,0.14502857142857142,0.648
1789385860,476543527,kinect1_rgb_optical_frame,-0.04867904761904762,0.1448047619047619,0.647
1789385860,584961505,kinect1_rgb_optical_frame,-0.04991142857142857,0.14357238095238095,0.647
1789385860,692805400,kinect1_rgb_optical_frame,-0.04845333333333334,0.14658666666666667,0.644
1789385860,803962265,kinect1_rgb_optical_frame,-0.04722666666666667,0.14658666666666667,0.644
1789385860,912231331,kinect1_rgb_optical_frame,-0.046142857142857145,0.14704190476190476,0.646
1789385861,19785418,kinect1_rgb_optical_frame,-0.04585714285714285,0.14735428571428572,0.642
1789385861,144656288,kinect1_rgb_optical_frame,-0.04463428571428572,0.14735428571428572,0.642
1789385861,254011718,kinect1_rgb_optical_frame,-0.04585714285714285,0.14735428571428572,0.642
1789385861,362311978,kinect1_rgb_optical_frame,-0.04578571428571429,0.1471247619047619,0.641
1789385861,474118278,kinect1_rgb_optical_frame,-0.044564761904761906,0.1471247619047619,0.641
1789385861,580921319,kinect1_rgb_optical_frame,-0.044495238095238095,0.1468952380952381,0.64
1789385861,691466088,kinect1_rgb_optical_frame,-0.044564761904761906,0.1471247619047619,0.641
1789385861,799599885,kinect1_rgb_optical_frame,-0.04484285714285714,0.1455857142857143,0.645
1789385861,907225592,kinect1_rgb_optical_frame,-0.04737333333333334,0.14581142857142856,0.646
1789385862,18361966,kinect1_rgb_optical_frame,-0.04737333333333334,0.1445809523809524,0.646
1789385862,128359895,kinect1_rgb_optical_frame,-0.04744666666666667,0.1448047619047619,0.647
1789385862,240185483,kinect1_rgb_optical_frame,-0.0465,0.14322000000000001,0.651
1789385862,349411731,kinect1_rgb_optical_frame,-0.04781333333333333,0.14095619047619048,0.652
1789385862,461480220,kinect1_rgb_optical_frame,-0.05278095238095238,0.13971428571428574,0.652
1789385862,568972940,kinect1_rgb_optical_frame,-0.05650666666666667,0.13971428571428574,0.652
1789385862,680033997,kinect1_rgb_optical_frame,-0.05908095238095239,0.13619714285714285,0.653
1789385862,791922770,kinect1_rgb_optical_frame,-0.05944285714285715,0.13452857142857141,0.657
1789385862,900071401,kinect1_rgb_optical_frame,-0.05953333333333334,0.13473333333333334,0.658
1789385863,13862014,kinect1_rgb_optical_frame,-0.05953333333333334,0.13598666666666667,0.658
1789385863,124972372,kinect1_rgb_optical_frame,-0.056593333333333336,0.13744095238095239,0.653
1789385863,235218247,kinect1_rgb_optical_frame,-0.055349523809523814,0.1386847619047619,0.653
1789385863,343578932,kinect1_rgb_optical_frame,-0.05560380952380953,0.13932190476190479,0.656
1789385863,452916645,kinect1_rgb_optical_frame,-0.054354285714285716,0.14057142857142857,0.656
1789385863,561156548,kinect1_rgb_optical_frame,-0.054437142857142864,0.1407857142857143,0.657
1789385863,670530114,kinect1_rgb_optical_frame,-0.05452,0.14100000000000001,0.658
1789385863,779167755,kinect1_rgb_optical_frame,-0.05452,0.14100000000000001,0.658
1789385863,892113689,kinect1_rgb_optical_frame,-0.055773333333333334,0.13974666666666669,0.658
1789385864,122207,kinect1_rgb_optical_frame,-0.055773333333333334,0.13974666666666669,0.658
1789385864,103677220,kinect1_rgb_optical_frame,-0.055773333333333334,0.13974666666666669,0.658
1789385864,212995165,kinect1_rgb_optical_frame,-0.05452,0.13974666666666669,0.658
1789385864,322123732,kinect1_rgb_optical_frame,-0.054437142857142864,0.1407857142857143,0.657
1789385864,433552418,kinect1_rgb_optical_frame,-0.05452,0.14225333333333334,0.658
1789385864,543478287,kinect1_rgb_optical_frame,-0.05452,0.14225333333333334,0.658
1789385864,652428825,kinect1_rgb_optical_frame,-0.05468571428571429,0.14142857142857143,0.66
1789385864,761928447,kinect1_rgb_optical_frame,-0.05702666666666667,0.14100000000000001,0.658
1789385864,872073466,kinect1_rgb_optical_frame,-0.058280000000000005,0.14100000000000001,0.658
1789385864,979328957,kinect1_rgb_optical_frame,-0.058280000000000005,0.13974666666666669,0.658
1789385865,88438849,kinect1_rgb_optical_frame,-0.058280000000000005,0.14100000000000001,0.658
1789385865,196521329,kinect1_rgb_optical_frame,-0.05702666666666667,0.14100000000000001,0.658
1789385865,306240729,kinect1_rgb_optical_frame,-0.05702666666666667,0.14100000000000001,0.658
1789385865,415128120,kinect1_rgb_optical_frame,-0.05944285714285715,0.1407857142857143,0.657
1789385865,522409293,kinect1_rgb_optical_frame,-0.060694285714285715,0.13953428571428572,0.657
1789385865,628744948,kinect1_rgb_optical_frame,-0.06319714285714285,0.13703142857142858,0.657
1789385865,733141757,kinect1_rgb_optical_frame,-0.06319714285714285,0.13828285714285715,0.657
1789385865,841545459,kinect1_rgb_optical_frame,-0.06319714285714285,0.13953428571428572,0.657
1789385865,950864971,kinect1_rgb_optical_frame,-0.06185142857142857,0.13807238095238095,0.656
1789385866,59089157,kinect1_rgb_optical_frame,-0.060694285714285715,0.13953428571428572,0.657
1789385866,165481359,kinect1_rgb_optical_frame,-0.05944285714285715,0.1407857142857143,0.657
1789385866,274424448,kinect1_rgb_optical_frame,-0.06060190476190477,0.14182095238095238,0.656
1789385866,380916487,kinect1_rgb_optical_frame,-0.05819142857142857,0.14203714285714286,0.657
1789385866,492636917,kinect1_rgb_optical_frame,-0.059352380952380955,0.14307047619047622,0.656
1789385866,607962065,kinect1_rgb_optical_frame,-0.05801428571428571,0.1416047619047619,0.655
1789385866,715290548,kinect1_rgb_optical_frame,-0.05801428571428571,0.1416047619047619,0.655
1789385866,824286348,kinect1_rgb_optical_frame,-0.059352380952380955,0.14182095238095238,0.656
1789385866,935219082,kinect1_rgb_optical_frame,-0.059352380952380955,0.14182095238095238,0.656
1789385867,45714744,kinect1_rgb_optical_frame,-0.059261904761904766,0.14035714285714285,0.655
1789385867,156114830,kinect1_rgb_optical_frame,-0.05944285714285715,0.13953428571428572,0.657
1789385867,261724647,kinect1_rgb_optical_frame,-0.06060190476190477,0.13932190476190479,0.656
1789385867,369753255,kinect1_rgb_optical_frame,-0.06194571428571429,0.13953428571428572,0.657
1789385867,478222984,kinect1_rgb_optical_frame,-0.06348571428571428,0.14142857142857143,0.66
1789385867,584661179,kinect1_rgb_optical_frame,-0.06493904761904763,0.14059619047619049,0.662
1789385867,693181047,kinect1_rgb_optical_frame,-0.06377428571428573,0.14080857142857145,0.663
1789385867,799771461,kinect1_rgb_optical_frame,-0.06503714285714286,0.13954571428571427,0.663
1789385867,913096632,kinect1_rgb_optical_frame,-0.06503714285714286,0.13954571428571427,0.663
1789385868,20677735,kinect1_rgb_optical_frame,-0.06503714285714286,0.13954571428571427,0.663
1789385868,128463924,kinect1_rgb_optical_frame,-0.06377428571428573,0.13954571428571427,0.663
1789385868,235318686,kinect1_rgb_optical_frame,-0.06493904761904763,0.13933523809523812,0.662
1789385868,342940369,kinect1_rgb_optical_frame,-0.06396666666666667,0.13870000000000002,0.665
1789385868,449078324,kinect1_rgb_optical_frame,-0.06317142857142857,0.1371904761904762,0.67
1789385868,560653339,kinect1_rgb_optical_frame,-0.06326571428571429,0.1335609523809524,0.671
1789385868,695433315,kinect1_rgb_optical_frame,-0.06611619047619048,0.13544190476190476,0.674
1789385868,805994999,kinect1_rgb_optical_frame,-0.06492857142857143,0.13564285714285715,0.675
1789385868,916165756,kinect1_rgb_optical_frame,-0.06373714285714287,0.13841904761904764,0.676
1789385869,24261827,kinect1_rgb_optical_frame,-0.060051428571428575,0.14399428571428574,0.678
1789385869,134005914,kinect1_rgb_optical_frame,-0.06134285714285715,0.14399428571428574,0.678
1789385869,244689411,kinect1_rgb_optical_frame,-0.05893333333333334,0.14053333333333334,0.68
1789385869,356957171,kinect1_rgb_optical_frame,-0.05659142857142858,0.13985238095238095,0.683
1789385869,464981400,kinect1_rgb_optical_frame,-0.05367333333333334,0.14162000000000002,0.679
1789385869,571140719,kinect1_rgb_optical_frame,-0.056260000000000004,0.14291333333333334,0.679
1789385869,680794268,kinect1_rgb_optical_frame,-0.05876000000000001,0.14270285714285716,0.678
1789385869,789240808,kinect1_rgb_optical_frame,-0.06354857142857143,0.14057714285714287,0.674
1789385869,896811488,kinect1_rgb_optical_frame,-0.07125142857142858,0.13544190476190476,0.674
1789385870,6392133,kinect1_rgb_optical_frame,-0.07103999999999999,0.13632,0.672
1789385870,115406586,kinect1_rgb_optical_frame,-0.0687857142857143,0.13564285714285715,0.675
1789385870,223288213,kinect1_rgb_optical_frame,-0.06780000000000001,0.13495428571428572,0.678
1789385870,335773282,kinect1_rgb_optical_frame,-0.06780000000000001,0.13753714285714289,0.678
1789385870,447568925,kinect1_rgb_optical_frame,-0.0687857142857143,0.13435714285714287,0.675
1789385870,553983129,kinect1_rgb_optical_frame,-0.07125142857142858,0.12902285714285716,0.674
1789385870,660902266,kinect1_rgb_optical_frame,-0.07582,0.12679142857142858,0.669
1789385870,769030879,kinect1_rgb_optical_frame,-0.08360000000000001,0.12257142857142858,0.66
1789385870,877275705,kinect1_rgb_optical_frame,-0.08611428571428571,0.12257142857142858,0.66
1789385870,986073207,kinect1_rgb_optical_frame,-0.08750380952380953,0.12401619047619049,0.661
1789385871,93154725,kinect1_rgb_optical_frame,-0.08498571428571429,0.12653428571428574,0.661
1789385871,201370337,kinect1_rgb_optical_frame,-0.07582,0.12679142857142858,0.669
1789385871,308822064,kinect1_rgb_optical_frame,-0.07210476190476191,0.1269809523809524,0.67
1789385871,420609667,kinect1_rgb_optical_frame,-0.06944857142857143,0.12806571428571428,0.669
1789385871,528323947,kinect1_rgb_optical_frame,-0.06797047619047619,0.12895333333333334,0.667
1789385871,637645767,kinect1_rgb_optical_frame,-0.06695142857142858,0.13452857142857141,0.657
1789385871,746448504,kinect1_rgb_optical_frame,-0.06470000000000001,0.13864285714285715,0.647
1789385871,857392185,kinect1_rgb_optical_frame,-0.05921619047619048,0.14102,0.641
1789385871,965088659,kinect1_rgb_optical_frame,-0.05390857142857143,0.14355428571428572,0.636
1789385872,71217748,kinect1_rgb_optical_frame,-0.05164761904761905,0.14765142857142857,0.638
1789385872,178613347,kinect1_rgb_optical_frame,-0.05051142857142857,0.15031714285714284,0.639
1789385872,284886721,kinect1_rgb_optical_frame,-0.04952571428571429,0.1522457142857143,0.642
1789385872,392413911,kinect1_rgb_optical_frame,-0.04975714285714286,0.15295714285714287,0.645
1789385872,499999858,kinect1_rgb_optical_frame,-0.05074857142857143,0.15102285714285715,0.642
1789385872,610683771,kinect1_rgb_optical_frame,-0.05059047619047619,0.15055238095238097,0.64
1789385872,718534467,kinect1_rgb_optical_frame,-0.05051142857142857,0.15031714285714284,0.639
1789385872,826783080,kinect1_rgb_optical_frame,-0.04937142857142857,0.15177142857142858,0.64
1789385872,933868310,kinect1_rgb_optical_frame,-0.04937142857142857,0.15177142857142858,0.64
1789385873,42026098,kinect1_rgb_optical_frame,-0.04937142857142857,0.15177142857142858,0.64
1789385873,151262348,kinect1_rgb_optical_frame,-0.049448571428571425,0.15200857142857144,0.641
1789385873,259890875,kinect1_rgb_optical_frame,-0.04815238095238095,0.15055238095238097,0.64
1789385873,370941872,kinect1_rgb_optical_frame,-0.049294285714285714,0.15031714285714284,0.639
1789385873,480436622,kinect1_rgb_optical_frame,-0.049294285714285714,0.15031714285714284,0.639
1789385873,588818195,kinect1_rgb_optical_frame,-0.049294285714285714,0.15031714285714284,0.639
1789385873,698317051,kinect1_rgb_optical_frame,-0.04952571428571429,0.1522457142857143,0.642
1789385873,809705208,kinect1_rgb_optical_frame,-0.049448571428571425,0.15078761904761906,0.641
1789385873,916952733,kinect1_rgb_optical_frame,-0.04937142857142857,0.15055238095238097,0.64
1789385874,25090263,kinect1_rgb_optical_frame,-0.04822761904761905,0.15200857142857144,0.641
1789385874,132882932,kinect1_rgb_optical_frame,-0.04822761904761905,0.15200857142857144,0.641
1789385874,241125785,kinect1_rgb_optical_frame,-0.04815238095238095,0.15177142857142858,0.64
1789385874,348639349,kinect1_rgb_optical_frame,-0.04815238095238095,0.15177142857142858,0.64
1789385874,458363298,kinect1_rgb_optical_frame,-0.04815238095238095,0.15177142857142858,0.64
1789385874,565156323,kinect1_rgb_optical_frame,-0.04815238095238095,0.15177142857142858,0.64
1789385874,674971364,kinect1_rgb_optical_frame,-0.04807714285714286,0.1515342857142857,0.639
1789385874,784474424,kinect1_rgb_optical_frame,-0.04807714285714286,0.1515342857142857,0.639
1789385874,893929345,kinect1_rgb_optical_frame,-0.04807714285714286,0.15031714285714284,0.639
1789385875,264661,kinect1_rgb_optical_frame,-0.04807714285714286,0.1515342857142857,0.639
1789385875,108102490,kinect1_rgb_optical_frame,-0.046933333333333334,0.15177142857142858,0.64
1789385875,217812644,kinect1_rgb_optical_frame,-0.046860000000000006,0.15031714285714284,0.639
1789385875,326681578,kinect1_rgb_optical_frame,-0.04807714285714286,0.1515342857142857,0.639
1789385875,438021419,kinect1_rgb_optical_frame,-0.04807714285714286,0.1515342857142857,0.639
1789385875,545317189,kinect1_rgb_optical_frame,-0.046860000000000006,0.1515342857142857,0.639
1789385875,653896251,kinect1_rgb_optical_frame,-0.04800190476190476,0.15129714285714285,0.638
1789385875,760270008,kinect1_rgb_optical_frame,-0.04807714285714286,0.15031714285714284,0.639
1789385875,868655201,kinect1_rgb_optical_frame,-0.046860000000000006,0.15031714285714284,0.639
1789385875,975179194,kinect1_rgb_optical_frame,-0.04807714285714286,0.15031714285714284,0.639
1789385876,86771155,kinect1_rgb_optical_frame,-0.04807714285714286,0.1515342857142857,0.639
1789385876,192940803,kinect1_rgb_optical_frame,-0.04807714285714286,0.15031714285714284,0.639
1789385876,300590882,kinect1_rgb_optical_frame,-0.04807714285714286,0.15031714285714284,0.639
1789385876,406722690,kinect1_rgb_optical_frame,-0.04807714285714286,0.15031714285714284,0.639
1789385876,514031872,kinect1_rgb_optical_frame,-0.04815238095238095,0.15055238095238097,0.64
1789385876,626823871,kinect1_rgb_optical_frame,-0.04815238095238095,0.15177142857142858,0.64
1789385876,730925656,kinect1_rgb_optical_frame,-0.04815238095238095,0.15055238095238097,0.64
1789385876,839476392,kinect1_rgb_optical_frame,-0.046860000000000006,0.1515342857142857,0.639
1789385876,950479769,kinect1_rgb_optical_frame,-0.046860000000000006,0.1515342857142857,0.639
1789385877,62049865,kinect1_rgb_optical_frame,-0.04807714285714286,0.1515342857142857,0.639
1789385877,170492758,kinect1_rgb_optical_frame,-0.04807714285714286,0.15031714285714284,0.639
1789385877,276346987,kinect1_rgb_optical_frame,-0.046860000000000006,0.15031714285714284,0.639
1789385877,381776327,kinect1_rgb_optical_frame,-0.04815238095238095,0.15055238095238097,0.64
1789385877,492013205,kinect1_rgb_optical_frame,-0.04807714285714286,0.15031714285714284,0.639
1789385877,597222519,kinect1_rgb_optical_frame,-0.04807714285714286,0.15031714285714284,0.639
1789385877,705462124,kinect1_rgb_optical_frame,-0.04807714285714286,0.15031714285714284,0.639
1789385877,813301929,kinect1_rgb_optical_frame,-0.04807714285714286,0.15031714285714284,0.639
1789385877,921130878,kinect1_rgb_optical_frame,-0.04807714285714286,0.15031714285714284,0.639
1789385878,27252638,kinect1_rgb_optical_frame,-0.04815238095238095,0.15055238095238097,0.64
1789385878,136075920,kinect1_rgb_optical_frame,-0.04807714285714286,0.15031714285714284,0.639
1789385878,247264416,kinect1_rgb_optical_frame,-0.046933333333333334,0.15055238095238097,0.64
1789385878,356595608,kinect1_rgb_optical_frame,-0.04815238095238095,0.15055238095238097,0.64
1789385878,463775705,kinect1_rgb_optical_frame,-0.04822761904761905,0.15078761904761906,0.641
1789385878,571198051,kinect1_rgb_optical_frame,-0.04807714285714286,0.15031714285714284,0.639
1789385878,677657321,kinect1_rgb_optical_frame,-0.04815238095238095,0.15055238095238097,0.64
1789385878,786252908,kinect1_rgb_optical_frame,-0.04807714285714286,0.15031714285714284,0.639
1789385878,892622214,kinect1_rgb_optical_frame,-0.04815238095238095,0.15055238095238097,0.64
1789385879,2553891,kinect1_rgb_optical_frame,-0.04807714285714286,0.15031714285714284,0.639
1789385879,111362418,kinect1_rgb_optical_frame,-0.04815238095238095,0.15055238095238097,0.64
1789385879,221228575,kinect1_rgb_optical_frame,-0.04700666666666667,0.15078761904761906,0.641
1789385879,327954040,kinect1_rgb_optical_frame,-0.046860000000000006,0.15031714285714284,0.639
1789385879,436305780,kinect1_rgb_optical_frame,-0.04807714285714286,0.15031714285714284,0.639
1789385879,544230160,kinect1_rgb_optical_frame,-0.04700666666666667,0.15078761904761906,0.641
1789385879,654442800,kinect1_rgb_optical_frame,-0.04815238095238095,0.15055238095238097,0.64
1789385879,762639986,kinect1_rgb_optical_frame,-0.04830285714285715,0.15102285714285715,0.642
1789385879,871583883,kinect1_rgb_optical_frame,-0.04830285714285715,0.15102285714285715,0.642
1789385879,980531180,kinect1_rgb_optical_frame,-0.046860000000000006,0.15031714285714284,0.639
1789385880,86863255,kinect1_rgb_optical_frame,-0.046933333333333334,0.15055238095238097,0.64
1789385880,195891742,kinect1_rgb_optical_frame,-0.04815238095238095,0.15055238095238097,0.64
1789385880,304602646,kinect1_rgb_optical_frame,-0.04815238095238095,0.15055238095238097,0.64
1789385880,413941051,kinect1_rgb_optical_frame,-0.04807714285714286,0.1491,0.639
1789385880,521361484,kinect1_rgb_optical_frame,-0.04664,0.1484,0.636
1789385880,625851906,kinect1_rgb_optical_frame,-0.04777619047619047,0.14937619047619047,0.635
1789385880,733988966,kinect1_rgb_optical_frame,-0.04656666666666667,0.14937619047619047,0.635
1789385880,839875495,kinect1_rgb_optical_frame,-0.04785142857142857,0.1496114285714286,0.636
1789385880,948838753,kinect1_rgb_optical_frame,-0.048985714285714285,0.1505857142857143,0.635
1789385881,56627956,kinect1_rgb_optical_frame,-0.048985714285714285,0.14937619047619047,0.635
1789385881,164449392,kinect1_rgb_optical_frame,-0.048985714285714285,0.14937619047619047,0.635
1789385881,272859145,kinect1_rgb_optical_frame,-0.04785142857142857,0.1496114285714286,0.636
1789385881,382310133,kinect1_rgb_optical_frame,-0.04785142857142857,0.1496114285714286,0.636
1789385881,491888805,kinect1_rgb_optical_frame,-0.04785142857142857,0.1496114285714286,0.636
1789385881,601558489,kinect1_rgb_optical_frame,-0.04921714285714286,0.15008190476190478,0.638
1789385881,705554024,kinect1_rgb_optical_frame,-0.049062857142857144,0.1496114285714286,0.636
1789385881,813904074,kinect1_rgb_optical_frame,-0.04777619047619047,0.14937619047619047,0.635
1789385881,924600935,kinect1_rgb_optical_frame,-0.04785142857142857,0.1496114285714286,0.636
1789385882,32449345,kinect1_rgb_optical_frame,-0.04785142857142857,0.1496114285714286,0.636
1789385882,144599598,kinect1_rgb_optical_frame,-0.04785142857142857,0.1496114285714286,0.636
1789385882,252635922,kinect1_rgb_optical_frame,-0.04807714285714286,0.15031714285714284,0.639
1789385882,362639232,kinect1_rgb_optical_frame,-0.04800190476190476,0.15008190476190478,0.638
1789385882,471161080,kinect1_rgb_optical_frame,-0.04800190476190476,0.15008190476190478,0.638
1789385882,576848489,kinect1_rgb_optical_frame,-0.04800190476190476,0.15008190476190478,0.638
1789385882,684990416,kinect1_rgb_optical_frame,-0.04785142857142857,0.1496114285714286,0.636
1789385882,791527568,kinect1_rgb_optical_frame,-0.04777619047619047,0.1505857142857143,0.635
1789385882,899100653,kinect1_rgb_optical_frame,-0.04664,0.15082285714285715,0.636
1789385883,5417666,kinect1_rgb_optical_frame,-0.04664,0.15082285714285715,0.636
1789385883,113363837,kinect1_rgb_optical_frame,-0.04664,0.15082285714285715,0.636
1789385883,221957588,kinect1_rgb_optical_frame,-0.046786666666666664,0.15129714285714285,0.638
1789385883,325532179,kinect1_rgb_optical_frame,-0.046786666666666664,0.15129714285714285,0.638
1789385883,429494832,kinect1_rgb_optical_frame,-0.046786666666666664,0.15129714285714285,0.638
1789385883,531512540,kinect1_rgb_optical_frame,-0.04664,0.15082285714285715,0.636
1789385883,637248309,kinect1_rgb_optical_frame,-0.046786666666666664,0.15129714285714285,0.638
1789385883,744546216,kinect1_rgb_optical_frame,-0.04664,0.15082285714285715,0.636
1789385883,854655200,kinect1_rgb_optical_frame,-0.04664,0.15082285714285715,0.636
1789385883,962454259,kinect1_rgb_optical_frame,-0.04656666666666667,0.1505857142857143,0.635
1789385884,69103734,kinect1_rgb_optical_frame,-0.046786666666666664,0.15129714285714285,0.638
1789385884,178123074,kinect1_rgb_optical_frame,-0.046786666666666664,0.15129714285714285,0.638
1789385884,287763790,kinect1_rgb_optical_frame,-0.046786666666666664,0.15129714285714285,0.638
1789385884,399886556,kinect1_rgb_optical_frame,-0.046786666666666664,0.15129714285714285,0.638
1789385884,505669568,kinect1_rgb_optical_frame,-0.046786666666666664,0.15129714285714285,0.638
1789385884,612715431,kinect1_rgb_optical_frame,-0.046786666666666664,0.15008190476190478,0.638
1789385884,717667851,kinect1_rgb_optical_frame,-0.045571428571428575,0.15129714285714285,0.638
1789385884,827485273,kinect1_rgb_optical_frame,-0.045642857142857145,0.1515342857142857,0.639
1789385884,933434694,kinect1_rgb_optical_frame,-0.045571428571428575,0.15129714285714285,0.638
1789385885,44229439,kinect1_rgb_optical_frame,-0.045642857142857145,0.1515342857142857,0.639
1789385885,151323989,kinect1_rgb_optical_frame,-0.045642857142857145,0.1515342857142857,0.639
1789385885,261418389,kinect1_rgb_optical_frame,-0.04578571428571429,0.15078761904761906,0.641
1789385885,370103253,kinect1_rgb_optical_frame,-0.045642857142857145,0.15031714285714284,0.639
1789385885,476117908,kinect1_rgb_optical_frame,-0.045714285714285714,0.15055238095238097,0.64
1789385885,581658784,kinect1_rgb_optical_frame,-0.046860000000000006,0.15031714285714284,0.639
1789385885,691587995,kinect1_rgb_optical_frame,-0.045642857142857145,0.15031714285714284,0.639
1789385885,801001547,kinect1_rgb_optical_frame,-0.045642857142857145,0.15031714285714284,0.639
1789385885,909546835,kinect1_rgb_optical_frame,-0.04578571428571429,0.14956666666666668,0.641
1789385886,17165155,kinect1_rgb_optical_frame,-0.046860000000000006,0.15031714285714284,0.639
1789385886,122661688,kinect1_rgb_optical_frame,-0.045642857142857145,0.15031714285714284,0.639
1789385886,229736677,kinect1_rgb_optical_frame,-0.045642857142857145,0.15031714285714284,0.639
1789385886,332825715,kinect1_rgb_optical_frame,-0.045571428571428575,0.15008190476190478,0.638
1789385886,445870134,kinect1_rgb_optical_frame,-0.045571428571428575,0.15008190476190478,0.638
1789385886,555296315,kinect1_rgb_optical_frame,-0.045642857142857145,0.15031714285714284,0.639
1789385886,667070199,kinect1_rgb_optical_frame,-0.045714285714285714,0.15055238095238097,0.64
1789385886,776041421,kinect1_rgb_optical_frame,-0.045642857142857145,0.15031714285714284,0.639
1789385886,884680960,kinect1_rgb_optical_frame,-0.045642857142857145,0.15031714285714284,0.639
1789385886,996860254,kinect1_rgb_optical_frame,-0.045642857142857145,0.15031714285714284,0.639
1789385887,106683715,kinect1_rgb_optical_frame,-0.045642857142857145,0.1515342857142857,0.639
1789385887,217883995,kinect1_rgb_optical_frame,-0.045642857142857145,0.1515342857142857,0.639
1789385887,320999456,kinect1_rgb_optical_frame,-0.044495238095238095,0.15177142857142858,0.64
1789385887,429059612,kinect1_rgb_optical_frame,-0.045642857142857145,0.1515342857142857,0.639
1789385887,535037087,kinect1_rgb_optical_frame,-0.045642857142857145,0.1515342857142857,0.639
1789385887,642735156,kinect1_rgb_optical_frame,-0.044425714285714284,0.15031714285714284,0.639
1789385887,748743332,kinect1_rgb_optical_frame,-0.04578571428571429,0.15078761904761906,0.641
1789385887,856798366,kinect1_rgb_optical_frame,-0.045642857142857145,0.1515342857142857,0.639
1789385887,963534382,kinect1_rgb_optical_frame,-0.044495238095238095,0.15055238095238097,0.64
1789385888,70410932,kinect1_rgb_optical_frame,-0.044495238095238095,0.15055238095238097,0.64
1789385888,178596687,kinect1_rgb_optical_frame,-0.044564761904761906,0.15078761904761906,0.641
1789385888,286949968,kinect1_rgb_optical_frame,-0.044425714285714284,0.1515342857142857,0.639
1789385888,397872474,kinect1_rgb_optical_frame,-0.045642857142857145,0.1515342857142857,0.639
1789385888,503985543,kinect1_rgb_optical_frame,-0.044495238095238095,0.15177142857142858,0.64
1789385888,614354683,kinect1_rgb_optical_frame,-0.044425714285714284,0.1515342857142857,0.639
1789385888,720094985,kinect1_rgb_optical_frame,-0.044425714285714284,0.1515342857142857,0.639
1789385888,829313272,kinect1_rgb_optical_frame,-0.044425714285714284,0.1515342857142857,0.639
1789385888,937835087,kinect1_rgb_optical_frame,-0.044495238095238095,0.15177142857142858,0.64
1789385889,44488057,kinect1_rgb_optical_frame,-0.044425714285714284,0.1527514285714286,0.639
1789385889,150478027,kinect1_rgb_optical_frame,-0.044425714285714284,0.1515342857142857,0.639
1789385889,258831233,kinect1_rgb_optical_frame,-0.044495238095238095,0.15177142857142858,0.64
1789385889,364749053,kinect1_rgb_optical_frame,-0.044495238095238095,0.15177142857142858,0.64
1789385889,473312349,kinect1_rgb_optical_frame,-0.044425714285714284,0.1515342857142857,0.639
1789385889,579699957,kinect1_rgb_optical_frame,-0.044425714285714284,0.1515342857142857,0.639
1789385889,692292779,kinect1_rgb_optical_frame,-0.044425714285714284,0.1515342857142857,0.639
1789385889,805500278,kinect1_rgb_optical_frame,-0.04320857142857143,0.1515342857142857,0.639
1789385889,918783120,kinect1_rgb_optical_frame,-0.043276190476190475,0.1529904761904762,0.64
1789385890,24609384,kinect1_rgb_optical_frame,-0.04320857142857143,0.1515342857142857,0.639
1789385890,133673058,kinect1_rgb_optical_frame,-0.04320857142857143,0.1515342857142857,0.639
1789385890,237761526,kinect1_rgb_optical_frame,-0.04334380952380953,0.15200857142857144,0.641
1789385890,343838115,kinect1_rgb_optical_frame,-0.04320857142857143,0.1515342857142857,0.639
1789385890,452021326,kinect1_rgb_optical_frame,-0.04334380952380953,0.15200857142857144,0.641
1789385890,558737417,kinect1_rgb_optical_frame,-0.04334380952380953,0.15200857142857144,0.641
1789385890,665635670,kinect1_rgb_optical_frame,-0.04334380952380953,0.15200857142857144,0.641
1789385890,772852728,kinect1_rgb_optical_frame,-0.04334380952380953,0.15200857142857144,0.641
1789385890,880531980,kinect1_rgb_optical_frame,-0.04334380952380953,0.15200857142857144,0.641
1789385890,990179060,kinect1_rgb_optical_frame,-0.04334380952380953,0.15200857142857144,0.641
1789385891,96288992,kinect1_rgb_optical_frame,-0.04334380952380953,0.15200857142857144,0.641
1789385891,207725488,kinect1_rgb_optical_frame,-0.043276190476190475,0.1529904761904762,0.64
1789385891,313888453,kinect1_rgb_optical_frame,-0.04334380952380953,0.15200857142857144,0.641
1789385891,420403246,kinect1_rgb_optical_frame,-0.043276190476190475,0.15177142857142858,0.64
1789385891,525464256,kinect1_rgb_optical_frame,-0.043276190476190475,0.15177142857142858,0.64
1789385891,632695579,kinect1_rgb_optical_frame,-0.043276190476190475,0.1529904761904762,0.64
1789385891,740925543,kinect1_rgb_optical_frame,-0.04205714285714286,0.1529904761904762,0.64
1789385891,848349611,kinect1_rgb_optical_frame,-0.04341142857142857,0.1522457142857143,0.642
1789385891,957611176,kinect1_rgb_optical_frame,-0.043276190476190475,0.15177142857142858,0.64
1789385892,66627848,kinect1_rgb_optical_frame,-0.043276190476190475,0.15177142857142858,0.64
1789385892,172324396,kinect1_rgb_optical_frame,-0.04205714285714286,0.15177142857142858,0.64
1789385892,279802965,kinect1_rgb_optical_frame,-0.04205714285714286,0.15177142857142858,0.64
1789385892,391075139,kinect1_rgb_optical_frame,-0.04205714285714286,0.15177142857142858,0.64
1789385892,499145439,kinect1_rgb_optical_frame,-0.04334380952380953,0.15200857142857144,0.641
1789385892,610705856,kinect1_rgb_optical_frame,-0.04320857142857143,0.1515342857142857,0.639
1789385892,722487896,kinect1_rgb_optical_frame,-0.043276190476190475,0.15177142857142858,0.64
1789385892,828229472,kinect1_rgb_optical_frame,-0.043276190476190475,0.15177142857142858,0.64
1789385892,935196579,kinect1_rgb_optical_frame,-0.04212285714285714,0.1532295238095238,0.641
1789385893,43456002,kinect1_rgb_optical_frame,-0.04205714285714286,0.1529904761904762,0.64
1789385893,147552689,kinect1_rgb_optical_frame,-0.04205714285714286,0.15177142857142858,0.64
1789385893,254472806,kinect1_rgb_optical_frame,-0.04334380952380953,0.15200857142857144,0.641
1789385893,362142030,kinect1_rgb_optical_frame,-0.04334380952380953,0.15200857142857144,0.641
1789385893,470272087,kinect1_rgb_optical_frame,-0.04334380952380953,0.1532295238095238,0.641
1789385893,581811334,kinect1_rgb_optical_frame,-0.04212285714285714,0.1532295238095238,0.641
1789385893,687846728,kinect1_rgb_optical_frame,-0.04212285714285714,0.15200857142857144,0.641
1789385893,795604589,kinect1_rgb_optical_frame,-0.04205714285714286,0.15177142857142858,0.64
1789385893,903816024,kinect1_rgb_optical_frame,-0.041991428571428575,0.1527514285714286,0.639
1789385894,16540748,kinect1_rgb_optical_frame,-0.04205714285714286,0.15177142857142858,0.64
1789385894,129323863,kinect1_rgb_optical_frame,-0.04334380952380953,0.15078761904761906,0.641
1789385894,235639146,kinect1_rgb_optical_frame,-0.044495238095238095,0.15055238095238097,0.64
1789385894,342570760,kinect1_rgb_optical_frame,-0.044425714285714284,0.15031714285714284,0.639
1789385894,449368083,kinect1_rgb_optical_frame,-0.044495238095238095,0.15055238095238097,0.64
1789385894,559413129,kinect1_rgb_optical_frame,-0.044495238095238095,0.15055238095238097,0.64
1789385894,673334102,kinect1_rgb_optical_frame,-0.04334380952380953,0.15078761904761906,0.641
1789385894,780007486,kinect1_rgb_optical_frame,-0.045714285714285714,0.14811428571428573,0.64
1789385894,887219325,kinect1_rgb_optical_frame,-0.04845333333333334,0.14413333333333334,0.644
1789385895,44905,kinect1_rgb_optical_frame,-0.05598666666666667,0.14212,0.646
1789385895,106754923,kinect1_rgb_optical_frame,-0.06004761904761905,0.14052380952380952,0.65
1789385895,217254419,kinect1_rgb_optical_frame,-0.06281238095238095,0.13619714285714285,0.653
1789385895,326047088,kinect1_rgb_optical_frame,-0.0658,0.13348,0.658
1789385895,434312345,kinect1_rgb_optical_frame,-0.06830666666666667,0.13348,0.658
1789385895,538883969,kinect1_rgb_optical_frame,-0.06977142857142858,0.1338857142857143,0.66
1789385895,643434145,kinect1_rgb_optical_frame,-0.07124380952380951,0.13429142857142856,0.662
1789385895,747754978,kinect1_rgb_optical_frame,-0.07124380952380951,0.1330304761904762,0.662
1789385895,855344537,kinect1_rgb_optical_frame,-0.06998285714285714,0.1330304761904762,0.662
1789385895,963667348,kinect1_rgb_optical_frame,-0.07008857142857143,0.13196857142857144,0.663
1789385896,74799908,kinect1_rgb_optical_frame,-0.07008857142857143,0.13323142857142858,0.663
1789385896,185649710,kinect1_rgb_optical_frame,-0.07008857142857143,0.13196857142857144,0.663
1789385896,292543722,kinect1_rgb_optical_frame,-0.0704057142857143,0.13129714285714286,0.666
1789385896,398885187,kinect1_rgb_optical_frame,-0.07051142857142857,0.13022380952380955,0.667
1789385896,504784499,kinect1_rgb_optical_frame,-0.07051142857142857,0.13149428571428573,0.667
1789385896,614282297,kinect1_rgb_optical_frame,-0.07051142857142857,0.13149428571428573,0.667
1789385896,726409283,kinect1_rgb_optical_frame,-0.07199714285714287,0.13188857142857144,0.669
1789385896,832546020,kinect1_rgb_optical_frame,-0.07072285714285714,0.13188857142857144,0.669
1789385896,940706154,kinect1_rgb_optical_frame,-0.07210476190476191,0.13208571428571428,0.67
1789385897,47727569,kinect1_rgb_optical_frame,-0.07072285714285714,0.13188857142857144,0.669
1789385897,154521820,kinect1_rgb_optical_frame,-0.07082857142857144,0.1308095238095238,0.67
1789385897,261431557,kinect1_rgb_optical_frame,-0.07199714285714287,0.13316285714285714,0.669
1789385897,373691240,kinect1_rgb_optical_frame,-0.07210476190476191,0.13208571428571428,0.67
1789385897,480762236,kinect1_rgb_optical_frame,-0.07210476190476191,0.13336190476190476,0.67
1789385897,587022293,kinect1_rgb_optical_frame,-0.07072285714285714,0.13316285714285714,0.669
1789385897,694290124,kinect1_rgb_optical_frame,-0.07210476190476191,0.13336190476190476,0.67
1789385897,803128871,kinect1_rgb_optical_frame,-0.07199714285714287,0.13316285714285714,0.669
1789385897,913085955,kinect1_rgb_optical_frame,-0.07199714285714287,0.13316285714285714,0.669
1789385898,21048366,kinect1_rgb_optical_frame,-0.07072285714285714,0.13316285714285714,0.669
1789385898,129673880,kinect1_rgb_optical_frame,-0.06955238095238095,0.13336190476190476,0.67
1789385898,240658891,kinect1_rgb_optical_frame,-0.07072285714285714,0.13316285714285714,0.669
1789385898,351466657,kinect1_rgb_optical_frame,-0.06944857142857143,0.13188857142857144,0.669
1789385898,458799029,kinect1_rgb_optical_frame,-0.06955238095238095,0.13208571428571428,0.67
1789385898,566301483,kinect1_rgb_optical_frame,-0.067,0.1359142857142857,0.67
1789385898,675619958,kinect1_rgb_optical_frame,-0.06572380952380953,0.13463809523809525,0.67
1789385898,785774561,kinect1_rgb_optical_frame,-0.0656257142857143,0.13443714285714287,0.669
1789385898,894113979,kinect1_rgb_optical_frame,-0.067,0.13336190476190476,0.67
1789385899,2631898,kinect1_rgb_optical_frame,-0.067,0.13463809523809525,0.67
1789385899,110567291,kinect1_rgb_optical_frame,-0.06868380952380954,0.13287428571428572,0.674
1789385899,215978869,kinect1_rgb_optical_frame,-0.07007142857142858,0.1330714285714286,0.675
1789385899,320534033,kinect1_rgb_optical_frame,-0.07038285714285715,0.13108,0.678
1789385899,428122048,kinect1_rgb_optical_frame,-0.07307333333333334,0.1325666666666667,0.679
1789385899,535139769,kinect1_rgb_optical_frame,-0.07318095238095239,0.13535238095238095,0.68
1789385899,647342892,kinect1_rgb_optical_frame,-0.07610571428571429,0.13464857142857142,0.683
1789385899,757131585,kinect1_rgb_optical_frame,-0.07610571428571429,0.13464857142857142,0.683
1789385899,866683881,kinect1_rgb_optical_frame,-0.07610571428571429,0.13334761904761905,0.683
1789385899,975609453,kinect1_rgb_optical_frame,-0.07599428571428572,0.13315238095238097,0.682
1789385900,81864178,kinect1_rgb_optical_frame,-0.0746952380952381,0.13315238095238097,0.682
1789385900,188514791,kinect1_rgb_optical_frame,-0.0746952380952381,0.13315238095238097,0.682
1789385900,299627982,kinect1_rgb_optical_frame,-0.0748047619047619,0.13204666666666667,0.683
1789385900,407396903,kinect1_rgb_optical_frame,-0.07447619047619047,0.13276190476190478,0.68
1789385900,514018907,kinect1_rgb_optical_frame,-0.07350380952380953,0.13204666666666667,0.683
1789385900,622020975,kinect1_rgb_optical_frame,-0.07447619047619047,0.13405714285714287,0.68
1789385900,731791418,kinect1_rgb_optical_frame,-0.07318095238095239,0.13276190476190478,0.68
1789385900,838873371,kinect1_rgb_optical_frame,-0.07447619047619047,0.13276190476190478,0.68
1789385900,945140693,kinect1_rgb_optical_frame,-0.07447619047619047,0.13405714285714287,0.68
1789385901,51965961,kinect1_rgb_optical_frame,-0.07339619047619048,0.13315238095238097,0.682
1789385901,159222227,kinect1_rgb_optical_frame,-0.07318095238095239,0.13405714285714287,0.68
1789385901,266913360,kinect1_rgb_optical_frame,-0.07318095238095239,0.13405714285714287,0.68
1789385901,378272025,kinect1_rgb_optical_frame,-0.07318095238095239,0.13405714285714287,0.68
1789385901,491271568,kinect1_rgb_optical_frame,-0.07318095238095239,0.13405714285714287,0.68
1789385901,602398765,kinect1_rgb_optical_frame,-0.07318095238095239,0.13405714285714287,0.68
1789385901,709405922,kinect1_rgb_optical_frame,-0.07188571428571429,0.13405714285714287,0.68
1789385901,817812016,kinect1_rgb_optical_frame,-0.07178,0.13515333333333335,0.679
1789385901,927626874,kinect1_rgb_optical_frame,-0.07339619047619048,0.13445142857142858,0.682
1789385902,38885951,kinect1_rgb_optical_frame,-0.07339619047619048,0.13445142857142858,0.682
1789385902,148447912,kinect1_rgb_optical_frame,-0.07339619047619048,0.13445142857142858,0.682
1789385902,256517460,kinect1_rgb_optical_frame,-0.07339619047619048,0.13445142857142858,0.682
1789385902,363078599,kinect1_rgb_optical_frame,-0.07339619047619048,0.13445142857142858,0.682
1789385902,470022610,kinect1_rgb_optical_frame,-0.07318095238095239,0.13405714285714287,0.68
1789385902,576037343,kinect1_rgb_optical_frame,-0.07209714285714287,0.13445142857142858,0.682
1789385902,690877531,kinect1_rgb_optical_frame,-0.07188571428571429,0.13405714285714287,0.68
1789385902,798520772,kinect1_rgb_optical_frame,-0.07188571428571429,0.13405714285714287,0.68
1789385902,909525107,kinect1_rgb_optical_frame,-0.07209714285714287,0.13445142857142858,0.682
1789385903,17358565,kinect1_rgb_optical_frame,-0.07209714285714287,0.13445142857142858,0.682
1789385903,125046867,kinect1_rgb_optical_frame,-0.07209714285714287,0.13445142857142858,0.682
1789385903,233816823,kinect1_rgb_optical_frame,-0.07178,0.13515333333333335,0.679
1789385903,344496580,kinect1_rgb_optical_frame,-0.07079809523809524,0.13445142857142858,0.682
1789385903,453746423,kinect1_rgb_optical_frame,-0.07079809523809524,0.13445142857142858,0.682
1789385903,562672125,kinect1_rgb_optical_frame,-0.07079809523809524,0.13445142857142858,0.682
1789385903,669923094,kinect1_rgb_optical_frame,-0.07188571428571429,0.13405714285714287,0.68
1789385903,782439736,kinect1_rgb_optical_frame,-0.07178,0.13644666666666666,0.679
1789385903,890351380,kinect1_rgb_optical_frame,-0.07188571428571429,0.13535238095238095,0.68
1789385903,999211855,kinect1_rgb_optical_frame,-0.07209714285714287,0.13445142857142858,0.682
1789385904,106347915,kinect1_rgb_optical_frame,-0.07188571428571429,0.13535238095238095,0.68
1789385904,217951769,kinect1_rgb_optical_frame,-0.07220285714285715,0.13464857142857142,0.683
1789385904,327252696,kinect1_rgb_optical_frame,-0.07220285714285715,0.13464857142857142,0.683
1789385904,435123897,kinect1_rgb_optical_frame,-0.07178,0.13515333333333335,0.679
1789385904,543663509,kinect1_rgb_optical_frame,-0.07188571428571429,0.13535238095238095,0.68
1789385904,654801301,kinect1_rgb_optical_frame,-0.07188571428571429,0.13535238095238095,0.68
1789385904,766689408,kinect1_rgb_optical_frame,-0.07188571428571429,0.13535238095238095,0.68
1789385904,882620316,kinect1_rgb_optical_frame,-0.07209714285714287,0.1357504761904762,0.682
1789385904,998883231,kinect1_rgb_optical_frame,-0.07188571428571429,0.13535238095238095,0.68
1789385905,107153246,kinect1_rgb_optical_frame,-0.07318095238095239,0.13535238095238095,0.68
1789385905,215473070,kinect1_rgb_optical_frame,-0.07220285714285715,0.13464857142857142,0.683
1789385905,323576797,kinect1_rgb_optical_frame,-0.07188571428571429,0.13535238095238095,0.68
1789385905,433008503,kinect1_rgb_optical_frame,-0.07188571428571429,0.13535238095238095,0.68
1789385905,546893823,kinect1_rgb_optical_frame,-0.07188571428571429,0.13535238095238095,0.68
1789385905,658664878,kinect1_rgb_optical_frame,-0.07209714285714287,0.13445142857142858,0.682
1789385905,771730425,kinect1_rgb_optical_frame,-0.07090190476190476,0.13464857142857142,0.683
1789385905,885550108,kinect1_rgb_optical_frame,-0.06709714285714287,0.13484571428571432,0.684
1789385905,996411021,kinect1_rgb_optical_frame,-0.062066666666666666,0.13654666666666668,0.686
1789385906,105874566,kinect1_rgb_optical_frame,-0.06318857142857143,0.14266285714285717,0.684
1789385906,214145828,kinect1_rgb_optical_frame,-0.06637142857142857,0.13997142857142858,0.69
1789385906,321782188,kinect1_rgb_optical_frame,-0.0691,0.13885809523809522,0.691
1789385906,429635475,kinect1_rgb_optical_frame,-0.07031428571428572,0.13865714285714284,0.69
1789385906,536871613,kinect1_rgb_optical_frame,-0.06534,0.14189999999999997,0.693
1789385906,644559983,kinect1_rgb_optical_frame,-0.05561428571428572,0.14852285714285715,0.687
1789385906,754620597,kinect1_rgb_optical_frame,-0.05261142857142857,0.15263809523809524,0.682
1789385906,861400818,kinect1_rgb_optical_frame,-0.053278095238095236,0.1534152380952381,0.674
1789385906,969839041,kinect1_rgb_optical_frame,-0.052566666666666664,0.15263333333333334,0.665
1789385907,83404487,kinect1_rgb_optical_frame,-0.05485142857142857,0.15068380952380955,0.662
1789385907,200888874,kinect1_rgb_optical_frame,-0.05594285714285714,0.15148571428571428,0.66
1789385907,308992938,kinect1_rgb_optical_frame,-0.05452,0.15228,0.658
1789385907,430006835,kinect1_rgb_optical_frame,-0.05452,0.15228,0.658
1789385907,548855546,kinect1_rgb_optical_frame,-0.05310476190476191,0.15056761904761906,0.656
1789385907,664775076,kinect1_rgb_optical_frame,-0.05568857142857143,0.1482942857142857,0.657
1789385907,773628811,kinect1_rgb_optical_frame,-0.05953333333333334,0.14726666666666666,0.658
1789385907,885571327,kinect1_rgb_optical_frame,-0.06348571428571428,0.14394285714285715,0.66
1789385907,998510424,kinect1_rgb_optical_frame,-0.0665,0.13743333333333335,0.665
1789385908,108404673,kinect1_rgb_optical_frame,-0.07082857142857144,0.13463809523809525,0.67
1789385908,218983549,kinect1_rgb_optical_frame,-0.0725352380952381,0.13544190476190476,0.674
1789385908,329120636,kinect1_rgb_optical_frame,-0.07296571428571429,0.13366285714285714,0.678
1789385908,436433499,kinect1_rgb_optical_frame,-0.07318095238095239,0.13276190476190478,0.68
1789385908,544123917,kinect1_rgb_optical_frame,-0.07599428571428572,0.13315238095238097,0.682
1789385908,654340706,kinect1_rgb_optical_frame,-0.07610571428571429,0.13464857142857142,0.683
1789385908,765051682,kinect1_rgb_optical_frame,-0.07610571428571429,0.13464857142857142,0.683
1789385908,876181586,kinect1_rgb_optical_frame,-0.07740666666666667,0.13464857142857142,0.683
1789385908,985095126,kinect1_rgb_optical_frame,-0.07599428571428572,0.13445142857142858,0.682
1789385909,99005370,kinect1_rgb_optical_frame,-0.07740666666666667,0.13464857142857142,0.683
1789385909,205714135,kinect1_rgb_optical_frame,-0.07729333333333334,0.13445142857142858,0.682
1789385909,314795424,kinect1_rgb_optical_frame,-0.07729333333333334,0.1357504761904762,0.682
1789385909,426576789,kinect1_rgb_optical_frame,-0.07740666666666667,0.13464857142857142,0.683
1789385909,534682026,kinect1_rgb_optical_frame,-0.07621714285714286,0.13354285714285713,0.684
1789385909,642849564,kinect1_rgb_optical_frame,-0.07740666666666667,0.13464857142857142,0.683
1789385909,745891354,kinect1_rgb_optical_frame,-0.07621714285714286,0.13354285714285713,0.684
1789385909,857298373,kinect1_rgb_optical_frame,-0.07752,0.13484571428571432,0.684
1789385909,969879209,kinect1_rgb_optical_frame,-0.07621714285714286,0.13354285714285713,0.684
1789385910,81970045,kinect1_rgb_optical_frame,-0.07610571428571429,0.13464857142857142,0.683
1789385910,190157023,kinect1_rgb_optical_frame,-0.07610571428571429,0.13464857142857142,0.683
1789385910,295881886,kinect1_rgb_optical_frame,-0.07610571428571429,0.13334761904761905,0.683
1789385910,407516651,kinect1_rgb_optical_frame,-0.07621714285714286,0.13354285714285713,0.684
1789385910,515555298,kinect1_rgb_optical_frame,-0.07610571428571429,0.13334761904761905,0.683
1789385910,626084131,kinect1_rgb_optical_frame,-0.0748047619047619,0.13334761904761905,0.683
1789385910,734431864,kinect1_rgb_optical_frame,-0.0746952380952381,0.13445142857142858,0.682
1789385910,842890085,kinect1_rgb_optical_frame,-0.0748047619047619,0.13464857142857142,0.683
1789385910,951800147,kinect1_rgb_optical_frame,-0.0746952380952381,0.13445142857142858,0.682
1789385911,67139136,kinect1_rgb_optical_frame,-0.07350380952380953,0.13464857142857142,0.683
1789385911,177718658,kinect1_rgb_optical_frame,-0.0748047619047619,0.13464857142857142,0.683
1789385911,288136273,kinect1_rgb_optical_frame,-0.07610571428571429,0.13464857142857142,0.683
1789385911,395833304,kinect1_rgb_optical_frame,-0.0748047619047619,0.13464857142857142,0.683
1789385911,502005231,kinect1_rgb_optical_frame,-0.07599428571428572,0.13315238095238097,0.682
1789385911,610467824,kinect1_rgb_optical_frame,-0.07836190476190476,0.13276190476190478,0.68
1789385911,718126506,kinect1_rgb_optical_frame,-0.07824666666666667,0.13386,0.679
1789385911,830551921,kinect1_rgb_optical_frame,-0.08071428571428571,0.13495428571428572,0.678
1789385911,935319246,kinect1_rgb_optical_frame,-0.08176380952380953,0.1319809523809524,0.676
1789385912,39814323,kinect1_rgb_optical_frame,-0.08433904761904763,0.1294057142857143,0.676
1789385912,153576570,kinect1_rgb_optical_frame,-0.08421428571428573,0.1305,0.675
1789385912,265336252,kinect1_rgb_optical_frame,-0.08329714285714286,0.12978857142857145,0.678
1789385912,383482820,kinect1_rgb_optical_frame,-0.08354285714285715,0.1288761904761905,0.68
1789385912,498739638,kinect1_rgb_optical_frame,-0.08354285714285715,0.13017142857142858,0.68
1789385912,607090797,kinect1_rgb_optical_frame,-0.08224761904761904,0.1288761904761905,0.68
1789385912,715993376,kinect1_rgb_optical_frame,-0.0813095238095238,0.1307457142857143,0.683
1789385912,823228425,kinect1_rgb_optical_frame,-0.07740666666666667,0.13334761904761905,0.683
1789385912,931264665,kinect1_rgb_optical_frame,-0.0748047619047619,0.13464857142857142,0.683
1789385913,40214264,kinect1_rgb_optical_frame,-0.07339619047619048,0.1357504761904762,0.682
1789385913,155741119,kinect1_rgb_optical_frame,-0.0725352380952381,0.13672571428571428,0.674
1789385913,262907095,kinect1_rgb_optical_frame,-0.07125142857142858,0.13287428571428572,0.674
1789385913,372616770,kinect1_rgb_optical_frame,-0.06909142857142858,0.13366285714285714,0.678
1789385913,486068205,kinect1_rgb_optical_frame,-0.07059047619047619,0.13405714285714287,0.68
1789385913,588676142,kinect1_rgb_optical_frame,-0.07220285714285715,0.13334761904761905,0.683
1789385913,691365490,kinect1_rgb_optical_frame,-0.0748047619047619,0.13204666666666667,0.683
1789385913,800162833,kinect1_rgb_optical_frame,-0.07599428571428572,0.13185333333333332,0.682
1789385913,905835744,kinect1_rgb_optical_frame,-0.07824666666666667,0.13127333333333335,0.679
1789385914,14122213,kinect1_rgb_optical_frame,-0.08071428571428571,0.12849714285714287,0.678
1789385914,120312145,kinect1_rgb_optical_frame,-0.08152190476190477,0.12902285714285716,0.674
1789385914,226580835,kinect1_rgb_optical_frame,-0.08408952380952382,0.12902285714285716,0.674
1789385914,333198006,kinect1_rgb_optical_frame,-0.0855,0.12921428571428573,0.675
1789385914,449198759,kinect1_rgb_optical_frame,-0.08665714285714286,0.13030666666666668,0.674
1789385914,555337256,kinect1_rgb_optical_frame,-0.08665714285714286,0.12902285714285716,0.674
1789385914,660243411,kinect1_rgb_optical_frame,-0.08665714285714286,0.1315904761904762,0.674
1789385914,768272443,kinect1_rgb_optical_frame,-0.08384000000000001,0.1312,0.672
1789385914,874611464,kinect1_rgb_optical_frame,-0.08384000000000001,0.1312,0.672
1789385914,979261669,kinect1_rgb_optical_frame,-0.08537333333333334,0.13030666666666668,0.674
1789385915,84562051,kinect1_rgb_optical_frame,-0.0837152380952381,0.1310047619047619,0.671
1789385915,195123334,kinect1_rgb_optical_frame,-0.08512,0.12992,0.672
1789385915,300911704,kinect1_rgb_optical_frame,-0.0837152380952381,0.12972666666666668,0.671
1789385915,409698349,kinect1_rgb_optical_frame,-0.0837152380952381,0.12972666666666668,0.671
1789385915,516435680,kinect1_rgb_optical_frame,-0.08537333333333334,0.1315904761904762,0.674
1789385915,624504144,kinect1_rgb_optical_frame,-0.08384000000000001,0.1312,0.672
1789385915,734228266,kinect1_rgb_optical_frame,-0.08512,0.1312,0.672
1789385915,845631143,kinect1_rgb_optical_frame,-0.08512,0.12992,0.672
1789385915,953570167,kinect1_rgb_optical_frame,-0.08512,0.1312,0.672
1789385916,60361632,kinect1_rgb_optical_frame,-0.0834657142857143,0.13188857142857144,0.669
1789385916,168273014,kinect1_rgb_optical_frame,-0.08219142857142857,0.13188857142857144,0.669
1789385916,279955839,kinect1_rgb_optical_frame,-0.08219142857142857,0.13443714285714287,0.669
1789385916,387029651,kinect1_rgb_optical_frame,-0.08091714285714287,0.13443714285714287,0.669
1789385916,493652036,kinect1_rgb_optical_frame,-0.07964285714285714,0.1357114285714286,0.669
1789385916,600303601,kinect1_rgb_optical_frame,-0.07964285714285714,0.13443714285714287,0.669
1789385916,705265272,kinect1_rgb_optical_frame,-0.07976190476190476,0.13463809523809525,0.67
1789385916,813568020,kinect1_rgb_optical_frame,-0.07988095238095239,0.13483904761904764,0.671
1789385916,921254939,kinect1_rgb_optical_frame,-0.07976190476190476,0.13463809523809525,0.67
1789385917,28737243,kinect1_rgb_optical_frame,-0.07976190476190476,0.13463809523809525,0.67
1789385917,136767395,kinect1_rgb_optical_frame,-0.07860285714285714,0.13611714285714285,0.671
1789385917,243746812,kinect1_rgb_optical_frame,-0.0784857142857143,0.1359142857142857,0.67
1789385917,350748064,kinect1_rgb_optical_frame,-0.07836857142857144,0.1357114285714286,0.669
1789385917,457271290,kinect1_rgb_optical_frame,-0.07836857142857144,0.1357114285714286,0.669
1789385917,560605685,kinect1_rgb_optical_frame,-0.07860285714285714,0.13483904761904764,0.671
1789385917,667574766,kinect1_rgb_optical_frame,-0.07964285714285714,0.1357114285714286,0.669
1789385917,774609158,kinect1_rgb_optical_frame,-0.07976190476190476,0.1359142857142857,0.67
1789385917,883466604,kinect1_rgb_optical_frame,-0.07964285714285714,0.1357114285714286,0.669
1789385917,991681106,kinect1_rgb_optical_frame,-0.07860285714285714,0.13611714285714285,0.671
1789385918,98315900,kinect1_rgb_optical_frame,-0.0784857142857143,0.1359142857142857,0.67
1789385918,203859726,kinect1_rgb_optical_frame,-0.0784857142857143,0.1359142857142857,0.67
1789385918,309815387,kinect1_rgb_optical_frame,-0.07732476190476191,0.13611714285714285,0.671
1789385918,414048817,kinect1_rgb_optical_frame,-0.07720952380952381,0.1359142857142857,0.67
1789385918,520240073,kinect1_rgb_optical_frame,-0.07720952380952381,0.13463809523809525,0.67
1789385918,632559940,kinect1_rgb_optical_frame,-0.07720952380952381,0.13463809523809525,0.67
1789385918,744743841,kinect1_rgb_optical_frame,-0.07720952380952381,0.13463809523809525,0.67
1789385918,871131161,kinect1_rgb_optical_frame,-0.07732476190476191,0.1335609523809524,0.671
1789385918,984064293,kinect1_rgb_optical_frame,-0.07732476190476191,0.13483904761904764,0.671
1789385919,95871570,kinect1_rgb_optical_frame,-0.07709428571428571,0.13443714285714287,0.669
1789385919,202553475,kinect1_rgb_optical_frame,-0.07709428571428571,0.13443714285714287,0.669
1789385919,307494936,kinect1_rgb_optical_frame,-0.07720952380952381,0.13463809523809525,0.67
1789385919,412785959,kinect1_rgb_optical_frame,-0.07582,0.13443714285714287,0.669
1789385919,523558780,kinect1_rgb_optical_frame,-0.07593333333333334,0.13463809523809525,0.67
1789385919,632115762,kinect1_rgb_optical_frame,-0.07720952380952381,0.13463809523809525,0.67
1789385919,742593505,kinect1_rgb_optical_frame,-0.07582,0.13443714285714287,0.669
1789385919,848909269,kinect1_rgb_optical_frame,-0.07709428571428571,0.13443714285714287,0.669
1789385919,955360572,kinect1_rgb_optical_frame,-0.07604666666666667,0.1335609523809524,0.671
1789385920,65277965,kinect1_rgb_optical_frame,-0.07593333333333334,0.13336190476190476,0.67
1789385920,173020107,kinect1_rgb_optical_frame,-0.07582,0.13443714285714287,0.669
1789385920,282782041,kinect1_rgb_optical_frame,-0.07582,0.13443714285714287,0.669
1789385920,392031403,kinect1_rgb_optical_frame,-0.07593333333333334,0.13463809523809525,0.67
1789385920,500332342,kinect1_rgb_optical_frame,-0.07593333333333334,0.13463809523809525,0.67
1789385920,609807563,kinect1_rgb_optical_frame,-0.07582,0.1357114285714286,0.669
1789385920,717681819,kinect1_rgb_optical_frame,-0.07593333333333334,0.13463809523809525,0.67
1789385920,826159804,kinect1_rgb_optical_frame,-0.07465714285714285,0.1359142857142857,0.67
1789385920,934328670,kinect1_rgb_optical_frame,-0.07432285714285715,0.1365761904761905,0.667
1789385921,39875687,kinect1_rgb_optical_frame,-0.07432285714285715,0.1365761904761905,0.667
1789385921,146355183,kinect1_rgb_optical_frame,-0.07432285714285715,0.1365761904761905,0.667
1789385921,255842923,kinect1_rgb_optical_frame,-0.07432285714285715,0.1340352380952381,0.667
1789385921,368106672,kinect1_rgb_optical_frame,-0.07510285714285715,0.1315904761904762,0.674
1789385921,477515496,kinect1_rgb_optical_frame,-0.07403809523809525,0.13069333333333333,0.676
1789385921,583552379,kinect1_rgb_optical_frame,-0.07167428571428572,0.12978857142857145,0.678
1789385921,690964050,kinect1_rgb_optical_frame,-0.07059047619047619,0.13146666666666668,0.68
1789385921,799768924,kinect1_rgb_optical_frame,-0.07079809523809524,0.13445142857142858,0.682
1789385921,913690253,kinect1_rgb_optical_frame,-0.0746952380952381,0.13445142857142858,0.682
1789385922,23238577,kinect1_rgb_optical_frame,-0.08083333333333333,0.13386,0.679
1789385922,136047888,kinect1_rgb_optical_frame,-0.08200571428571429,0.13237142857142858,0.678
1789385922,244197720,kinect1_rgb_optical_frame,-0.08458857142857144,0.13108,0.678
1789385922,355304269,kinect1_rgb_optical_frame,-0.08224761904761904,0.13017142857142858,0.68
1789385922,464782459,kinect1_rgb_optical_frame,-0.07870761904761905,0.13334761904761905,0.683
1789385922,573579086,kinect1_rgb_optical_frame,-0.07644,0.13393333333333335,0.686
1789385922,681951907,kinect1_rgb_optical_frame,-0.0741495238095238,0.13320666666666667,0.689
1789385922,788882907,kinect1_rgb_optical_frame,-0.07283714285714285,0.13583142857142858,0.689
1789385922,895240223,kinect1_rgb_optical_frame,-0.07283714285714285,0.13583142857142858,0.689
1789385923,2717999,kinect1_rgb_optical_frame,-0.0741495238095238,0.13583142857142858,0.689
1789385923,112542408,kinect1_rgb_optical_frame,-0.07283714285714285,0.1371438095238095,0.689
1789385923,222098353,kinect1_rgb_optical_frame,-0.0726257142857143,0.13674571428571428,0.687
1789385923,335791423,kinect1_rgb_optical_frame,-0.0726257142857143,0.13674571428571428,0.687
1789385923,444806775,kinect1_rgb_optical_frame,-0.07131714285714287,0.13674571428571428,0.687
1789385923,552760096,kinect1_rgb_optical_frame,-0.06990666666666667,0.13785333333333336,0.686
1789385923,659513983,kinect1_rgb_optical_frame,-0.0686,0.13916000000000003,0.686
1789385923,765914738,kinect1_rgb_optical_frame,-0.07021238095238096,0.1397685714285714,0.689
1789385923,873213461,kinect1_rgb_optical_frame,-0.07162857142857142,0.13734285714285713,0.69
1789385923,980463450,kinect1_rgb_optical_frame,-0.07294285714285713,0.13734285714285713,0.69
1789385924,87862261,kinect1_rgb_optical_frame,-0.0743647619047619,0.13754190476190475,0.691
1789385924,197777563,kinect1_rgb_optical_frame,-0.07458,0.13662,0.693
1789385924,309641240,kinect1_rgb_optical_frame,-0.0743647619047619,0.13622571428571426,0.691
1789385924,420464732,kinect1_rgb_optical_frame,-0.0743647619047619,0.13754190476190475,0.691
1789385924,531040835,kinect1_rgb_optical_frame,-0.07304857142857142,0.13622571428571426,0.691
1789385924,639007663,kinect1_rgb_optical_frame,-0.07304857142857142,0.13754190476190475,0.691
1789385924,748331717,kinect1_rgb_optical_frame,-0.07283714285714285,0.13845619047619045,0.689
1789385924,857452327,kinect1_rgb_optical_frame,-0.07458,0.13793999999999998,0.693
1789385924,965098183,kinect1_rgb_optical_frame,-0.07325999999999999,0.13662,0.693
1789385925,72481033,kinect1_rgb_optical_frame,-0.07304857142857142,0.13754190476190475,0.691
1789385925,180836458,kinect1_rgb_optical_frame,-0.07294285714285713,0.13734285714285713,0.69
1789385925,288041901,kinect1_rgb_optical_frame,-0.07204380952380952,0.13681714285714283,0.694
1789385925,395427796,kinect1_rgb_optical_frame,-0.07062,0.13793999999999998,0.693
1789385925,504657822,kinect1_rgb_optical_frame,-0.07072190476190476,0.1381390476190476,0.694
1789385925,614017479,kinect1_rgb_optical_frame,-0.06939999999999999,0.1381390476190476,0.694
1789385925,725043688,kinect1_rgb_optical_frame,-0.06949999999999999,0.13833809523809523,0.695
1789385925,840974794,kinect1_rgb_optical_frame,-0.06817619047619047,0.13966190476190474,0.695
1789385925,952575026,kinect1_rgb_optical_frame,-0.06817619047619047,0.13833809523809523,0.695
1789385926,60925099,kinect1_rgb_optical_frame,-0.06817619047619047,0.1370142857142857,0.695
1789385926,168408274,kinect1_rgb_optical_frame,-0.06817619047619047,0.13966190476190474,0.695
1789385926,276013892,kinect1_rgb_optical_frame,-0.06817619047619047,0.13833809523809523,0.695
1789385926,383601293,kinect1_rgb_optical_frame,-0.06817619047619047,0.13833809523809523,0.695
1789385926,492475000,kinect1_rgb_optical_frame,-0.06969999999999998,0.13740857142857144,0.697
1789385926,603981220,kinect1_rgb_optical_frame,-0.06949999999999999,0.13833809523809523,0.695
1789385926,710043377,kinect1_rgb_optical_frame,-0.06817619047619047,0.13966190476190474,0.695
1789385926,820364497,kinect1_rgb_optical_frame,-0.06817619047619047,0.13966190476190474,0.695
1789385926,929141651,kinect1_rgb_optical_frame,-0.06817619047619047,0.13833809523809523,0.695
1789385927,36283361,kinect1_rgb_optical_frame,-0.06817619047619047,0.13966190476190474,0.695
1789385927,148269871,kinect1_rgb_optical_frame,-0.06685238095238094,0.13966190476190474,0.695
1789385927,254255609,kinect1_rgb_optical_frame,-0.06817619047619047,0.14098571428571427,0.695
1789385927,360179280,kinect1_rgb_optical_frame,-0.06949999999999999,0.14098571428571427,0.695
1789385927,467640387,kinect1_rgb_optical_frame,-0.06969999999999998,0.14139142857142856,0.697
1789385927,575861080,kinect1_rgb_optical_frame,-0.07082380952380952,0.14098571428571427,0.695
1789385927,686716907,kinect1_rgb_optical_frame,-0.0723552380952381,0.1400638095238095,0.697
1789385927,802423443,kinect1_rgb_optical_frame,-0.0723552380952381,0.13873619047619049,0.697
1789385927,910674326,kinect1_rgb_optical_frame,-0.07082380952380952,0.13966190476190474,0.695
1789385928,19929399,kinect1_rgb_optical_frame,-0.07214761904761904,0.13966190476190474,0.695
1789385928,128361110,kinect1_rgb_optical_frame,-0.07214761904761904,0.13966190476190474,0.695
1789385928,241931807,kinect1_rgb_optical_frame,-0.06939999999999999,0.14078285714285715,0.694
1789385928,361211284,kinect1_rgb_optical_frame,-0.07072190476190476,0.14078285714285715,0.694
1789385928,465688456,kinect1_rgb_optical_frame,-0.07072190476190476,0.14078285714285715,0.694
1789385928,573528598,kinect1_rgb_optical_frame,-0.06939999999999999,0.14078285714285715,0.694
1789385928,678438989,kinect1_rgb_optical_frame,-0.07204380952380952,0.13946095238095238,0.694
1789385928,786841751,kinect1_rgb_optical_frame,-0.07072190476190476,0.13946095238095238,0.694
1789385928,893107991,kinect1_rgb_optical_frame,-0.07062,0.13793999999999998,0.693
1789385928,999883049,kinect1_rgb_optical_frame,-0.07173238095238094,0.13622571428571426,0.691
1789385929,105611794,kinect1_rgb_optical_frame,-0.07162857142857142,0.13734285714285713,0.69
1789385929,211981720,kinect1_rgb_optical_frame,-0.07162857142857142,0.13602857142857142,0.69
1789385929,319317965,kinect1_rgb_optical_frame,-0.06778380952380951,0.13622571428571426,0.691
1789385929,427997829,kinect1_rgb_optical_frame,-0.06515142857142857,0.13622571428571426,0.691
1789385929,532716466,kinect1_rgb_optical_frame,-0.06515142857142857,0.13885809523809522,0.691
1789385929,640538442,kinect1_rgb_optical_frame,-0.06675619047619047,0.1381390476190476,0.694
1789385929,746357081,kinect1_rgb_optical_frame,-0.06817619047619047,0.13833809523809523,0.695
1789385929,852437061,kinect1_rgb_optical_frame,-0.07072190476190476,0.1381390476190476,0.694
1789385929,960080694,kinect1_rgb_optical_frame,-0.07173238095238094,0.13885809523809522,0.691
1789385930,68221060,kinect1_rgb_optical_frame,-0.07072190476190476,0.1381390476190476,0.694
1789385930,174904339,kinect1_rgb_optical_frame,-0.07193999999999999,0.13793999999999998,0.693
1789385930,284338855,kinect1_rgb_optical_frame,-0.0693,0.13793999999999998,0.693
1789385930,391281122,kinect1_rgb_optical_frame,-0.0691,0.13754190476190475,0.691
1789385930,498157470,kinect1_rgb_optical_frame,-0.06899999999999999,0.13734285714285713,0.69
1789385930,610226547,kinect1_rgb_optical_frame,-0.0691,0.13754190476190475,0.691
1789385930,716852809,kinect1_rgb_optical_frame,-0.06797999999999998,0.13793999999999998,0.693
1789385930,825320401,kinect1_rgb_optical_frame,-0.06807809523809524,0.1381390476190476,0.694
1789385930,937285995,kinect1_rgb_optical_frame,-0.06685238095238094,0.13966190476190474,0.695
1789385931,47696852,kinect1_rgb_optical_frame,-0.06685238095238094,0.13833809523809523,0.695
1789385931,153625301,kinect1_rgb_optical_frame,-0.06552857142857142,0.13833809523809523,0.695
1789385931,260498108,kinect1_rgb_optical_frame,-0.06685238095238094,0.1370142857142857,0.695
1789385931,366326608,kinect1_rgb_optical_frame,-0.06675619047619047,0.1381390476190476,0.694
1789385931,469577046,kinect1_rgb_optical_frame,-0.06685238095238094,0.1370142857142857,0.695
1789385931,577996342,kinect1_rgb_optical_frame,-0.06685238095238094,0.13833809523809523,0.695
1789385931,687136157,kinect1_rgb_optical_frame,-0.06685238095238094,0.13833809523809523,0.695
1789385931,794322713,kinect1_rgb_optical_frame,-0.06675619047619047,0.1381390476190476,0.694
1789385931,902505063,kinect1_rgb_optical_frame,-0.06685238095238094,0.13833809523809523,0.695
1789385932,13892194,kinect1_rgb_optical_frame,-0.06807809523809524,0.1381390476190476,0.694
1789385932,121954226,kinect1_rgb_optical_frame,-0.06807809523809524,0.13946095238095238,0.694
1789385932,233315422,kinect1_rgb_optical_frame,-0.06675619047619047,0.13946095238095238,0.694
1789385932,339594560,kinect1_rgb_optical_frame,-0.06675619047619047,0.13946095238095238,0.694
1789385932,443810807,kinect1_rgb_optical_frame,-0.06817619047619047,0.13833809523809523,0.695
1789385932,553937678,kinect1_rgb_optical_frame,-0.06807809523809524,0.13946095238095238,0.694
1789385932,661251835,kinect1_rgb_optical_frame,-0.06685238095238094,0.13966190476190474,0.695
1789385932,767523743,kinect1_rgb_optical_frame,-0.06675619047619047,0.14078285714285715,0.694
1789385932,878887346,kinect1_rgb_optical_frame,-0.06666,0.13926,0.693
1789385932,985904638,kinect1_rgb_optical_frame,-0.06534,0.13926,0.693
1789385933,92614426,kinect1_rgb_optical_frame,-0.06666,0.13926,0.693
1789385933,204874146,kinect1_rgb_optical_frame,-0.06778380952380951,0.1401742857142857,0.691
1789385933,321743034,kinect1_rgb_optical_frame,-0.0693,0.14057999999999998,0.693
1789385933,426548300,kinect1_rgb_optical_frame,-0.07072190476190476,0.14078285714285715,0.694
1789385933,533102562,kinect1_rgb_optical_frame,-0.07041619047619048,0.1401742857142857,0.691
1789385933,640865937,kinect1_rgb_optical_frame,-0.07041619047619048,0.1401742857142857,0.691
1789385933,748853012,kinect1_rgb_optical_frame,-0.07062,0.14057999999999998,0.693
1789385933,853735997,kinect1_rgb_optical_frame,-0.07062,0.13926,0.693
1789385933,957726520,kinect1_rgb_optical_frame,-0.0691,0.13885809523809522,0.691
1789385934,60300906,kinect1_rgb_optical_frame,-0.0691,0.1401742857142857,0.691
1789385934,162900180,kinect1_rgb_optical_frame,-0.06768571428571428,0.13997142857142858,0.69
1789385934,268695391,kinect1_rgb_optical_frame,-0.06758761904761905,0.1397685714285714,0.689
1789385934,372136161,kinect1_rgb_optical_frame,-0.0662752380952381,0.1397685714285714,0.689
1789385934,473485578,kinect1_rgb_optical_frame,-0.06637142857142857,0.13997142857142858,0.69
1789385934,580139894,kinect1_rgb_optical_frame,-0.06758761904761905,0.1397685714285714,0.689
1789385934,687646008,kinect1_rgb_optical_frame,-0.0686,0.14046666666666668,0.686
1789385934,797262712,kinect1_rgb_optical_frame,-0.0684,0.14005714285714285,0.684
1789385934,904894344,kinect1_rgb_optical_frame,-0.0686,0.14177333333333336,0.686
1789385935,22984645,kinect1_rgb_optical_frame,-0.06990666666666667,0.14177333333333336,0.686
1789385935,130545046,kinect1_rgb_optical_frame,-0.07131714285714287,0.14198,0.687
1789385935,239093004,kinect1_rgb_optical_frame,-0.07162857142857142,0.13997142857142858,0.69
1789385935,346501585,kinect1_rgb_optical_frame,-0.07031428571428572,0.13734285714285713,0.69
1789385935,453096927,kinect1_rgb_optical_frame,-0.07000857142857143,0.13805428571428574,0.687
1789385935,561445451,kinect1_rgb_optical_frame,-0.07031428571428572,0.13734285714285713,0.69
1789385935,667180430,kinect1_rgb_optical_frame,-0.07031428571428572,0.13734285714285713,0.69
1789385935,771197758,kinect1_rgb_optical_frame,-0.07021238095238096,0.13845619047619045,0.689
1789385935,881081767,kinect1_rgb_optical_frame,-0.0691,0.13885809523809522,0.691
1789385935,999623490,kinect1_rgb_optical_frame,-0.0693,0.13926,0.693
1789385936,106348087,kinect1_rgb_optical_frame,-0.06778380952380951,0.1401742857142857,0.691
1789385936,216235743,kinect1_rgb_optical_frame,-0.06768571428571428,0.1412857142857143,0.69
1789385936,326806714,kinect1_rgb_optical_frame,-0.06778380952380951,0.1401742857142857,0.691
1789385936,438937709,kinect1_rgb_optical_frame,-0.06768571428571428,0.13865714285714284,0.69
1789385936,569826248,kinect1_rgb_optical_frame,-0.0689,0.1397685714285714,0.689
1789385936,684758390,kinect1_rgb_optical_frame,-0.07152476190476191,0.13845619047619045,0.689
1789385936,797609836,kinect1_rgb_optical_frame,-0.07524285714285715,0.13805428571428574,0.687
1789385936,910911489,kinect1_rgb_optical_frame,-0.08000857142857143,0.13855142857142858,0.683
1789385937,21476612,kinect1_rgb_optical_frame,-0.08391142857142858,0.13464857142857142,0.683
1789385937,131605793,kinect1_rgb_optical_frame,-0.08600666666666666,0.13644666666666666,0.679
1789385937,239064707,kinect1_rgb_optical_frame,-0.0876857142857143,0.13315238095238097,0.682
1789385937,346071057,kinect1_rgb_optical_frame,-0.0876857142857143,0.13185333333333332,0.682
1789385937,453286036,kinect1_rgb_optical_frame,-0.08600666666666666,0.13386,0.679
1789385937,558940675,kinect1_rgb_optical_frame,-0.08329714285714286,0.13495428571428572,0.678
1789385937,665803166,kinect1_rgb_optical_frame,-0.08329714285714286,0.1362457142857143,0.678
1789385937,773900095,kinect1_rgb_optical_frame,-0.08212666666666667,0.13903333333333334,0.679
1789385937,882475479,kinect1_rgb_optical_frame,-0.08083333333333333,0.13903333333333334,0.679
1789385937,992597806,kinect1_rgb_optical_frame,-0.07942285714285714,0.14012,0.678
1789385938,105693952,kinect1_rgb_optical_frame,-0.07942285714285714,0.14012,0.678
1789385938,222307904,kinect1_rgb_optical_frame,-0.07918857142857144,0.13970666666666667,0.676
1789385938,330900983,kinect1_rgb_optical_frame,-0.07918857142857144,0.13970666666666667,0.676
1789385938,439527798,kinect1_rgb_optical_frame,-0.07907142857142857,0.1395,0.675
1789385938,553098788,kinect1_rgb_optical_frame,-0.07790095238095239,0.13970666666666667,0.676
1789385938,665355467,kinect1_rgb_optical_frame,-0.07824666666666667,0.13774,0.679
1789385938,772626334,kinect1_rgb_optical_frame,-0.07965714285714286,0.13794285714285714,0.68
1789385938,880416223,kinect1_rgb_optical_frame,-0.08095238095238096,0.13664761904761907,0.68
1789385938,987130494,kinect1_rgb_optical_frame,-0.08212666666666667,0.13774,0.679
1789385939,94743773,kinect1_rgb_optical_frame,-0.08342000000000001,0.13774,0.679
1789385939,201022729,kinect1_rgb_optical_frame,-0.08354285714285715,0.13664761904761907,0.68
1789385939,308513737,kinect1_rgb_optical_frame,-0.08342000000000001,0.13774,0.679
1789385939,417152133,kinect1_rgb_optical_frame,-0.08471333333333335,0.13774,0.679
1789385939,525887119,kinect1_rgb_optical_frame,-0.08458857142857144,0.13753714285714289,0.678
1789385939,632132010,kinect1_rgb_optical_frame,-0.08458857142857144,0.13882857142857144,0.678
1789385939,741590583,kinect1_rgb_optical_frame,-0.08329714285714286,0.13753714285714289,0.678
1789385939,849664201,kinect1_rgb_optical_frame,-0.08292857142857143,0.1382142857142857,0.675
1789385939,956198768,kinect1_rgb_optical_frame,-0.08292857142857143,0.1382142857142857,0.675
1789385940,64567961,kinect1_rgb_optical_frame,-0.08176380952380953,0.13841904761904764,0.676
1789385940,175554576,kinect1_rgb_optical_frame,-0.08164285714285716,0.1382142857142857,0.675
1789385940,280016297,kinect1_rgb_optical_frame,-0.08176380952380953,0.13841904761904764,0.676
1789385940,386253668,kinect1_rgb_optical_frame,-0.08176380952380953,0.13841904761904764,0.676
1789385940,490964327,kinect1_rgb_optical_frame,-0.08176380952380953,0.13841904761904764,0.676
1789385940,599612486,kinect1_rgb_optical_frame,-0.08164285714285716,0.1382142857142857,0.675
1789385940,706700568,kinect1_rgb_optical_frame,-0.08176380952380953,0.13841904761904764,0.676
1789385940,814771360,kinect1_rgb_optical_frame,-0.08176380952380953,0.13841904761904764,0.676
1789385940,923357449,kinect1_rgb_optical_frame,-0.08176380952380953,0.13841904761904764,0.676
1789385941,30234518,kinect1_rgb_optical_frame,-0.08176380952380953,0.13841904761904764,0.676
1789385941,144744853,kinect1_rgb_optical_frame,-0.08200571428571429,0.13882857142857144,0.678
1789385941,250799977,kinect1_rgb_optical_frame,-0.08071428571428571,0.13753714285714289,0.678
1789385941,359439154,kinect1_rgb_optical_frame,-0.08047619047619048,0.13841904761904764,0.676
1789385941,465833654,kinect1_rgb_optical_frame,-0.07942285714285714,0.13882857142857144,0.678
1789385941,569938866,kinect1_rgb_optical_frame,-0.07790095238095239,0.14099428571428574,0.676
1789385941,677750660,kinect1_rgb_optical_frame,-0.07167428571428572,0.14141142857142858,0.678
1789385941,783468308,kinect1_rgb_optical_frame,-0.07296571428571429,0.13753714285714289,0.678
1789385941,896031789,kinect1_rgb_optical_frame,-0.07038285714285715,0.13753714285714289,0.678
1789385942,8318900,kinect1_rgb_optical_frame,-0.0675,0.1395,0.675
1789385942,118222351,kinect1_rgb_optical_frame,-0.06521714285714286,0.14012,0.678
1789385942,228355079,kinect1_rgb_optical_frame,-0.06402000000000001,0.14032666666666668,0.679
1789385942,341663119,kinect1_rgb_optical_frame,-0.06483238095238095,0.14442857142857143,0.674
1789385942,449043729,kinect1_rgb_optical_frame,-0.06464,0.14272,0.672
1789385942,561367999,kinect1_rgb_optical_frame,-0.06582190476190476,0.1437857142857143,0.671
1789385942,666799218,kinect1_rgb_optical_frame,-0.0656257142857143,0.1459057142857143,0.669
1789385942,779370132,kinect1_rgb_optical_frame,-0.06396666666666667,0.14756666666666668,0.665
1789385942,891404705,kinect1_rgb_optical_frame,-0.06241714285714285,0.14564,0.662
1789385943,126848,kinect1_rgb_optical_frame,-0.061156190476190475,0.14564,0.662
1789385943,108413055,kinect1_rgb_optical_frame,-0.061156190476190475,0.14564,0.662
1789385943,215434722,kinect1_rgb_optical_frame,-0.06241714285714285,0.14437904761904763,0.662
1789385943,322632460,kinect1_rgb_optical_frame,-0.06251142857142857,0.14586000000000002,0.663
1789385943,431494304,kinect1_rgb_optical_frame,-0.06377428571428573,0.14586000000000002,0.663
1789385943,541776552,kinect1_rgb_optical_frame,-0.06377428571428573,0.14586000000000002,0.663
1789385943,649564270,kinect1_rgb_optical_frame,-0.06377428571428573,0.14586000000000002,0.663
1789385943,758561560,kinect1_rgb_optical_frame,-0.06241714285714285,0.14690095238095238,0.662
1789385943,869675620,kinect1_rgb_optical_frame,-0.06251142857142857,0.14712285714285717,0.663
1789385943,977038468,kinect1_rgb_optical_frame,-0.06251142857142857,0.1483857142857143,0.663
1789385944,86378772,kinect1_rgb_optical_frame,-0.06241714285714285,0.14942285714285714,0.662
1789385944,194918580,kinect1_rgb_optical_frame,-0.06251142857142857,0.14964857142857144,0.663
1789385944,302464972,kinect1_rgb_optical_frame,-0.06106380952380953,0.14919714285714286,0.661
1789385944,429753726,kinect1_rgb_optical_frame,-0.0598952380952381,0.14942285714285714,0.662
1789385944,547575082,kinect1_rgb_optical_frame,-0.06106380952380953,0.14793809523809526,0.661
1789385944,655252145,kinect1_rgb_optical_frame,-0.06367809523809524,0.14690095238095238,0.662
1789385944,764231782,kinect1_rgb_optical_frame,-0.06377428571428573,0.14586000000000002,0.663
1789385944,869797876,kinect1_rgb_optical_frame,-0.06503714285714286,0.14459714285714287,0.663
1789385944,977573895,kinect1_rgb_optical_frame,-0.06630000000000001,0.14207142857142857,0.663
1789385945,86792243,kinect1_rgb_optical_frame,-0.06756285714285715,0.14207142857142857,0.663
1789385945,193520118,kinect1_rgb_optical_frame,-0.0666,0.13764,0.666
1789385945,302396157,kinect1_rgb_optical_frame,-0.06582190476190476,0.1373952380952381,0.671
1789385945,417566333,kinect1_rgb_optical_frame,-0.06611619047619048,0.13929333333333335,0.674
1789385945,529181604,kinect1_rgb_optical_frame,-0.07232000000000001,0.14272,0.672
1789385945,638141535,kinect1_rgb_optical_frame,-0.0765,0.14207142857142857,0.675
1789385945,748285525,kinect1_rgb_optical_frame,-0.08200571428571429,0.1362457142857143,0.678
1789385945,856564725,kinect1_rgb_optical_frame,-0.08588000000000001,0.1362457142857143,0.678
1789385945,966497994,kinect1_rgb_optical_frame,-0.08717142857142857,0.13366285714285714,0.678
1789385946,76363304,kinect1_rgb_optical_frame,-0.0873,0.13386,0.679
1789385946,184893197,kinect1_rgb_optical_frame,-0.08717142857142857,0.13366285714285714,0.678
1789385946,291409720,kinect1_rgb_optical_frame,-0.08717142857142857,0.13366285714285714,0.678
1789385946,407774590,kinect1_rgb_optical_frame,-0.08588000000000001,0.13366285714285714,0.678
1789385946,518079229,kinect1_rgb_optical_frame,-0.08588000000000001,0.13366285714285714,0.678
1789385946,634149149,kinect1_rgb_optical_frame,-0.0873,0.13386,0.679
1789385946,745410180,kinect1_rgb_optical_frame,-0.08588000000000001,0.13495428571428572,0.678
1789385946,852857233,kinect1_rgb_optical_frame,-0.08588000000000001,0.13495428571428572,0.678
1789385946,960164235,kinect1_rgb_optical_frame,-0.08588000000000001,0.1362457142857143,0.678
1789385947,77569361,kinect1_rgb_optical_frame,-0.08458857142857144,0.1362457142857143,0.678
1789385947,198192143,kinect1_rgb_optical_frame,-0.08433904761904763,0.13584380952380953,0.676
1789385947,306673398,kinect1_rgb_optical_frame,-0.08458857142857144,0.1362457142857143,0.678
1789385947,413755606,kinect1_rgb_optical_frame,-0.08329714285714286,0.1362457142857143,0.678
1789385947,521796773,kinect1_rgb_optical_frame,-0.08433904761904763,0.13584380952380953,0.676
1789385947,631294370,kinect1_rgb_optical_frame,-0.08458857142857144,0.1362457142857143,0.678
1789385947,740866854,kinect1_rgb_optical_frame,-0.08433904761904763,0.13584380952380953,0.676
1789385947,847878623,kinect1_rgb_optical_frame,-0.08458857142857144,0.1362457142857143,0.678
1789385947,954072871,kinect1_rgb_optical_frame,-0.08458857142857144,0.1362457142857143,0.678
1789385948,60316793,kinect1_rgb_optical_frame,-0.08433904761904763,0.13584380952380953,0.676
1789385948,169979810,kinect1_rgb_optical_frame,-0.08433904761904763,0.13584380952380953,0.676
1789385948,281929624,kinect1_rgb_optical_frame,-0.08305142857142858,0.13713142857142857,0.676
1789385948,387541426,kinect1_rgb_optical_frame,-0.08342000000000001,0.13515333333333335,0.679
1789385948,492873400,kinect1_rgb_optical_frame,-0.08458857142857144,0.1362457142857143,0.678
1789385948,602497942,kinect1_rgb_optical_frame,-0.08458857142857144,0.1362457142857143,0.678
1789385948,710630041,kinect1_rgb_optical_frame,-0.08305142857142858,0.13584380952380953,0.676
1789385948,816781600,kinect1_rgb_optical_frame,-0.08483809523809525,0.13405714285714287,0.68
1789385948,924783819,kinect1_rgb_optical_frame,-0.08342000000000001,0.13386,0.679
1789385949,30780772,kinect1_rgb_optical_frame,-0.08471333333333335,0.13515333333333335,0.679
1789385949,137034669,kinect1_rgb_optical_frame,-0.08600666666666666,0.13515333333333335,0.679
1789385949,245417884,kinect1_rgb_optical_frame,-0.08471333333333335,0.13515333333333335,0.679
1789385949,353741394,kinect1_rgb_optical_frame,-0.08471333333333335,0.13515333333333335,0.679
1789385949,463877663,kinect1_rgb_optical_frame,-0.08483809523809525,0.13535238095238095,0.68
1789385949,573634071,kinect1_rgb_optical_frame,-0.08354285714285715,0.13535238095238095,0.68
1789385949,681082475,kinect1_rgb_optical_frame,-0.08471333333333335,0.13644666666666666,0.679
1789385949,789268964,kinect1_rgb_optical_frame,-0.08458857142857144,0.13753714285714289,0.678
1789385949,903381600,kinect1_rgb_optical_frame,-0.08329714285714286,0.1362457142857143,0.678
1789385950,12293851,kinect1_rgb_optical_frame,-0.08458857142857144,0.13753714285714289,0.678
1789385950,120009080,kinect1_rgb_optical_frame,-0.08292857142857143,0.13692857142857143,0.675
1789385950,226365423,kinect1_rgb_optical_frame,-0.08292857142857143,0.13692857142857143,0.675
1789385950,335814839,kinect1_rgb_optical_frame,-0.08164285714285716,0.1382142857142857,0.675
1789385950,447401088,kinect1_rgb_optical_frame,-0.08047619047619048,0.13841904761904764,0.676
1789385950,554919648,kinect1_rgb_optical_frame,-0.08023809523809523,0.1418609523809524,0.674
1789385950,660599581,kinect1_rgb_optical_frame,-0.07638666666666667,0.1431447619047619,0.674
1789385950,767792886,kinect1_rgb_optical_frame,-0.07221238095238096,0.14634190476190478,0.671
1789385950,878068044,kinect1_rgb_optical_frame,-0.06913714285714287,0.14652,0.666
1789385950,989052801,kinect1_rgb_optical_frame,-0.06903333333333334,0.14883333333333335,0.665
1789385951,100541545,kinect1_rgb_optical_frame,-0.06903333333333334,0.1501,0.665
1789385951,209731898,kinect1_rgb_optical_frame,-0.06756285714285715,0.14964857142857144,0.663
1789385951,315324187,kinect1_rgb_optical_frame,-0.06913714285714287,0.14778857142857144,0.666
1789385951,420786585,kinect1_rgb_optical_frame,-0.0666,0.14652,0.666
1789385951,527227142,kinect1_rgb_optical_frame,-0.06670000000000001,0.14674,0.667
1789385951,639231452,kinect1_rgb_optical_frame,-0.06533142857142857,0.14398285714285716,0.666
1789385951,751575536,kinect1_rgb_optical_frame,-0.06533142857142857,0.1427142857142857,0.666
1789385951,865738811,kinect1_rgb_optical_frame,-0.06152571428571429,0.14144571428571429,0.666
1789385951,975288658,kinect1_rgb_optical_frame,-0.06152571428571429,0.14144571428571429,0.666
1789385952,82333644,kinect1_rgb_optical_frame,-0.06143333333333334,0.14123333333333335,0.665
1789385952,189713345,kinect1_rgb_optical_frame,-0.0627942857142857,0.14144571428571429,0.666
1789385952,297272607,kinect1_rgb_optical_frame,-0.0627,0.14123333333333335,0.665
1789385952,404337106,kinect1_rgb_optical_frame,-0.06251142857142857,0.14080857142857145,0.663
1789385952,511587156,kinect1_rgb_optical_frame,-0.06106380952380953,0.14164285714285713,0.661
1789385952,619486613,kinect1_rgb_optical_frame,-0.0572,0.1452,0.66
1789385952,726453226,kinect1_rgb_optical_frame,-0.05452,0.14726666666666666,0.658
1789385952,832574812,kinect1_rgb_optical_frame,-0.053266666666666664,0.14726666666666666,0.658
1789385952,939651745,kinect1_rgb_optical_frame,-0.05318571428571429,0.1482942857142857,0.657
1789385953,46112451,kinect1_rgb_optical_frame,-0.05318571428571429,0.1482942857142857,0.657
1789385953,155468839,kinect1_rgb_optical_frame,-0.05318571428571429,0.1482942857142857,0.657
1789385953,265583982,kinect1_rgb_optical_frame,-0.054437142857142864,0.1482942857142857,0.657
1789385953,376886243,kinect1_rgb_optical_frame,-0.054354285714285716,0.14806857142857144,0.656
1789385953,485267051,kinect1_rgb_optical_frame,-0.054354285714285716,0.14681904761904763,0.656
1789385953,593256302,kinect1_rgb_optical_frame,-0.05286190476190476,0.14739142857142856,0.653
1789385953,699376564,kinect1_rgb_optical_frame,-0.05286190476190476,0.14739142857142856,0.653
1789385953,806203790,kinect1_rgb_optical_frame,-0.05302380952380953,0.14784285714285716,0.655
1789385953,914001567,kinect1_rgb_optical_frame,-0.05185523809523809,0.14806857142857144,0.656
1789385954,23778380,kinect1_rgb_optical_frame,-0.05052857142857143,0.14784285714285716,0.655
1789385954,132466182,kinect1_rgb_optical_frame,-0.052013333333333335,0.14977333333333334,0.658
1789385954,239157476,kinect1_rgb_optical_frame,-0.054437142857142864,0.14704285714285714,0.657
1789385954,347050999,kinect1_rgb_optical_frame,-0.054437142857142864,0.1482942857142857,0.657
1789385954,453670532,kinect1_rgb_optical_frame,-0.054437142857142864,0.1482942857142857,0.657
1789385954,560224495,kinect1_rgb_optical_frame,-0.054437142857142864,0.14704285714285714,0.657
1789385954,666654723,kinect1_rgb_optical_frame,-0.05185523809523809,0.14681904761904763,0.656
1789385954,774731715,kinect1_rgb_optical_frame,-0.049055238095238096,0.14840761904761904,0.652
1789385954,881609005,kinect1_rgb_optical_frame,-0.046214285714285715,0.14850190476190475,0.647
1789385954,990285177,kinect1_rgb_optical_frame,-0.04585714285714285,0.14857714285714285,0.642
1789385955,100941243,kinect1_rgb_optical_frame,-0.04578571428571429,0.14956666666666668,0.641
1789385955,213678747,kinect1_rgb_optical_frame,-0.04700666666666667,0.14956666666666668,0.641
1789385955,319674306,kinect1_rgb_optical_frame,-0.04830285714285715,0.1498,0.642
1789385955,427201509,kinect1_rgb_optical_frame,-0.04845333333333334,0.15026666666666666,0.644
1789385955,533249946,kinect1_rgb_optical_frame,-0.04968,0.14903999999999998,0.644
1789385955,640911265,kinect1_rgb_optical_frame,-0.04952571428571429,0.14857714285714285,0.642
1789385955,745532551,kinect1_rgb_optical_frame,-0.05090666666666666,0.14658666666666667,0.644
1789385955,853875307,kinect1_rgb_optical_frame,-0.05213333333333334,0.14658666666666667,0.644
1789385955,964065673,kinect1_rgb_optical_frame,-0.05197142857142857,0.14735428571428572,0.642
1789385956,71291592,kinect1_rgb_optical_frame,-0.05213333333333334,0.14658666666666667,0.644
1789385956,182360724,kinect1_rgb_optical_frame,-0.05066952380952381,0.1471247619047619,0.641
1789385956,290368544,kinect1_rgb_optical_frame,-0.049448571428571425,0.1471247619047619,0.641
1789385956,399745964,kinect1_rgb_optical_frame,-0.04937142857142857,0.14811428571428573,0.64
1789385956,513464573,kinect1_rgb_optical_frame,-0.04937142857142857,0.14811428571428573,0.64
1789385956,622930942,kinect1_rgb_optical_frame,-0.04937142857142857,0.14811428571428573,0.64
1789385956,731194266,kinect1_rgb_optical_frame,-0.049448571428571425,0.1483457142857143,0.641
1789385956,839144080,kinect1_rgb_optical_frame,-0.049448571428571425,0.1483457142857143,0.641
1789385956,948898252,kinect1_rgb_optical_frame,-0.04822761904761905,0.1483457142857143,0.641
1789385957,55916047,kinect1_rgb_optical_frame,-0.047080000000000004,0.14735428571428572,0.642
1789385957,166851478,kinect1_rgb_optical_frame,-0.04845333333333334,0.14781333333333335,0.644
1789385957,275960922,kinect1_rgb_optical_frame,-0.04845333333333334,0.14781333333333335,0.644
1789385957,385058723,kinect1_rgb_optical_frame,-0.04845333333333334,0.14781333333333335,0.644
1789385957,492486870,kinect1_rgb_optical_frame,-0.04852857142857143,0.1468142857142857,0.645
1789385957,598560945,kinect1_rgb_optical_frame,-0.04983428571428571,0.14704190476190476,0.646
1789385957,705462940,kinect1_rgb_optical_frame,-0.04983428571428571,0.14827238095238096,0.646
1789385957,811661978,kinect1_rgb_optical_frame,-0.05138095238095238,0.14795238095238095,0.65
1789385957,924559846,kinect1_rgb_optical_frame,-0.05261904761904762,0.14547619047619048,0.65
1789385958,32542168,kinect1_rgb_optical_frame,-0.05286190476190476,0.14490380952380952,0.653
1789385958,141105279,kinect1_rgb_optical_frame,-0.05286190476190476,0.14241619047619047,0.653
1789385958,249117045,kinect1_rgb_optical_frame,-0.054105714285714285,0.14366,0.653
1789385958,356268856,kinect1_rgb_optical_frame,-0.05394,0.14322000000000001,0.651
1789385958,465167215,kinect1_rgb_optical_frame,-0.05369142857142858,0.14379428571428574,0.648
1789385958,571535188,kinect1_rgb_optical_frame,-0.05369142857142858,0.14502857142857142,0.648
1789385958,680834876,kinect1_rgb_optical_frame,-0.05369142857142858,0.14379428571428574,0.648
1789385958,789288450,kinect1_rgb_optical_frame,-0.05237619047619048,0.1448047619047619,0.647
1789385958,897656923,kinect1_rgb_optical_frame,-0.051064761904761904,0.14581142857142856,0.646
1789385959,6081647,kinect1_rgb_optical_frame,-0.051064761904761904,0.14704190476190476,0.646
1789385959,115775484,kinect1_rgb_optical_frame,-0.04983428571428571,0.14704190476190476,0.646
1789385959,223138207,kinect1_rgb_optical_frame,-0.04983428571428571,0.14827238095238096,0.646
1789385959,331685625,kinect1_rgb_optical_frame,-0.04991142857142857,0.14726952380952382,0.647
1789385959,441475864,kinect1_rgb_optical_frame,-0.05114380952380952,0.14726952380952382,0.647
1789385959,548656601,kinect1_rgb_optical_frame,-0.05114380952380952,0.14603714285714287,0.647
1789385959,656406462,kinect1_rgb_optical_frame,-0.05237619047619048,0.1448047619047619,0.647
1789385959,767348154,kinect1_rgb_optical_frame,-0.05394,0.14198,0.651
1789385959,875149196,kinect1_rgb_optical_frame,-0.05642,0.14074,0.651
1789385959,983539109,kinect1_rgb_optical_frame,-0.057748571428571434,0.13971428571428574,0.652
1789385960,93691279,kinect1_rgb_optical_frame,-0.05908095238095239,0.1386847619047619,0.653
1789385960,201487128,kinect1_rgb_optical_frame,-0.06078666666666667,0.13724,0.658
1789385960,310284299,kinect1_rgb_optical_frame,-0.06232285714285715,0.13786571428571429,0.661
1789385960,420624545,kinect1_rgb_optical_frame,-0.06396666666666667,0.13743333333333335,0.665
1789385960,526946847,kinect1_rgb_optical_frame,-0.06630000000000001,0.1344942857142857,0.663
1789385960,639849444,kinect1_rgb_optical_frame,-0.06903333333333334,0.12983333333333336,0.665
1789385960,753554921,kinect1_rgb_optical_frame,-0.07167428571428572,0.1274914285714286,0.666
1789385960,861578211,kinect1_rgb_optical_frame,-0.07548,0.1274914285714286,0.666
1789385960,969089960,kinect1_rgb_optical_frame,-0.08271714285714286,0.12565428571428572,0.663
1789385961,76893227,kinect1_rgb_optical_frame,-0.08423333333333334,0.12476666666666666,0.665
1789385961,185465970,kinect1_rgb_optical_frame,-0.08067523809523809,0.12514190476190476,0.667
1789385961,297277998,kinect1_rgb_optical_frame,-0.07940476190476191,0.12641238095238094,0.667
1789385961,415331616,kinect1_rgb_optical_frame,-0.0784857142857143,0.1269809523809524,0.67
1789385961,521371964,kinect1_rgb_optical_frame,-0.07872000000000001,0.12480000000000002,0.672
1789385961,637004819,kinect1_rgb_optical_frame,-0.07976190476190476,0.1257047619047619,0.67
1789385961,748149957,kinect1_rgb_optical_frame,-0.08103809523809524,0.1257047619047619,0.67
1789385961,855690776,kinect1_rgb_optical_frame,-0.08,0.12608000000000003,0.672
1789385961,962809244,kinect1_rgb_optical_frame,-0.08,0.12736,0.672
1789385962,73061867,kinect1_rgb_optical_frame,-0.07895428571428571,0.1277390476190476,0.674
1789385962,183943703,kinect1_rgb_optical_frame,-0.07872000000000001,0.12736,0.672
1789385962,291849054,kinect1_rgb_optical_frame,-0.07732476190476191,0.12844857142857144,0.671
1789385962,398493285,kinect1_rgb_optical_frame,-0.07593333333333334,0.12953333333333336,0.67
1789385962,505826281,kinect1_rgb_optical_frame,-0.07720952380952381,0.12953333333333336,0.67
1789385962,616998186,kinect1_rgb_optical_frame,-0.07604666666666667,0.1310047619047619,0.671
1789385962,725669464,kinect1_rgb_optical_frame,-0.07604666666666667,0.1310047619047619,0.671
1789385962,837359325,kinect1_rgb_optical_frame,-0.07604666666666667,0.13228285714285717,0.671
1789385962,945704187,kinect1_rgb_optical_frame,-0.07744000000000001,0.12992,0.672
1789385963,53400966,kinect1_rgb_optical_frame,-0.07476857142857143,0.13228285714285717,0.671
1789385963,161871625,kinect1_rgb_optical_frame,-0.0736,0.13376000000000002,0.672
1789385963,270420646,kinect1_rgb_optical_frame,-0.07488,0.13760000000000003,0.672
1789385963,379471556,kinect1_rgb_optical_frame,-0.07532571428571429,0.13713142857142857,0.676
1789385963,486724757,kinect1_rgb_optical_frame,-0.07907142857142857,0.1382142857142857,0.675
1789385963,597941221,kinect1_rgb_optical_frame,-0.08164285714285716,0.13692857142857143,0.675
1789385963,710537332,kinect1_rgb_optical_frame,-0.08421428571428573,0.13564285714285715,0.675
1789385963,817084825,kinect1_rgb_optical_frame,-0.08384000000000001,0.13504,0.672
1789385963,923729210,kinect1_rgb_optical_frame,-0.0855,0.13564285714285715,0.675
1789385964,29936207,kinect1_rgb_optical_frame,-0.08433904761904763,0.13584380952380953,0.676
1789385964,138629512,kinect1_rgb_optical_frame,-0.08421428571428573,0.13692857142857143,0.675
1789385964,241951059,kinect1_rgb_optical_frame,-0.0828057142857143,0.13672571428571428,0.674
1789385964,348157535,kinect1_rgb_optical_frame,-0.0828057142857143,0.13672571428571428,0.674
1789385964,457750063,kinect1_rgb_optical_frame,-0.08384000000000001,0.13632,0.672
1789385964,565503866,kinect1_rgb_optical_frame,-0.08408952380952382,0.13672571428571428,0.674
1789385964,672699042,kinect1_rgb_optical_frame,-0.08384000000000001,0.13632,0.672
1789385964,781970074,kinect1_rgb_optical_frame,-0.08256000000000001,0.13632,0.672
1789385964,890210924,kinect1_rgb_optical_frame,-0.08384000000000001,0.13632,0.672
1789385964,999136316,kinect1_rgb_optical_frame,-0.0828057142857143,0.13544190476190476,0.674
1789385965,110116555,kinect1_rgb_optical_frame,-0.07918857142857144,0.1345561904761905,0.676
1789385965,221261947,kinect1_rgb_optical_frame,-0.07918857142857144,0.13584380952380953,0.676
1789385965,328524279,kinect1_rgb_optical_frame,-0.07684,0.1362457142857143,0.678
1789385965,437415809,kinect1_rgb_optical_frame,-0.07778571428571429,0.1382142857142857,0.675
1789385965,547919865,kinect1_rgb_optical_frame,-0.08152190476190477,0.13929333333333335,0.674
1789385965,656829637,kinect1_rgb_optical_frame,-0.08433904761904763,0.13841904761904764,0.676
1789385965,766841807,kinect1_rgb_optical_frame,-0.08562666666666667,0.13713142857142857,0.676
1789385965,879124027,kinect1_rgb_optical_frame,-0.08176380952380953,0.13841904761904764,0.676
1789385965,991720580,kinect1_rgb_optical_frame,-0.07954000000000001,0.14032666666666668,0.679
1789385966,100132640,kinect1_rgb_optical_frame,-0.07836190476190476,0.13923809523809524,0.68
1789385966,208997834,kinect1_rgb_optical_frame,-0.07824666666666667,0.14032666666666668,0.679
1789385966,320978219,kinect1_rgb_optical_frame,-0.07942285714285714,0.14012,0.678
1789385966,433882199,kinect1_rgb_optical_frame,-0.07954000000000001,0.13903333333333334,0.679
1789385966,541372743,kinect1_rgb_optical_frame,-0.07824666666666667,0.13903333333333334,0.679
1789385966,652438254,kinect1_rgb_optical_frame,-0.07836190476190476,0.13794285714285714,0.68
1789385966,757364146,kinect1_rgb_optical_frame,-0.07577142857142857,0.13794285714285714,0.68
1789385966,864324497,kinect1_rgb_optical_frame,-0.07813142857142859,0.14012,0.678
1789385966,972695503,kinect1_rgb_optical_frame,-0.07790095238095239,0.13841904761904764,0.676
1789385967,78090458,kinect1_rgb_optical_frame,-0.07661333333333334,0.13713142857142857,0.676
1789385967,185702983,kinect1_rgb_optical_frame,-0.07425714285714285,0.13495428571428572,0.678
1789385967,293097886,kinect1_rgb_optical_frame,-0.07436666666666668,0.13515333333333335,0.679
1789385967,403963807,kinect1_rgb_optical_frame,-0.07436666666666668,0.13515333333333335,0.679
1789385967,511147180,kinect1_rgb_optical_frame,-0.07425714285714285,0.1362457142857143,0.678
1789385967,619314686,kinect1_rgb_optical_frame,-0.07638666666666667,0.1380095238095238,0.674
1789385967,729927126,kinect1_rgb_optical_frame,-0.07638666666666667,0.13929333333333335,0.674
1789385967,840057510,kinect1_rgb_optical_frame,-0.07895428571428571,0.13929333333333335,0.674
1789385967,948456267,kinect1_rgb_optical_frame,-0.08035714285714286,0.1382142857142857,0.675
1789385968,57369444,kinect1_rgb_optical_frame,-0.07918857142857144,0.13841904761904764,0.676
1789385968,164895279,kinect1_rgb_optical_frame,-0.07907142857142857,0.1382142857142857,0.675
1789385968,268707954,kinect1_rgb_optical_frame,-0.07790095238095239,0.13841904761904764,0.676
1789385968,377203873,kinect1_rgb_optical_frame,-0.07907142857142857,0.1382142857142857,0.675
1789385968,486904408,kinect1_rgb_optical_frame,-0.07895428571428571,0.1380095238095238,0.674
1789385968,595402000,kinect1_rgb_optical_frame,-0.07907142857142857,0.1382142857142857,0.675
1789385968,703155172,kinect1_rgb_optical_frame,-0.07895428571428571,0.13929333333333335,0.674
1789385968,812496951,kinect1_rgb_optical_frame,-0.07907142857142857,0.1395,0.675
1789385968,922061333,kinect1_rgb_optical_frame,-0.07907142857142857,0.1382142857142857,0.675
1789385969,28613016,kinect1_rgb_optical_frame,-0.08,0.13888,0.672
1789385969,139416793,kinect1_rgb_optical_frame,-0.08128,0.13760000000000003,0.672
1789385969,248629415,kinect1_rgb_optical_frame,-0.08896,0.1312,0.672
1789385969,357721963,kinect1_rgb_optical_frame,-0.08997142857142858,0.13208571428571428,0.67
1789385969,465610558,kinect1_rgb_optical_frame,-0.08983714285714287,0.13188857142857144,0.669
1789385969,573066146,kinect1_rgb_optical_frame,-0.09010571428571429,0.13228285714285717,0.671
1789385969,680177857,kinect1_rgb_optical_frame,-0.08997142857142858,0.13208571428571428,0.67
1789385969,785615943,kinect1_rgb_optical_frame,-0.08997142857142858,0.13208571428571428,0.67
1789385969,893095267,kinect1_rgb_optical_frame,-0.09111142857142858,0.13188857142857144,0.669
1789385970,2200665,kinect1_rgb_optical_frame,-0.09152,0.1312,0.672
1789385970,108830562,kinect1_rgb_optical_frame,-0.09692761904761905,0.12517142857142857,0.674
1789385970,217054677,kinect1_rgb_optical_frame,-0.10176000000000002,0.12480000000000002,0.672
1789385970,326641454,kinect1_rgb_optical_frame,-0.1052857142857143,0.1257047619047619,0.67
1789385970,436314792,kinect1_rgb_optical_frame,-0.10608476190476192,0.12641238095238094,0.667
1789385970,545743054,kinect1_rgb_optical_frame,-0.10767714285714286,0.12424285714285715,0.669
1789385970,653943974,kinect1_rgb_optical_frame,-0.10862571428571428,0.12514190476190476,0.667
1789385970,760730599,kinect1_rgb_optical_frame,-0.10862571428571428,0.12641238095238094,0.667
1789385970,867396760,kinect1_rgb_optical_frame,-0.10862571428571428,0.12514190476190476,0.667
1789385970,974014768,kinect1_rgb_optical_frame,-0.10956666666666667,0.12476666666666666,0.665
1789385971,81990072,kinect1_rgb_optical_frame,-0.10973142857142858,0.12495428571428571,0.666
1789385971,190601551,kinect1_rgb_optical_frame,-0.10973142857142858,0.12495428571428571,0.666
1789385971,299714505,kinect1_rgb_optical_frame,-0.10956666666666667,0.12350000000000001,0.665
1789385971,406740270,kinect1_rgb_optical_frame,-0.10956666666666667,0.12476666666666666,0.665
1789385971,517117872,kinect1_rgb_optical_frame,-0.10923714285714287,0.12439142857142858,0.663
1789385971,626557733,kinect1_rgb_optical_frame,-0.10956666666666667,0.12476666666666666,0.665
1789385971,733165237,kinect1_rgb_optical_frame,-0.10956666666666667,0.12476666666666666,0.665
1789385971,841100164,kinect1_rgb_optical_frame,-0.10846285714285715,0.12368571428571429,0.666
1789385971,948288416,kinect1_rgb_optical_frame,-0.10862571428571428,0.12260095238095238,0.667
1789385972,56006497,kinect1_rgb_optical_frame,-0.10846285714285715,0.12368571428571429,0.666
1789385972,163885029,kinect1_rgb_optical_frame,-0.10862571428571428,0.12387142857142856,0.667
1789385972,272316167,kinect1_rgb_optical_frame,-0.10846285714285715,0.12368571428571429,0.666
1789385972,379312983,kinect1_rgb_optical_frame,-0.10830000000000001,0.12476666666666666,0.665
1789385972,487252705,kinect1_rgb_optical_frame,-0.10719428571428571,0.12368571428571429,0.666
1789385972,594702153,kinect1_rgb_optical_frame,-0.10719428571428571,0.12495428571428571,0.666
1789385972,701955782,kinect1_rgb_optical_frame,-0.10735523809523811,0.12514190476190476,0.667
1789385972,808757916,kinect1_rgb_optical_frame,-0.10481428571428572,0.12514190476190476,0.667
1789385972,916139137,kinect1_rgb_optical_frame,-0.10385428571428572,0.12551714285714285,0.669
1789385973,26587295,kinect1_rgb_optical_frame,-0.10273333333333334,0.1257047619047619,0.67
1789385973,134052309,kinect1_rgb_optical_frame,-0.10258,0.12679142857142858,0.669
1789385973,241684586,kinect1_rgb_optical_frame,-0.10273333333333334,0.1257047619047619,0.67
1789385973,356147591,kinect1_rgb_optical_frame,-0.10227333333333333,0.12641238095238094,0.667
1789385973,464063966,kinect1_rgb_optical_frame,-0.10130571428571429,0.12551714285714285,0.669
1789385973,571492384,kinect1_rgb_optical_frame,-0.10258,0.12551714285714285,0.669
1789385973,677739445,kinect1_rgb_optical_frame,-0.10227333333333333,0.12514190476190476,0.667
1789385973,785597005,kinect1_rgb_optical_frame,-0.10130571428571429,0.12551714285714285,0.669
1789385973,896417425,kinect1_rgb_optical_frame,-0.10100285714285716,0.12514190476190476,0.667
1789385974,5451527,kinect1_rgb_optical_frame,-0.09943333333333333,0.12603333333333333,0.665
1789385974,113717674,kinect1_rgb_optical_frame,-0.09943333333333333,0.12603333333333333,0.665
1789385974,226533043,kinect1_rgb_optical_frame,-0.09973238095238096,0.12514190476190476,0.667
1789385974,334617395,kinect1_rgb_optical_frame,-0.09943333333333333,0.12603333333333333,0.665
1789385974,441693255,kinect1_rgb_optical_frame,-0.10130571428571429,0.12551714285714285,0.669
1789385974,549572823,kinect1_rgb_optical_frame,-0.09943333333333333,0.12603333333333333,0.665
1789385974,661465546,kinect1_rgb_optical_frame,-0.09958285714285715,0.12495428571428571,0.666
1789385974,771579250,kinect1_rgb_optical_frame,-0.09943333333333333,0.12603333333333333,0.665
1789385974,878591440,kinect1_rgb_optical_frame,-0.10100285714285716,0.12641238095238094,0.667
1789385974,986399081,kinect1_rgb_optical_frame,-0.10100285714285716,0.12514190476190476,0.667
1789385975,99292018,kinect1_rgb_optical_frame,-0.10085142857142858,0.12622285714285716,0.666
1789385975,210032235,kinect1_rgb_optical_frame,-0.09958285714285715,0.12622285714285716,0.666
1789385975,317033661,kinect1_rgb_optical_frame,-0.09958285714285715,0.12622285714285716,0.666
1789385975,423106757,kinect1_rgb_optical_frame,-0.10085142857142858,0.12622285714285716,0.666
1789385975,530599054,kinect1_rgb_optical_frame,-0.1007,0.12603333333333333,0.665
1789385975,642996339,kinect1_rgb_optical_frame,-0.09943333333333333,0.12603333333333333,0.665
1789385975,750234306,kinect1_rgb_optical_frame,-0.09973238095238096,0.12641238095238094,0.667
1789385975,858416632,kinect1_rgb_optical_frame,-0.10100285714285716,0.12641238095238094,0.667
1789385975,965704050,kinect1_rgb_optical_frame,-0.09958285714285715,0.12622285714285716,0.666
1789385976,72765459,kinect1_rgb_optical_frame,-0.10085142857142858,0.12622285714285716,0.666
1789385976,180741878,kinect1_rgb_optical_frame,-0.09943333333333333,0.12603333333333333,0.665
1789385976,289175715,kinect1_rgb_optical_frame,-0.10085142857142858,0.12622285714285716,0.666
1789385976,398068044,kinect1_rgb_optical_frame,-0.09958285714285715,0.12622285714285716,0.666
1789385976,506763920,kinect1_rgb_optical_frame,-0.09943333333333333,0.12603333333333333,0.665
1789385976,610320445,kinect1_rgb_optical_frame,-0.09913428571428572,0.12565428571428572,0.663
1789385976,717361999,kinect1_rgb_optical_frame,-0.09816666666666667,0.12476666666666666,0.665
1789385976,825760821,kinect1_rgb_optical_frame,-0.09462666666666666,0.12470666666666667,0.658
1789385976,932701759,kinect1_rgb_optical_frame,-0.09238,0.12462,0.651
1789385977,39232818,kinect1_rgb_optical_frame,-0.09110285714285714,0.12045142857142857,0.642
1789385977,146151291,kinect1_rgb_optical_frame,-0.08982571428571429,0.1151457142857143,0.633
1789385977,254173690,kinect1_rgb_optical_frame,-0.08883238095238095,0.11148761904761904,0.626
1789385977,361812546,kinect1_rgb_optical_frame,-0.08666,0.11024095238095238,0.619
1789385977,474568049,kinect1_rgb_optical_frame,-0.08258571428571429,0.10952857142857142,0.615
1789385977,584590894,kinect1_rgb_optical_frame,-0.0808847619047619,0.10881619047619047,0.611
1789385977,691702295,kinect1_rgb_optical_frame,-0.07855714285714285,0.10998,0.611
1789385977,800241510,kinect1_rgb_optical_frame,-0.07506571428571429,0.10881619047619047,0.611
1789385977,916389774,kinect1_rgb_optical_frame,-0.0762295238095238,0.10648857142857143,0.611
1789385978,28570887,kinect1_rgb_optical_frame,-0.07169142857142857,0.10083428571428572,0.612
1789385978,136146257,kinect1_rgb_optical_frame,-0.06597047619047619,0.09165809523809523,0.613
1789385978,243082139,kinect1_rgb_optical_frame,-0.06936,0.09150857142857143,0.612
1789385978,354471372,kinect1_rgb_optical_frame,-0.06469714285714286,0.08567999999999999,0.612
1789385978,461921580,kinect1_rgb_optical_frame,-0.061200000000000004,0.07868571428571429,0.612
1789385978,568083360,kinect1_rgb_optical_frame,-0.06575523809523809,0.07855714285714285,0.611
1789385978,675323887,kinect1_rgb_optical_frame,-0.07238095238095238,0.0943847619047619,0.608
1789385978,782022862,kinect1_rgb_optical_frame,-0.07638,0.10279714285714285,0.603
1789385978,889771582,kinect1_rgb_optical_frame,-0.07876666666666667,0.10256666666666667,0.595
1789385979,2687353,kinect1_rgb_optical_frame,-0.07912666666666666,0.09904666666666666,0.581
1789385979,110473901,kinect1_rgb_optical_frame,-0.07882,0.09276095238095237,0.563
1789385979,218666943,kinect1_rgb_optical_frame,-0.08000952380952381,0.08104190476190477,0.542
1789385979,332637547,kinect1_rgb_optical_frame,-0.07934857142857143,0.06637333333333334,0.524
1789385979,439918771,kinect1_rgb_optical_frame,-0.07737999999999999,0.054020000000000006,0.511
1789385979,548566670,kinect1_rgb_optical_frame,-0.07321904761904761,0.054323809523809524,0.496
1789385979,658062217,kinect1_rgb_optical_frame,-0.06960380952380953,0.0603847619047619,0.484
1789385979,770662556,kinect1_rgb_optical_frame,-0.06378571428571428,0.06921428571428571,0.475
1789385979,969558439,kinect1_rgb_optical_frame,-0.06476666666666667,0.07727333333333333,0.469
1789385980,85110695,kinect1_rgb_optical_frame,-0.08547142857142857,0.08901428571428571,0.465
1789385980,197544621,kinect1_rgb_optical_frame,-0.10493238095238096,0.10581047619047619,0.461
1789385980,308876443,kinect1_rgb_optical_frame,-0.14129142857142857,0.14218285714285714,0.468
1789385980,525898116,kinect1_rgb_optical_frame,-0.1392857142857143,0.12814285714285714,0.45
1789385980,640227807,kinect1_rgb_optical_frame,-0.12881142857142858,0.12702857142857144,0.468
1789385980,760843356,kinect1_rgb_optical_frame,-0.04847904761904762,0.10007142857142858,0.467
1789385980,871972064,kinect1_rgb_optical_frame,-0.020185714285714286,0.10003142857142858,0.471
1789385980,980030872,kinect1_rgb_optical_frame,-0.004028571428571428,0.1016095238095238,0.47
1789385981,87467998,kinect1_rgb_optical_frame,-0.014865714285714286,0.09595142857142856,0.473
1789385981,199197827,kinect1_rgb_optical_frame,-0.016738095238095236,0.09726190476190476,0.475
1789385981,306603719,kinect1_rgb_optical_frame,-0.0041228571428571425,0.09482571428571428,0.481
1789385981,416084976,kinect1_rgb_optical_frame,0.015431428571428572,0.0902504761904762,0.491
1789385981,525662730,kinect1_rgb_optical_frame,0.04543714285714286,0.08061428571428571,0.513
1789385981,633838071,kinect1_rgb_optical_frame,0.05693047619047619,0.08514380952380954,0.529
1789385981,741175507,kinect1_rgb_optical_frame,0.05750857142857144,0.09688380952380954,0.544
1789385981,850880673,kinect1_rgb_optical_frame,0.06005142857142858,0.10362857142857144,0.558
1789385981,958311816,kinect1_rgb_optical_frame,0.06145047619047619,0.11148095238095238,0.571
1789385982,68063837,kinect1_rgb_optical_frame,0.061102857142857146,0.11394857142857141,0.578
1789385982,174662636,kinect1_rgb_optical_frame,0.06507428571428571,0.11624380952380953,0.584
1789385982,281611111,kinect1_rgb_optical_frame,0.06822095238095237,0.11558095238095238,0.592
1789385982,390094960,kinect1_rgb_optical_frame,0.07523142857142856,0.11657999999999999,0.603
1789385982,500749336,kinect1_rgb_optical_frame,0.07817142857142857,0.12217904761904763,0.608
1789385982,604760067,kinect1_rgb_optical_frame,0.07777333333333332,0.12455428571428573,0.614
1789385982,710468887,kinect1_rgb_optical_frame,0.07672857142857142,0.12592857142857142,0.615
1789385982,821454611,kinect1_rgb_optical_frame,0.07462761904761904,0.12516285714285713,0.617
1789385982,929236225,kinect1_rgb_optical_frame,0.07004,0.11712571428571429,0.618
1789385983,37147452,kinect1_rgb_optical_frame,0.0608,0.10944,0.608
1789385983,144684060,kinect1_rgb_optical_frame,0.04476666666666666,0.09689999999999999,0.595
1789385983,251917179,kinect1_rgb_optical_frame,0.025693333333333332,0.08254666666666666,0.574
1789385983,357717134,kinect1_rgb_optical_frame,0.006945714285714287,0.07960857142857145,0.561
1789385983,466688145,kinect1_rgb_optical_frame,-0.002604761904761905,0.07762190476190477,0.547
1789385983,574591601,kinect1_rgb_optical_frame,-0.006574285714285715,0.07130571428571429,0.531
1789385983,677570964,kinect1_rgb_optical_frame,-0.0103,0.06523333333333334,0.515
1789385983,781922203,kinect1_rgb_optical_frame,-0.013864761904761904,0.05880571428571429,0.502
1789385983,886927083,kinect1_rgb_optical_frame,-0.017196190476190476,0.047870476190476186,0.488
1789385984,447144,kinect1_rgb_optical_frame,-0.02221333333333333,0.039439999999999996,0.476
1789385984,108929601,kinect1_rgb_optical_frame,-0.026956190476190477,0.03049142857142857,0.464
1789385984,213305991,kinect1_rgb_optical_frame,-0.03142476190476191,0.021093333333333332,0.452
1789385989,841405209,kinect1_rgb_optical_frame,-0.025038095238095238,0.03869523809523809,0.478
1789385989,955458922,kinect1_rgb_optical_frame,-0.02600285714285714,0.03968857142857143,0.479
1789385990,61683892,kinect1_rgb_optical_frame,-0.026057142857142855,0.03977142857142857,0.48
1789385990,168524874,kinect1_rgb_optical_frame,-0.02600285714285714,0.04060095238095238,0.479
1789385990,306643078,kinect1_rgb_optical_frame,-0.02611142857142857,0.04077047619047619,0.481
1789385990,415345165,kinect1_rgb_optical_frame,-0.025247619047619047,0.04085523809523809,0.482
1789385990,524939361,kinect1_rgb_optical_frame,-0.024228571428571426,0.04068571428571428,0.48
1789385990,633244653,kinect1_rgb_optical_frame,-0.02144095238095238,0.04060095238095238,0.479
1789385990,756549442,kinect1_rgb_optical_frame,-0.018820952380952383,0.04085523809523809,0.482
1789385990,878106366,kinect1_rgb_optical_frame,-0.018014285714285712,0.04480476190476191,0.485
1789385990,987629301,kinect1_rgb_optical_frame,-0.018125714285714287,0.04601142857142857,0.488
1789385991,106287513,kinect1_rgb_optical_frame,-0.01853428571428571,0.04799904761904762,0.499
1789385991,213747463,kinect1_rgb_optical_frame,-0.017724761904761906,0.0503,0.503
1789385991,320097071,kinect1_rgb_optical_frame,-0.016900000000000002,0.05263142857142857,0.507
1789385991,428229238,kinect1_rgb_optical_frame,-0.016059999999999998,0.054020000000000006,0.511
1789385991,535555652,kinect1_rgb_optical_frame,-0.015116190476190476,0.05315047619047619,0.512
1789385991,644052623,kinect1_rgb_optical_frame,-0.012142857142857143,0.05197142857142857,0.51
1789385991,751159235,kinect1_rgb_optical_frame,-0.008192380952380953,0.051563809523809526,0.506
1789385991,864429979,kinect1_rgb_optical_frame,-0.0033266666666666666,0.04894952380952381,0.499
1789385991,974845459,kinect1_rgb_optical_frame,0.00328,0.046388571428571425,0.492
1789385992,80428293,kinect1_rgb_optical_frame,0.00786857142857143,0.04489714285714285,0.486
1789385992,189235056,kinect1_rgb_optical_frame,0.011476190476190475,0.044527619047619045,0.482
1789385992,295322482,kinect1_rgb_optical_frame,0.011357142857142856,0.044065714285714284,0.477
1789385992,433881117,kinect1_rgb_optical_frame,0.008522857142857143,0.03992285714285714,0.471
1789385992,543591429,kinect1_rgb_optical_frame,0.004881904761904763,0.03506095238095238,0.466
1789386006,731717449,kinect1_rgb_optical_frame,-0.059391428571428574,0.059391428571428574,0.507
1789386006,847755294,kinect1_rgb_optical_frame,-0.06202380952380952,0.06599333333333333,0.521
1789386006,954306602,kinect1_rgb_optical_frame,-0.06572857142857143,0.07184285714285714,0.535
1789386007,62761568,kinect1_rgb_optical_frame,-0.06812000000000001,0.07644,0.546
1789386007,169745398,kinect1_rgb_optical_frame,-0.07450190476190476,0.08755333333333333,0.571
1789386007,277360838,kinect1_rgb_optical_frame,-0.07765714285714286,0.10526857142857142,0.604
1789386007,384205269,kinect1_rgb_optical_frame,-0.06844571428571428,0.13022857142857144,0.636
1789386007,496356774,kinect1_rgb_optical_frame,-0.056073333333333336,0.14603714285714287,0.647
1789386007,603600106,kinect1_rgb_optical_frame,-0.0473,0.15295714285714287,0.645
1789386007,710456589,kinect1_rgb_optical_frame,-0.046860000000000006,0.1491,0.639
1789386007,817056106,kinect1_rgb_optical_frame,-0.048445714285714286,0.1345714285714286,0.628
1789386007,926303394,kinect1_rgb_optical_frame,-0.04709904761904762,0.12102666666666667,0.626
1789386008,36081092,kinect1_rgb_optical_frame,-0.0494047619047619,0.1125,0.625
1789386008,143507411,kinect1_rgb_optical_frame,-0.05562285714285715,0.11184380952380953,0.628
1789386008,252136727,kinect1_rgb_optical_frame,-0.06987619047619048,0.10754857142857142,0.638
1789386008,358874461,kinect1_rgb_optical_frame,-0.07984761904761906,0.11276190476190477,0.64
1789386008,468796708,kinect1_rgb_optical_frame,-0.08797904761904762,0.11258857142857143,0.646
1789386008,575645364,kinect1_rgb_optical_frame,-0.0881152380952381,0.11276285714285715,0.647
1789386008,682209115,kinect1_rgb_optical_frame,-0.08208,0.11046857142857143,0.648
1789386008,790491728,kinect1_rgb_optical_frame,-0.07714285714285714,0.11293714285714286,0.648
1789386008,897437940,kinect1_rgb_optical_frame,-0.07614285714285715,0.11823809523809524,0.65
1789386009,5077470,kinect1_rgb_optical_frame,-0.07320857142857143,0.12201428571428573,0.657
1789386009,113003501,kinect1_rgb_optical_frame,-0.07354285714285715,0.12382857142857144,0.66
1789386009,220628071,kinect1_rgb_optical_frame,-0.07387714285714285,0.12691714285714287,0.663
1789386009,326714942,kinect1_rgb_optical_frame,-0.07283333333333335,0.12730000000000002,0.665
1789386009,435027593,kinect1_rgb_optical_frame,-0.07167428571428572,0.12622285714285716,0.666
1789386009,541894399,kinect1_rgb_optical_frame,-0.07156666666666668,0.12603333333333333,0.665
1789386009,647481591,kinect1_rgb_optical_frame,-0.0703,0.12603333333333333,0.665
1789386009,754993599,kinect1_rgb_optical_frame,-0.07135142857142857,0.12565428571428572,0.663
1789386009,865336066,kinect1_rgb_optical_frame,-0.07261428571428571,0.12565428571428572,0.663
1789386009,971624056,kinect1_rgb_optical_frame,-0.0723952380952381,0.12779333333333331,0.661
1789386010,87456708,kinect1_rgb_optical_frame,-0.07261428571428571,0.12691714285714287,0.663
1789386010,197324274,kinect1_rgb_optical_frame,-0.07124380952380951,0.1267257142857143,0.662
1789386010,307309234,kinect1_rgb_optical_frame,-0.06998285714285714,0.1267257142857143,0.662
1789386010,415399882,kinect1_rgb_optical_frame,-0.06998285714285714,0.1267257142857143,0.662
1789386010,523030688,kinect1_rgb_optical_frame,-0.06998285714285714,0.1267257142857143,0.662
1789386010,629896596,kinect1_rgb_optical_frame,-0.06987714285714286,0.12779333333333331,0.661
1789386010,736594480,kinect1_rgb_optical_frame,-0.06998285714285714,0.1267257142857143,0.662
1789386010,846734731,kinect1_rgb_optical_frame,-0.06872190476190476,0.1267257142857143,0.662
1789386010,959476253,kinect1_rgb_optical_frame,-0.06756285714285715,0.12818,0.663
1789386011,70303226,kinect1_rgb_optical_frame,-0.0665,0.12856666666666666,0.665
1789386011,182620808,kinect1_rgb_optical_frame,-0.0665,0.12856666666666666,0.665
1789386011,292389226,kinect1_rgb_optical_frame,-0.0665,0.12856666666666666,0.665
1789386011,400556222,kinect1_rgb_optical_frame,-0.06503714285714286,0.12818,0.663
1789386011,513908911,kinect1_rgb_optical_frame,-0.06377428571428573,0.1307057142857143,0.663
1789386011,622128027,kinect1_rgb_optical_frame,-0.06493904761904763,0.12924761904761906,0.662
1789386011,731069900,kinect1_rgb_optical_frame,-0.06620000000000001,0.13050857142857145,0.662
1789386011,838839761,kinect1_rgb_optical_frame,-0.0661,0.13031142857142858,0.661
1789386011,947768248,kinect1_rgb_optical_frame,-0.06484095238095237,0.12779333333333331,0.661
1789386012,56152450,kinect1_rgb_optical_frame,-0.07102857142857143,0.12634285714285715,0.66
1789386012,163605604,kinect1_rgb_optical_frame,-0.08108571428571429,0.12257142857142858,0.66
1789386012,272672840,kinect1_rgb_optical_frame,-0.08763619047619048,0.12168190476190477,0.662
1789386012,382224387,kinect1_rgb_optical_frame,-0.08650571428571428,0.12186571428571429,0.663
1789386012,492465298,kinect1_rgb_optical_frame,-0.08624476190476191,0.12275714285714287,0.661
1789386012,599706537,kinect1_rgb_optical_frame,-0.08763619047619048,0.12168190476190477,0.662
1789386012,708399643,kinect1_rgb_optical_frame,-0.08624476190476191,0.12275714285714287,0.661
1789386012,816155427,kinect1_rgb_optical_frame,-0.08372666666666667,0.12275714285714287,0.661
1789386012,927888608,kinect1_rgb_optical_frame,-0.08234285714285715,0.12634285714285715,0.66
1789386013,40568630,kinect1_rgb_optical_frame,-0.07982857142857143,0.12760000000000002,0.66
1789386013,149720888,kinect1_rgb_optical_frame,-0.07743142857142857,0.12905238095238095,0.661
1789386013,256760654,kinect1_rgb_optical_frame,-0.07387714285714285,0.12944285714285717,0.663
1789386013,363234057,kinect1_rgb_optical_frame,-0.07156666666666668,0.12730000000000002,0.665
1789386013,474289742,kinect1_rgb_optical_frame,-0.06913714285714287,0.12495428571428571,0.666
1789386013,580369113,kinect1_rgb_optical_frame,-0.0666,0.12368571428571429,0.666
1789386013,687759133,kinect1_rgb_optical_frame,-0.06251142857142857,0.12439142857142858,0.663
1789386013,802182665,kinect1_rgb_optical_frame,-0.06251142857142857,0.12691714285714287,0.663
1789386013,910838136,kinect1_rgb_optical_frame,-0.06251142857142857,0.12691714285714287,0.663
1789386014,20041218,kinect1_rgb_optical_frame,-0.06377428571428573,0.12818,0.663
1789386014,127147259,kinect1_rgb_optical_frame,-0.06493904761904763,0.12924761904761906,0.662
1789386014,237175849,kinect1_rgb_optical_frame,-0.06630000000000001,0.12818,0.663
1789386014,344558293,kinect1_rgb_optical_frame,-0.06620000000000001,0.12798666666666667,0.662
1789386014,452329323,kinect1_rgb_optical_frame,-0.06735904761904762,0.12779333333333331,0.661
1789386014,559757846,kinect1_rgb_optical_frame,-0.07124380952380951,0.12420380952380954,0.662
1789386014,669957752,kinect1_rgb_optical_frame,-0.0737657142857143,0.12420380952380954,0.662
1789386014,782035247,kinect1_rgb_optical_frame,-0.07491333333333335,0.12401619047619049,0.661
1789386014,888426183,kinect1_rgb_optical_frame,-0.07628761904761905,0.12294285714285715,0.662
1789386014,994343561,kinect1_rgb_optical_frame,-0.07617238095238096,0.12275714285714287,0.661
1789386015,100688351,kinect1_rgb_optical_frame,-0.07491333333333335,0.12275714285714287,0.661
1789386015,205745709,kinect1_rgb_optical_frame,-0.07628761904761905,0.12294285714285715,0.662
1789386015,312090603,kinect1_rgb_optical_frame,-0.07640285714285715,0.12186571428571429,0.663
1789386015,420175837,kinect1_rgb_optical_frame,-0.07994952380952382,0.12149809523809524,0.661
1789386015,525631125,kinect1_rgb_optical_frame,-0.08108571428571429,0.12131428571428572,0.66
1789386015,631474066,kinect1_rgb_optical_frame,-0.08084000000000001,0.1222,0.658
1789386015,738733526,kinect1_rgb_optical_frame,-0.08108571428571429,0.12131428571428572,0.66
1789386015,844701064,kinect1_rgb_optical_frame,-0.07958666666666667,0.12094666666666666,0.658
1789386015,951579162,kinect1_rgb_optical_frame,-0.08108571428571429,0.12005714285714286,0.66
1789386016,57265566,kinect1_rgb_optical_frame,-0.08184380952380953,0.12057904761904763,0.656
1789386016,172079293,kinect1_rgb_optical_frame,-0.08184380952380953,0.12057904761904763,0.656
1789386016,280777381,kinect1_rgb_optical_frame,-0.08322,0.12076285714285714,0.657
1789386016,389308372,kinect1_rgb_optical_frame,-0.08372666666666667,0.12023904761904762,0.661
1789386016,496593764,kinect1_rgb_optical_frame,-0.08485714285714287,0.12005714285714286,0.66
1789386016,604014096,kinect1_rgb_optical_frame,-0.0846,0.11969333333333335,0.658
1789386016,710918048,kinect1_rgb_optical_frame,-0.08322,0.12076285714285714,0.657
1789386016,819851326,kinect1_rgb_optical_frame,-0.08309333333333334,0.12182857142857142,0.656
1789386016,925664901,kinect1_rgb_optical_frame,-0.08296666666666667,0.12164285714285715,0.655
1789386017,47388551,kinect1_rgb_optical_frame,-0.08421428571428571,0.12164285714285715,0.655
1789386017,156204628,kinect1_rgb_optical_frame,-0.08421428571428571,0.12164285714285715,0.655
1789386017,261630766,kinect1_rgb_optical_frame,-0.08546190476190477,0.12164285714285715,0.655
1789386017,368877732,kinect1_rgb_optical_frame,-0.0867095238095238,0.12164285714285715,0.655
1789386017,478529841,kinect1_rgb_optical_frame,-0.08768857142857144,0.12002761904761906,0.653
1789386017,583191345,kinect1_rgb_optical_frame,-0.08893238095238096,0.12002761904761906,0.653
1789386017,685467066,kinect1_rgb_optical_frame,-0.08879619047619049,0.11984380952380952,0.652
1789386017,791692255,kinect1_rgb_optical_frame,-0.08893238095238096,0.12002761904761906,0.653
1789386017,898665689,kinect1_rgb_optical_frame,-0.09003809523809525,0.11984380952380952,0.652
1789386018,8962833,kinect1_rgb_optical_frame,-0.08893238095238096,0.12002761904761906,0.653
1789386018,117265881,kinect1_rgb_optical_frame,-0.09003809523809525,0.11984380952380952,0.652
1789386018,225970221,kinect1_rgb_optical_frame,-0.08879619047619049,0.11984380952380952,0.652
1789386018,334726238,kinect1_rgb_optical_frame,-0.09003809523809525,0.11984380952380952,0.652
1789386018,446994554,kinect1_rgb_optical_frame,-0.08893238095238096,0.12002761904761906,0.653
1789386018,555291880,kinect1_rgb_optical_frame,-0.08920476190476191,0.11914761904761906,0.655
1789386018,658874781,kinect1_rgb_optical_frame,-0.09045238095238096,0.11914761904761906,0.655
1789386018,765943472,kinect1_rgb_optical_frame,-0.09198,0.12076285714285714,0.657
1789386018,874544027,kinect1_rgb_optical_frame,-0.0905904761904762,0.11932952380952382,0.656
1789386018,985004413,kinect1_rgb_optical_frame,-0.0917,0.1203952380952381,0.655
1789386019,92009685,kinect1_rgb_optical_frame,-0.09337333333333334,0.11844,0.658
1789386019,200720312,kinect1_rgb_optical_frame,-0.09323142857142858,0.11951142857142857,0.657
1789386019,314204157,kinect1_rgb_optical_frame,-0.09198,0.11951142857142857,0.657
1789386019,422712637,kinect1_rgb_optical_frame,-0.09198,0.11951142857142857,0.657
1789386019,529377818,kinect1_rgb_optical_frame,-0.09198,0.11951142857142857,0.657
1789386019,641819020,kinect1_rgb_optical_frame,-0.09184,0.11932952380952382,0.656
1789386019,753779628,kinect1_rgb_optical_frame,-0.09212,0.11844,0.658
1789386019,861839847,kinect1_rgb_optical_frame,-0.09212,0.11969333333333335,0.658
1789386019,972765985,kinect1_rgb_optical_frame,-0.09323142857142858,0.11951142857142857,0.657
1789386020,83742029,kinect1_rgb_optical_frame,-0.09337333333333334,0.11969333333333335,0.658
1789386020,194047503,kinect1_rgb_optical_frame,-0.09184,0.11932952380952382,0.656
1789386020,305673018,kinect1_rgb_optical_frame,-0.09294761904761904,0.11914761904761906,0.655
1789386020,415849620,kinect1_rgb_optical_frame,-0.09184,0.11932952380952382,0.656
1789386020,524989904,kinect1_rgb_optical_frame,-0.09017619047619048,0.12002761904761906,0.653
1789386020,632062340,kinect1_rgb_optical_frame,-0.07958666666666667,0.11718666666666668,0.658
1789386020,737541587,kinect1_rgb_optical_frame,-0.06746095238095239,0.11663809523809525,0.662
1789386020,843973972,kinect1_rgb_optical_frame,-0.060166666666666674,0.1197,0.665
1789386020,988980893,kinect1_rgb_optical_frame,-0.054400000000000004,0.12480000000000002,0.672
1789386021,119662085,kinect1_rgb_optical_frame,-0.05335714285714286,0.12921428571428573,0.675
1789386021,240110311,kinect1_rgb_optical_frame,-0.052071428571428574,0.13178571428571428,0.675
1789386021,353084782,kinect1_rgb_optical_frame,-0.05086095238095238,0.13069333333333333,0.676
1789386021,468337886,kinect1_rgb_optical_frame,-0.05086095238095238,0.13069333333333333,0.676
1789386021,578976536,kinect1_rgb_optical_frame,-0.05078571428571429,0.13178571428571428,0.675
1789386021,690906235,kinect1_rgb_optical_frame,-0.052071428571428574,0.1305,0.675
1789386021,799623277,kinect1_rgb_optical_frame,-0.05343619047619048,0.1294057142857143,0.676
1789386021,908257335,kinect1_rgb_optical_frame,-0.05335714285714286,0.13178571428571428,0.675
1789386022,15343661,kinect1_rgb_optical_frame,-0.053278095238095236,0.13287428571428572,0.674
1789386022,129846922,kinect1_rgb_optical_frame,-0.05335714285714286,0.1330714285714286,0.675
1789386022,238328103,kinect1_rgb_optical_frame,-0.05335714285714286,0.13435714285714287,0.675
1789386022,348520898,kinect1_rgb_optical_frame,-0.05335714285714286,0.13564285714285715,0.675
1789386022,458408575,kinect1_rgb_optical_frame,-0.052071428571428574,0.13692857142857143,0.675
1789386022,564841099,kinect1_rgb_optical_frame,-0.050710476190476195,0.13929333333333335,0.674
1789386022,671572217,kinect1_rgb_optical_frame,-0.04928,0.14016,0.672
1789386022,788914241,kinect1_rgb_optical_frame,-0.05056,0.14272,0.672
1789386022,898893795,kinect1_rgb_optical_frame,-0.05456190476190477,0.1431447619047619,0.674
1789386023,9021924,kinect1_rgb_optical_frame,-0.0585,0.1407857142857143,0.675
1789386023,118650855,kinect1_rgb_optical_frame,-0.060051428571428575,0.14012,0.678
1789386023,227546653,kinect1_rgb_optical_frame,-0.060140000000000006,0.14032666666666668,0.679
1789386023,336948317,kinect1_rgb_optical_frame,-0.06134285714285715,0.13882857142857144,0.678
1789386023,445647290,kinect1_rgb_optical_frame,-0.06143333333333334,0.14032666666666668,0.679
1789386023,553918703,kinect1_rgb_optical_frame,-0.06272666666666667,0.13903333333333334,0.679
1789386023,661125755,kinect1_rgb_optical_frame,-0.06272666666666667,0.13903333333333334,0.679
1789386023,769801539,kinect1_rgb_optical_frame,-0.05910666666666667,0.13834857142857146,0.682
1789386023,883340765,kinect1_rgb_optical_frame,-0.056342857142857146,0.13923809523809524,0.68
1789386023,993902890,kinect1_rgb_optical_frame,-0.056342857142857146,0.13923809523809524,0.68
1789386024,104573538,kinect1_rgb_optical_frame,-0.056260000000000004,0.13903333333333334,0.679
1789386024,216003390,kinect1_rgb_optical_frame,-0.05763809523809524,0.13794285714285714,0.68
1789386024,325322102,kinect1_rgb_optical_frame,-0.05893333333333334,0.13664761904761907,0.68
1789386024,434135298,kinect1_rgb_optical_frame,-0.060051428571428575,0.13882857142857144,0.678
1789386024,544475390,kinect1_rgb_optical_frame,-0.060051428571428575,0.13753714285714289,0.678
1789386024,659036995,kinect1_rgb_optical_frame,-0.05987428571428571,0.13713142857142857,0.676
1789386024,770713864,kinect1_rgb_optical_frame,-0.05729904761904762,0.13713142857142857,0.676
1789386024,878072312,kinect1_rgb_optical_frame,-0.05488571428571429,0.13753714285714289,0.678
1789386024,986284365,kinect1_rgb_optical_frame,-0.05367333333333334,0.13903333333333334,0.679
1789386025,94150803,kinect1_rgb_optical_frame,-0.05391047619047619,0.13834857142857146,0.682
1789386025,201609259,kinect1_rgb_optical_frame,-0.05245714285714286,0.13794285714285714,0.68
1789386025,307788211,kinect1_rgb_optical_frame,-0.05131238095238096,0.13834857142857146,0.682
1789386025,418955615,kinect1_rgb_optical_frame,-0.05261142857142857,0.13964761904761908,0.682
1789386025,529733419,kinect1_rgb_optical_frame,-0.05116190476190477,0.13794285714285714,0.68
1789386025,643903936,kinect1_rgb_optical_frame,-0.05131238095238096,0.13964761904761908,0.682
1789386025,753058738,kinect1_rgb_optical_frame,-0.05131238095238096,0.13964761904761908,0.682
1789386025,861228794,kinect1_rgb_optical_frame,-0.05131238095238096,0.13964761904761908,0.682
1789386025,970197355,kinect1_rgb_optical_frame,-0.05116190476190477,0.13923809523809524,0.68
1789386026,78403963,kinect1_rgb_optical_frame,-0.05108666666666667,0.13903333333333334,0.679
1789386026,188277851,kinect1_rgb_optical_frame,-0.05238,0.14032666666666668,0.679
1789386026,294585462,kinect1_rgb_optical_frame,-0.05230285714285715,0.14141142857142858,0.678
1789386026,397683108,kinect1_rgb_optical_frame,-0.05359428571428571,0.14141142857142858,0.678
1789386026,503966565,kinect1_rgb_optical_frame,-0.05359428571428571,0.14141142857142858,0.678
1789386026,611556186,kinect1_rgb_optical_frame,-0.05464285714285715,0.1407857142857143,0.675
1789386026,719752470,kinect1_rgb_optical_frame,-0.05472380952380952,0.13970666666666667,0.676
1789386026,828544567,kinect1_rgb_optical_frame,-0.05359428571428571,0.14012,0.678
1789386026,939152402,kinect1_rgb_optical_frame,-0.05464285714285715,0.1407857142857143,0.675
1789386027,46252063,kinect1_rgb_optical_frame,-0.05464285714285715,0.1407857142857143,0.675
1789386027,154310548,kinect1_rgb_optical_frame,-0.055047619047619054,0.14053333333333334,0.68
1789386027,264650287,kinect1_rgb_optical_frame,-0.05496666666666667,0.14032666666666668,0.679
1789386027,375940192,kinect1_rgb_optical_frame,-0.05617714285714286,0.14012,0.678
1789386027,485156512,kinect1_rgb_optical_frame,-0.05763809523809524,0.13923809523809524,0.68
1789386027,595452110,kinect1_rgb_optical_frame,-0.05755333333333334,0.13903333333333334,0.679
1789386027,702175724,kinect1_rgb_optical_frame,-0.05755333333333334,0.14032666666666668,0.679
1789386027,810127971,kinect1_rgb_optical_frame,-0.05841333333333334,0.14057714285714287,0.674
1789386027,917321929,kinect1_rgb_optical_frame,-0.05969714285714286,0.14057714285714287,0.674
1789386028,24542929,kinect1_rgb_optical_frame,-0.05969714285714286,0.14057714285714287,0.674
1789386028,137146098,kinect1_rgb_optical_frame,-0.05824,0.13888,0.672
1789386028,245790383,kinect1_rgb_optical_frame,-0.05679047619047619,0.13846666666666668,0.67
1789386028,354364121,kinect1_rgb_optical_frame,-0.055265714285714286,0.13911714285714286,0.667
1789386028,461306374,kinect1_rgb_optical_frame,-0.053995238095238096,0.14038761904761907,0.667
1789386028,594089444,kinect1_rgb_optical_frame,-0.05391428571428572,0.14017714285714286,0.666
1789386028,701183050,kinect1_rgb_optical_frame,-0.05431904761904762,0.1399514285714286,0.671
1789386028,809465006,kinect1_rgb_optical_frame,-0.05230285714285715,0.13882857142857144,0.678
1789386028,917714558,kinect1_rgb_optical_frame,-0.05108666666666667,0.13774,0.679
1789386029,29656398,kinect1_rgb_optical_frame,-0.04986666666666667,0.13664761904761907,0.68
1789386029,138003391,kinect1_rgb_optical_frame,-0.05108666666666667,0.13774,0.679
1789386029,247443281,kinect1_rgb_optical_frame,-0.05367333333333334,0.13774,0.679
1789386029,356833131,kinect1_rgb_optical_frame,-0.05978571428571429,0.13564285714285715,0.675
1789386029,463875847,kinect1_rgb_optical_frame,-0.06709999999999999,0.1310047619047619,0.671
1789386029,570885290,kinect1_rgb_optical_frame,-0.07210476190476191,0.12825714285714288,0.67
1789386029,683421459,kinect1_rgb_optical_frame,-0.07582,0.12806571428571428,0.669
1789386029,790237444,kinect1_rgb_optical_frame,-0.07801714285714287,0.13129714285714286,0.666
1789386029,898962450,kinect1_rgb_optical_frame,-0.07421142857142858,0.13764,0.666
1789386030,6424618,kinect1_rgb_optical_frame,-0.06630000000000001,0.14459714285714287,0.663
1789386030,114426239,kinect1_rgb_optical_frame,-0.06106380952380953,0.14667904761904763,0.661
1789386030,222460497,kinect1_rgb_optical_frame,-0.04980761904761905,0.14690095238095238,0.662
1789386030,336530800,kinect1_rgb_optical_frame,-0.04243333333333333,0.14883333333333335,0.665
1789386030,449891074,kinect1_rgb_optical_frame,-0.03631714285714286,0.14972857142857143,0.669
1789386030,558970842,kinect1_rgb_optical_frame,-0.033819047619047624,0.1525047619047619,0.67
1789386030,666747769,kinect1_rgb_optical_frame,-0.03392,0.15296,0.672
1789386030,774585847,kinect1_rgb_optical_frame,-0.03776,0.15168,0.672
1789386030,883248561,kinect1_rgb_optical_frame,-0.04068000000000001,0.14141142857142858,0.678
1789386030,994291297,kinect1_rgb_optical_frame,-0.05108666666666667,0.13127333333333335,0.679
1789386031,102003595,kinect1_rgb_optical_frame,-0.0683,0.12554190476190477,0.683
1789386031,209987244,kinect1_rgb_optical_frame,-0.08613333333333334,0.1249904761904762,0.68
1789386031,317417218,kinect1_rgb_optical_frame,-0.09822190476190477,0.12554190476190477,0.683
1789386031,419909696,kinect1_rgb_optical_frame,-0.09879714285714286,0.12366000000000002,0.687
1789386031,526195702,kinect1_rgb_optical_frame,-0.09576,0.12181714285714287,0.684
1789386031,629778177,kinect1_rgb_optical_frame,-0.09041619047619048,0.12424095238095238,0.683
1789386031,739336397,kinect1_rgb_optical_frame,-0.08742857142857144,0.1236952380952381,0.68
1789386031,848999634,kinect1_rgb_optical_frame,-0.08483809523809525,0.1262857142857143,0.68
1789386031,959585347,kinect1_rgb_optical_frame,-0.08391142857142858,0.12554190476190477,0.683
1789386032,69870780,kinect1_rgb_optical_frame,-0.08224761904761904,0.1262857142857143,0.68
1789386032,180281055,kinect1_rgb_optical_frame,-0.08248952380952382,0.1279561904761905,0.682
1789386032,292716658,kinect1_rgb_optical_frame,-0.08248952380952382,0.12925523809523812,0.682
1789386032,400930990,kinect1_rgb_optical_frame,-0.08403428571428571,0.12702857142857146,0.684
1789386032,507505575,kinect1_rgb_optical_frame,-0.08428000000000001,0.1274,0.686
1789386032,610418828,kinect1_rgb_optical_frame,-0.08391142857142858,0.12814380952380955,0.683
1789386032,715759449,kinect1_rgb_optical_frame,-0.08261047619047619,0.12814380952380955,0.683
1789386032,817425957,kinect1_rgb_optical_frame,-0.08342000000000001,0.13127333333333335,0.679
1789386032,920770849,kinect1_rgb_optical_frame,-0.08329714285714286,0.13495428571428572,0.678
1789386033,24815824,kinect1_rgb_optical_frame,-0.08212666666666667,0.1325666666666667,0.679
1789386033,136435527,kinect1_rgb_optical_frame,-0.08212666666666667,0.13127333333333335,0.679
1789386033,243478410,kinect1_rgb_optical_frame,-0.08176380952380953,0.13326857142857143,0.676
1789386033,355529602,kinect1_rgb_optical_frame,-0.08071428571428571,0.13366285714285714,0.678
1789386033,460166184,kinect1_rgb_optical_frame,-0.08176380952380953,0.13584380952380953,0.676
1789386033,567429783,kinect1_rgb_optical_frame,-0.08200571428571429,0.13366285714285714,0.678
1789386033,674786776,kinect1_rgb_optical_frame,-0.07942285714285714,0.13108,0.678
1789386033,781828902,kinect1_rgb_optical_frame,-0.08047619047619048,0.13326857142857143,0.676
1789386033,901436471,kinect1_rgb_optical_frame,-0.08047619047619048,0.1345561904761905,0.676
1789386034,10272576,kinect1_rgb_optical_frame,-0.07684,0.13108,0.678
1789386034,118967680,kinect1_rgb_optical_frame,-0.07554857142857144,0.12849714285714287,0.678
1789386034,226892805,kinect1_rgb_optical_frame,-0.07907142857142857,0.1330714285714286,0.675
1789386034,334590362,kinect1_rgb_optical_frame,-0.07684,0.13108,0.678
1789386034,443607497,kinect1_rgb_optical_frame,-0.07684,0.13108,0.678
1789386034,550024001,kinect1_rgb_optical_frame,-0.07695333333333333,0.12998,0.679
1789386034,657568298,kinect1_rgb_optical_frame,-0.07577142857142857,0.13017142857142858,0.68
1789386034,763304761,kinect1_rgb_optical_frame,-0.07577142857142857,0.13017142857142858,0.68
1789386034,870626041,kinect1_rgb_optical_frame,-0.07554857142857144,0.13108,0.678
1789386034,980513537,kinect1_rgb_optical_frame,-0.07566,0.12998,0.679
1789386035,87923744,kinect1_rgb_optical_frame,-0.07554857142857144,0.13108,0.678
1789386035,194772456,kinect1_rgb_optical_frame,-0.07436666666666668,0.12998,0.679
1789386035,303710099,kinect1_rgb_optical_frame,-0.07436666666666668,0.12998,0.679
1789386035,411546783,kinect1_rgb_optical_frame,-0.07436666666666668,0.12998,0.679
1789386035,517703534,kinect1_rgb_optical_frame,-0.07436666666666668,0.12998,0.679
1789386035,624280870,kinect1_rgb_optical_frame,-0.07447619047619047,0.13017142857142858,0.68
1789386035,728867075,kinect1_rgb_optical_frame,-0.07436666666666668,0.12998,0.679
1789386035,833881225,kinect1_rgb_optical_frame,-0.07566,0.12998,0.679
1789386035,940327213,kinect1_rgb_optical_frame,-0.07425714285714285,0.12978857142857145,0.678
1789386036,52911295,kinect1_rgb_optical_frame,-0.07436666666666668,0.12998,0.679
1789386036,161556178,kinect1_rgb_optical_frame,-0.07566,0.13127333333333335,0.679
1789386036,269065752,kinect1_rgb_optical_frame,-0.07554857142857144,0.13108,0.678
1789386036,375277176,kinect1_rgb_optical_frame,-0.07554857142857144,0.13108,0.678
1789386036,481645246,kinect1_rgb_optical_frame,-0.07425714285714285,0.13237142857142858,0.678
1789386036,590688274,kinect1_rgb_optical_frame,-0.07296571428571429,0.13108,0.678
1789386036,698030474,kinect1_rgb_optical_frame,-0.07048666666666667,0.13127333333333335,0.679
1789386036,808334693,kinect1_rgb_optical_frame,-0.0682,0.13055428571428573,0.682
1789386036,912928735,kinect1_rgb_optical_frame,-0.06699904761904762,0.13204666666666667,0.683
1789386037,16873495,kinect1_rgb_optical_frame,-0.06449142857142857,0.13093714285714286,0.684
1789386037,123514304,kinect1_rgb_optical_frame,-0.06337333333333334,0.13001333333333334,0.686
1789386037,231362574,kinect1_rgb_optical_frame,-0.0617952380952381,0.13334761904761905,0.683
1789386037,342950173,kinect1_rgb_optical_frame,-0.060405714285714285,0.13834857142857146,0.682
1789386037,456070043,kinect1_rgb_optical_frame,-0.059280000000000006,0.13875428571428572,0.684
1789386037,567695166,kinect1_rgb_optical_frame,-0.05692285714285715,0.13805428571428574,0.687
1789386037,673963476,kinect1_rgb_optical_frame,-0.05593809523809523,0.13622571428571426,0.691
1789386037,785658582,kinect1_rgb_optical_frame,-0.05446380952380952,0.14108095238095236,0.689
1789386037,894980611,kinect1_rgb_optical_frame,-0.05268857142857144,0.1437552380952381,0.683
1789386038,7814164,kinect1_rgb_optical_frame,-0.05138761904761905,0.14505619047619048,0.683
1789386038,113276685,kinect1_rgb_optical_frame,-0.048785714285714286,0.14635714285714288,0.683
1789386038,222441103,kinect1_rgb_optical_frame,-0.05008666666666667,0.14635714285714288,0.683
1789386038,329473937,kinect1_rgb_optical_frame,-0.05016,0.14526857142857144,0.684
1789386038,433702217,kinect1_rgb_optical_frame,-0.05292,0.14569333333333334,0.686
1789386038,540523081,kinect1_rgb_optical_frame,-0.05315142857142857,0.14633047619047618,0.689
1789386038,646458360,kinect1_rgb_optical_frame,-0.05315142857142857,0.14501809523809522,0.689
1789386038,755702114,kinect1_rgb_optical_frame,-0.05315142857142857,0.14501809523809522,0.689
